date,id,name,event_name,selection_id,odd
2026-09-03,2664666606,Cubarsi Pau,Vítěz,25-WINNER_NWAY-a,30.0
2026-09-03,2591948514,Martinez Lautaro,Vítěz,25-WINNER_NWAY-a,150.0
2026-09-03,2591948506,Hakimi Achraf,Vítěz,25-WINNER_NWAY-a,200.0
2026-09-03,2591948507,Kane Harry,Vítěz,25-WINNER_NWAY-a,1.6
2026-09-03,2591948508,Vinicius Junior,Vítěz,25-WINNER_NWAY-a,100.0
2026-09-03,2591948509,Rice Declan,Vítěz,25-WINNER_NWAY-a,80.0
2026-09-03,2591948510,Kvaratskhelia Khvicha,Vítěz,25-WINNER_NWAY-a,12.0
2026-09-03,2591948512,Haaland Erling,Vítěz,25-WINNER_NWAY-a,40.0
2026-09-03,2591948513,Vitinha Ferreira Vitor,Vítěz,25-WINNER_NWAY-a,70.0
2026-09-03,2591948511,Messi Lionel,Vítěz,25-WINNER_NWAY-a,15.0
2026-09-03,2591948515,Olise Michael,Vítěz,25-WINNER_NWAY-a,22.0
2026-09-03,2591948519,Ronaldo Cristiano,Vítěz,25-WINNER_NWAY-a,500.0
2026-09-03,2591948516,Yamal Lamine,Vítěz,25-WINNER_NWAY-a,5.0
2026-09-03,2659741494,Bellingham Jude,Vítěz,25-WINNER_NWAY-a,25.0
2026-09-03,2623169588,Doue Desire,Vítěz,25-WINNER_NWAY-a,300.0
2026-09-03,2659741495,Rodrigo Hernandez,Vítěz,25-WINNER_NWAY-a,8.0
2026-09-03,2591948518,Mbappe Kylian,Vítěz,25-WINNER_NWAY-a,7.0
2026-09-03,2591948517,Dembele Ousmane,Vítěz,25-WINNER_NWAY-a,20.0
2026-09-01,2591948514,Martinez Lautaro,Vítěz,25-WINNER_NWAY-a,150.0
2026-09-01,2591948506,Hakimi Achraf,Vítěz,25-WINNER_NWAY-a,200.0
2026-09-01,2591948507,Kane Harry,Vítěz,25-WINNER_NWAY-a,1.7
2026-09-01,2591948508,Vinicius Junior,Vítěz,25-WINNER_NWAY-a,100.0
2026-09-01,2591948509,Rice Declan,Vítěz,25-WINNER_NWAY-a,80.0
2026-09-01,2591948510,Kvaratskhelia Khvicha,Vítěz,25-WINNER_NWAY-a,12.0
2026-09-01,2591948511,Messi Lionel,Vítěz,25-WINNER_NWAY-a,15.0
2026-09-01,2591948512,Haaland Erling,Vítěz,25-WINNER_NWAY-a,40.0
2026-09-01,2591948513,Vitinha Ferreira Vitor,Vítěz,25-WINNER_NWAY-a,70.0
2026-09-01,2623169588,Doue Desire,Vítěz,25-WINNER_NWAY-a,300.0
2026-09-01,2591948515,Olise Michael,Vítěz,25-WINNER_NWAY-a,22.0
2026-09-01,2659741494,Bellingham Jude,Vítěz,25-WINNER_NWAY-a,25.0
2026-09-01,2591948516,Yamal Lamine,Vítěz,25-WINNER_NWAY-a,5.0
2026-09-01,2659741495,Rodrigo Hernandez,Vítěz,25-WINNER_NWAY-a,8.0
2026-09-01,2664666606,Cubarsi Pau,Vítěz,25-WINNER_NWAY-a,30.0
2026-09-01,2591948519,Ronaldo Cristiano,Vítěz,25-WINNER_NWAY-a,500.0
2026-09-01,2591948518,Mbappe Kylian,Vítěz,25-WINNER_NWAY-a,7.0
2026-09-01,2591948517,Dembele Ousmane,Vítěz,25-WINNER_NWAY-a,20.0
2026-08-31,2591948515,Olise Michael,Vítěz,25-WINNER_NWAY-a,22.0
2026-08-31,2591948506,Hakimi Achraf,Vítěz,25-WINNER_NWAY-a,200.0
2026-08-31,2591948507,Kane Harry,Vítěz,25-WINNER_NWAY-a,1.7
2026-08-31,2591948508,Vinicius Junior,Vítěz,25-WINNER_NWAY-a,100.0
2026-08-31,2591948509,Rice Declan,Vítěz,25-WINNER_NWAY-a,80.0
2026-08-31,2591948510,Kvaratskhelia Khvicha,Vítěz,25-WINNER_NWAY-a,12.0
2026-08-31,2591948512,Haaland Erling,Vítěz,25-WINNER_NWAY-a,40.0
2026-08-31,2591948513,Vitinha Ferreira Vitor,Vítěz,25-WINNER_NWAY-a,70.0
2026-08-31,2591948514,Martinez Lautaro,Vítěz,25-WINNER_NWAY-a,150.0
2026-08-31,2591948511,Messi Lionel,Vítěz,25-WINNER_NWAY-a,15.0
2026-08-31,2591948516,Yamal Lamine,Vítěz,25-WINNER_NWAY-a,5.0
2026-08-31,2623169588,Doue Desire,Vítěz,25-WINNER_NWAY-a,300.0
2026-08-31,2659741495,Rodrigo Hernandez,Vítěz,25-WINNER_NWAY-a,8.0
2026-08-31,2659741494,Bellingham Jude,Vítěz,25-WINNER_NWAY-a,25.0
2026-08-31,2664666606,Cubarsi Pau,Vítěz,25-WINNER_NWAY-a,30.0
2026-08-31,2591948519,Ronaldo Cristiano,Vítěz,25-WINNER_NWAY-a,500.0
2026-08-31,2591948517,Dembele Ousmane,Vítěz,25-WINNER_NWAY-a,20.0
2026-08-31,2591948518,Mbappe Kylian,Vítěz,25-WINNER_NWAY-a,7.0
2026-08-30,2591948515,Olise Michael,Vítěz,25-WINNER_NWAY-a,22.0
2026-08-30,2591948507,Kane Harry,Vítěz,25-WINNER_NWAY-a,1.7
2026-08-30,2591948508,Vinicius Junior,Vítěz,25-WINNER_NWAY-a,100.0
2026-08-30,2591948509,Rice Declan,Vítěz,25-WINNER_NWAY-a,80.0
2026-08-30,2591948510,Kvaratskhelia Khvicha,Vítěz,25-WINNER_NWAY-a,12.0
2026-08-30,2591948511,Messi Lionel,Vítěz,25-WINNER_NWAY-a,15.0
2026-08-30,2591948512,Haaland Erling,Vítěz,25-WINNER_NWAY-a,40.0
2026-08-30,2591948513,Vitinha Ferreira Vitor,Vítěz,25-WINNER_NWAY-a,70.0
2026-08-30,2591948514,Martinez Lautaro,Vítěz,25-WINNER_NWAY-a,150.0
2026-08-30,2591948506,Hakimi Achraf,Vítěz,25-WINNER_NWAY-a,200.0
2026-08-30,2591948516,Yamal Lamine,Vítěz,25-WINNER_NWAY-a,5.0
2026-08-30,2591948518,Mbappe Kylian,Vítěz,25-WINNER_NWAY-a,7.0
2026-08-30,2591948519,Ronaldo Cristiano,Vítěz,25-WINNER_NWAY-a,500.0
2026-08-30,2623169588,Doue Desire,Vítěz,25-WINNER_NWAY-a,300.0
2026-08-30,2659741494,Bellingham Jude,Vítěz,25-WINNER_NWAY-a,25.0
2026-08-30,2659741495,Rodrigo Hernandez,Vítěz,25-WINNER_NWAY-a,8.0
2026-08-30,2664666606,Cubarsi Pau,Vítěz,25-WINNER_NWAY-a,30.0
2026-08-30,2591948517,Dembele Ousmane,Vítěz,25-WINNER_NWAY-a,20.0
2026-08-29,2591948510,Kvaratskhelia Khvicha,Vítěz,25-WINNER_NWAY-a,12.0
2026-08-29,2591948513,Vitinha Ferreira Vitor,Vítěz,25-WINNER_NWAY-a,70.0
2026-08-29,2591948512,Haaland Erling,Vítěz,25-WINNER_NWAY-a,40.0
2026-08-29,2591948511,Messi Lionel,Vítěz,25-WINNER_NWAY-a,15.0
2026-08-29,2591948506,Hakimi Achraf,Vítěz,25-WINNER_NWAY-a,200.0
2026-08-29,2591948509,Rice Declan,Vítěz,25-WINNER_NWAY-a,80.0
2026-08-29,2591948508,Vinicius Junior,Vítěz,25-WINNER_NWAY-a,100.0
2026-08-29,2591948507,Kane Harry,Vítěz,25-WINNER_NWAY-a,1.7
2026-08-29,2591948514,Martinez Lautaro,Vítěz,25-WINNER_NWAY-a,150.0
2026-08-29,2591948515,Olise Michael,Vítěz,25-WINNER_NWAY-a,22.0
2026-08-29,2591948516,Yamal Lamine,Vítěz,25-WINNER_NWAY-a,5.0
2026-08-29,2591948518,Mbappe Kylian,Vítěz,25-WINNER_NWAY-a,7.0
2026-08-29,2591948519,Ronaldo Cristiano,Vítěz,25-WINNER_NWAY-a,500.0
2026-08-29,2623169588,Doue Desire,Vítěz,25-WINNER_NWAY-a,300.0
2026-08-29,2659741494,Bellingham Jude,Vítěz,25-WINNER_NWAY-a,25.0
2026-08-29,2659741495,Rodrigo Hernandez,Vítěz,25-WINNER_NWAY-a,8.0
2026-08-29,2664666606,Cubarsi Pau,Vítěz,25-WINNER_NWAY-a,30.0
2026-08-29,2591948517,Dembele Ousmane,Vítěz,25-WINNER_NWAY-a,20.0
2026-08-28,2591948509,Rice Declan,Vítěz,25-WINNER_NWAY-a,80.0
2026-08-28,2591948513,Vitinha Ferreira Vitor,Vítěz,25-WINNER_NWAY-a,70.0
2026-08-28,2591948512,Haaland Erling,Vítěz,25-WINNER_NWAY-a,40.0
2026-08-28,2591948510,Kvaratskhelia Khvicha,Vítěz,25-WINNER_NWAY-a,12.0
2026-08-28,2591948515,Olise Michael,Vítěz,25-WINNER_NWAY-a,22.0
2026-08-28,2591948508,Vinicius Junior,Vítěz,25-WINNER_NWAY-a,100.0
2026-08-28,2591948507,Kane Harry,Vítěz,25-WINNER_NWAY-a,1.7
2026-08-28,2591948506,Hakimi Achraf,Vítěz,25-WINNER_NWAY-a,200.0
2026-08-28,2591948514,Martinez Lautaro,Vítěz,25-WINNER_NWAY-a,150.0
2026-08-28,2591948511,Messi Lionel,Vítěz,25-WINNER_NWAY-a,15.0
2026-08-28,2591948516,Yamal Lamine,Vítěz,25-WINNER_NWAY-a,5.0
2026-08-28,2623169588,Doue Desire,Vítěz,25-WINNER_NWAY-a,300.0
2026-08-28,2659741495,Rodrigo Hernandez,Vítěz,25-WINNER_NWAY-a,8.0
2026-08-28,2659741494,Bellingham Jude,Vítěz,25-WINNER_NWAY-a,25.0
2026-08-28,2664666606,Cubarsi Pau,Vítěz,25-WINNER_NWAY-a,30.0
2026-08-28,2591948519,Ronaldo Cristiano,Vítěz,25-WINNER_NWAY-a,500.0
2026-08-28,2591948517,Dembele Ousmane,Vítěz,25-WINNER_NWAY-a,20.0
2026-08-28,2591948518,Mbappe Kylian,Vítěz,25-WINNER_NWAY-a,7.0
2026-08-27,2591948515,Olise Michael,Vítěz,25-WINNER_NWAY-a,20.0
2026-08-27,2591948507,Kane Harry,Vítěz,25-WINNER_NWAY-a,1.75
2026-08-27,2591948508,Vinicius Junior,Vítěz,25-WINNER_NWAY-a,100.0
2026-08-27,2591948509,Rice Declan,Vítěz,25-WINNER_NWAY-a,80.0
2026-08-27,2591948510,Kvaratskhelia Khvicha,Vítěz,25-WINNER_NWAY-a,35.0
2026-08-27,2591948511,Messi Lionel,Vítěz,25-WINNER_NWAY-a,15.0
2026-08-27,2591948512,Haaland Erling,Vítěz,25-WINNER_NWAY-a,40.0
2026-08-27,2591948513,Vitinha Ferreira Vitor,Vítěz,25-WINNER_NWAY-a,60.0
2026-08-27,2591948514,Martinez Lautaro,Vítěz,25-WINNER_NWAY-a,150.0
2026-08-27,2591948506,Hakimi Achraf,Vítěz,25-WINNER_NWAY-a,200.0
2026-08-27,2591948516,Yamal Lamine,Vítěz,25-WINNER_NWAY-a,4.65
2026-08-27,2591948518,Mbappe Kylian,Vítěz,25-WINNER_NWAY-a,7.0
2026-08-27,2591948519,Ronaldo Cristiano,Vítěz,25-WINNER_NWAY-a,500.0
2026-08-27,2623169588,Doue Desire,Vítěz,25-WINNER_NWAY-a,300.0
2026-08-27,2659741494,Bellingham Jude,Vítěz,25-WINNER_NWAY-a,25.0
2026-08-27,2659741495,Rodrigo Hernandez,Vítěz,25-WINNER_NWAY-a,6.0
2026-08-27,2664666606,Cubarsi Pau,Vítěz,25-WINNER_NWAY-a,30.0
2026-08-27,2591948517,Dembele Ousmane,Vítěz,25-WINNER_NWAY-a,17.0
2026-08-26,2591948510,Kvaratskhelia Khvicha,Vítěz,25-WINNER_NWAY-a,35.0
2026-08-26,2591948513,Vitinha Ferreira Vitor,Vítěz,25-WINNER_NWAY-a,60.0
2026-08-26,2591948512,Haaland Erling,Vítěz,25-WINNER_NWAY-a,40.0
2026-08-26,2591948511,Messi Lionel,Vítěz,25-WINNER_NWAY-a,15.0
2026-08-26,2591948506,Hakimi Achraf,Vítěz,25-WINNER_NWAY-a,200.0
2026-08-26,2591948509,Rice Declan,Vítěz,25-WINNER_NWAY-a,80.0
2026-08-26,2591948508,Vinicius Junior,Vítěz,25-WINNER_NWAY-a,100.0
2026-08-26,2591948507,Kane Harry,Vítěz,25-WINNER_NWAY-a,1.8
2026-08-26,2591948514,Martinez Lautaro,Vítěz,25-WINNER_NWAY-a,150.0
2026-08-26,2591948515,Olise Michael,Vítěz,25-WINNER_NWAY-a,20.0
2026-08-26,2591948516,Yamal Lamine,Vítěz,25-WINNER_NWAY-a,4.5
2026-08-26,2591948518,Mbappe Kylian,Vítěz,25-WINNER_NWAY-a,7.0
2026-08-26,2591948519,Ronaldo Cristiano,Vítěz,25-WINNER_NWAY-a,500.0
2026-08-26,2623169588,Doue Desire,Vítěz,25-WINNER_NWAY-a,300.0
2026-08-26,2659741494,Bellingham Jude,Vítěz,25-WINNER_NWAY-a,25.0
2026-08-26,2659741495,Rodrigo Hernandez,Vítěz,25-WINNER_NWAY-a,6.0
2026-08-26,2664666606,Cubarsi Pau,Vítěz,25-WINNER_NWAY-a,30.0
2026-08-26,2591948517,Dembele Ousmane,Vítěz,25-WINNER_NWAY-a,17.0
2026-08-25,2591948510,Kvaratskhelia Khvicha,Vítěz,25-WINNER_NWAY-a,35.0
2026-08-25,2591948513,Vitinha Ferreira Vitor,Vítěz,25-WINNER_NWAY-a,60.0
2026-08-25,2591948512,Haaland Erling,Vítěz,25-WINNER_NWAY-a,40.0
2026-08-25,2591948511,Messi Lionel,Vítěz,25-WINNER_NWAY-a,15.0
2026-08-25,2591948506,Hakimi Achraf,Vítěz,25-WINNER_NWAY-a,200.0
2026-08-25,2591948509,Rice Declan,Vítěz,25-WINNER_NWAY-a,80.0
2026-08-25,2591948508,Vinicius Junior,Vítěz,25-WINNER_NWAY-a,100.0
2026-08-25,2591948507,Kane Harry,Vítěz,25-WINNER_NWAY-a,1.8
2026-08-25,2591948514,Martinez Lautaro,Vítěz,25-WINNER_NWAY-a,150.0
2026-08-25,2591948515,Olise Michael,Vítěz,25-WINNER_NWAY-a,20.0
2026-08-25,2591948516,Yamal Lamine,Vítěz,25-WINNER_NWAY-a,4.5
2026-08-25,2659741494,Bellingham Jude,Vítěz,25-WINNER_NWAY-a,25.0
2026-08-25,2664666606,Cubarsi Pau,Vítěz,25-WINNER_NWAY-a,30.0
2026-08-25,2659741495,Rodrigo Hernandez,Vítěz,25-WINNER_NWAY-a,6.0
2026-08-25,2591948517,Dembele Ousmane,Vítěz,25-WINNER_NWAY-a,17.0
2026-08-25,2623169588,Doue Desire,Vítěz,25-WINNER_NWAY-a,300.0
2026-08-25,2591948519,Ronaldo Cristiano,Vítěz,25-WINNER_NWAY-a,500.0
2026-08-25,2591948518,Mbappe Kylian,Vítěz,25-WINNER_NWAY-a,7.0
2026-08-24,2591948515,Olise Michael,Vítěz,25-WINNER_NWAY-a,20.0
2026-08-24,2591948507,Kane Harry,Vítěz,25-WINNER_NWAY-a,1.8
2026-08-24,2591948508,Vinicius Junior,Vítěz,25-WINNER_NWAY-a,100.0
2026-08-24,2591948509,Rice Declan,Vítěz,25-WINNER_NWAY-a,80.0
2026-08-24,2591948510,Kvaratskhelia Khvicha,Vítěz,25-WINNER_NWAY-a,35.0
2026-08-24,2591948511,Messi Lionel,Vítěz,25-WINNER_NWAY-a,15.0
2026-08-24,2591948512,Haaland Erling,Vítěz,25-WINNER_NWAY-a,40.0
2026-08-24,2591948513,Vitinha Ferreira Vitor,Vítěz,25-WINNER_NWAY-a,60.0
2026-08-24,2591948514,Martinez Lautaro,Vítěz,25-WINNER_NWAY-a,150.0
2026-08-24,2591948506,Hakimi Achraf,Vítěz,25-WINNER_NWAY-a,200.0
2026-08-24,2591948516,Yamal Lamine,Vítěz,25-WINNER_NWAY-a,4.5
2026-08-24,2591948518,Mbappe Kylian,Vítěz,25-WINNER_NWAY-a,7.0
2026-08-24,2591948519,Ronaldo Cristiano,Vítěz,25-WINNER_NWAY-a,500.0
2026-08-24,2623169588,Doue Desire,Vítěz,25-WINNER_NWAY-a,300.0
2026-08-24,2659741494,Bellingham Jude,Vítěz,25-WINNER_NWAY-a,25.0
2026-08-24,2659741495,Rodrigo Hernandez,Vítěz,25-WINNER_NWAY-a,6.0
2026-08-24,2664666606,Cubarsi Pau,Vítěz,25-WINNER_NWAY-a,30.0
2026-08-24,2591948517,Dembele Ousmane,Vítěz,25-WINNER_NWAY-a,17.0
2026-08-23,2591948510,Kvaratskhelia Khvicha,Vítěz,25-WINNER_NWAY-a,35.0
2026-08-23,2591948513,Vitinha Ferreira Vitor,Vítěz,25-WINNER_NWAY-a,60.0
2026-08-23,2591948512,Haaland Erling,Vítěz,25-WINNER_NWAY-a,40.0
2026-08-23,2591948511,Messi Lionel,Vítěz,25-WINNER_NWAY-a,15.0
2026-08-23,2591948506,Hakimi Achraf,Vítěz,25-WINNER_NWAY-a,200.0
2026-08-23,2591948509,Rice Declan,Vítěz,25-WINNER_NWAY-a,80.0
2026-08-23,2591948508,Vinicius Junior,Vítěz,25-WINNER_NWAY-a,100.0
2026-08-23,2591948507,Kane Harry,Vítěz,25-WINNER_NWAY-a,1.8
2026-08-23,2591948514,Martinez Lautaro,Vítěz,25-WINNER_NWAY-a,150.0
2026-08-23,2591948515,Olise Michael,Vítěz,25-WINNER_NWAY-a,20.0
2026-08-23,2591948516,Yamal Lamine,Vítěz,25-WINNER_NWAY-a,4.5
2026-08-23,2591948518,Mbappe Kylian,Vítěz,25-WINNER_NWAY-a,7.0
2026-08-23,2591948519,Ronaldo Cristiano,Vítěz,25-WINNER_NWAY-a,500.0
2026-08-23,2623169588,Doue Desire,Vítěz,25-WINNER_NWAY-a,300.0
2026-08-23,2659741494,Bellingham Jude,Vítěz,25-WINNER_NWAY-a,25.0
2026-08-23,2659741495,Rodrigo Hernandez,Vítěz,25-WINNER_NWAY-a,6.0
2026-08-23,2664666606,Cubarsi Pau,Vítěz,25-WINNER_NWAY-a,30.0
2026-08-23,2591948517,Dembele Ousmane,Vítěz,25-WINNER_NWAY-a,17.0
2026-08-22,2591948509,Rice Declan,Vítěz,25-WINNER_NWAY-a,80.0
2026-08-22,2591948513,Vitinha Ferreira Vitor,Vítěz,25-WINNER_NWAY-a,60.0
2026-08-22,2591948512,Haaland Erling,Vítěz,25-WINNER_NWAY-a,40.0
2026-08-22,2591948510,Kvaratskhelia Khvicha,Vítěz,25-WINNER_NWAY-a,35.0
2026-08-22,2591948515,Olise Michael,Vítěz,25-WINNER_NWAY-a,20.0
2026-08-22,2591948508,Vinicius Junior,Vítěz,25-WINNER_NWAY-a,100.0
2026-08-22,2591948507,Kane Harry,Vítěz,25-WINNER_NWAY-a,1.8
2026-08-22,2591948506,Hakimi Achraf,Vítěz,25-WINNER_NWAY-a,200.0
2026-08-22,2591948514,Martinez Lautaro,Vítěz,25-WINNER_NWAY-a,150.0
2026-08-22,2591948511,Messi Lionel,Vítěz,25-WINNER_NWAY-a,15.0
2026-08-22,2591948516,Yamal Lamine,Vítěz,25-WINNER_NWAY-a,4.5
2026-08-22,2623169588,Doue Desire,Vítěz,25-WINNER_NWAY-a,300.0
2026-08-22,2659741495,Rodrigo Hernandez,Vítěz,25-WINNER_NWAY-a,6.0
2026-08-22,2659741494,Bellingham Jude,Vítěz,25-WINNER_NWAY-a,25.0
2026-08-22,2664666606,Cubarsi Pau,Vítěz,25-WINNER_NWAY-a,30.0
2026-08-22,2591948519,Ronaldo Cristiano,Vítěz,25-WINNER_NWAY-a,500.0
2026-08-22,2591948517,Dembele Ousmane,Vítěz,25-WINNER_NWAY-a,17.0
2026-08-22,2591948518,Mbappe Kylian,Vítěz,25-WINNER_NWAY-a,7.0
2026-08-21,2591948515,Olise Michael,Vítěz,25-WINNER_NWAY-a,20.0
2026-08-21,2591948507,Kane Harry,Vítěz,25-WINNER_NWAY-a,1.8
2026-08-21,2591948508,Vinicius Junior,Vítěz,25-WINNER_NWAY-a,100.0
2026-08-21,2591948509,Rice Declan,Vítěz,25-WINNER_NWAY-a,80.0
2026-08-21,2591948510,Kvaratskhelia Khvicha,Vítěz,25-WINNER_NWAY-a,35.0
2026-08-21,2591948511,Messi Lionel,Vítěz,25-WINNER_NWAY-a,15.0
2026-08-21,2591948512,Haaland Erling,Vítěz,25-WINNER_NWAY-a,40.0
2026-08-21,2591948513,Vitinha Ferreira Vitor,Vítěz,25-WINNER_NWAY-a,60.0
2026-08-21,2591948514,Martinez Lautaro,Vítěz,25-WINNER_NWAY-a,150.0
2026-08-21,2591948506,Hakimi Achraf,Vítěz,25-WINNER_NWAY-a,200.0
2026-08-21,2591948516,Yamal Lamine,Vítěz,25-WINNER_NWAY-a,4.5
2026-08-21,2591948518,Mbappe Kylian,Vítěz,25-WINNER_NWAY-a,7.0
2026-08-21,2591948519,Ronaldo Cristiano,Vítěz,25-WINNER_NWAY-a,500.0
2026-08-21,2623169588,Doue Desire,Vítěz,25-WINNER_NWAY-a,300.0
2026-08-21,2659741494,Bellingham Jude,Vítěz,25-WINNER_NWAY-a,25.0
2026-08-21,2659741495,Rodrigo Hernandez,Vítěz,25-WINNER_NWAY-a,6.0
2026-08-21,2664666606,Cubarsi Pau,Vítěz,25-WINNER_NWAY-a,30.0
2026-08-21,2591948517,Dembele Ousmane,Vítěz,25-WINNER_NWAY-a,17.0
2026-08-20,2591948510,Kvaratskhelia Khvicha,Vítěz,25-WINNER_NWAY-a,35.0
2026-08-20,2591948513,Vitinha Ferreira Vitor,Vítěz,25-WINNER_NWAY-a,60.0
2026-08-20,2591948512,Haaland Erling,Vítěz,25-WINNER_NWAY-a,40.0
2026-08-20,2591948511,Messi Lionel,Vítěz,25-WINNER_NWAY-a,15.0
2026-08-20,2591948506,Hakimi Achraf,Vítěz,25-WINNER_NWAY-a,200.0
2026-08-20,2591948509,Rice Declan,Vítěz,25-WINNER_NWAY-a,80.0
2026-08-20,2591948508,Vinicius Junior,Vítěz,25-WINNER_NWAY-a,100.0
2026-08-20,2591948507,Kane Harry,Vítěz,25-WINNER_NWAY-a,1.8
2026-08-20,2591948514,Martinez Lautaro,Vítěz,25-WINNER_NWAY-a,150.0
2026-08-20,2591948515,Olise Michael,Vítěz,25-WINNER_NWAY-a,20.0
2026-08-20,2591948516,Yamal Lamine,Vítěz,25-WINNER_NWAY-a,4.5
2026-08-20,2591948518,Mbappe Kylian,Vítěz,25-WINNER_NWAY-a,7.0
2026-08-20,2591948519,Ronaldo Cristiano,Vítěz,25-WINNER_NWAY-a,500.0
2026-08-20,2623169588,Doue Desire,Vítěz,25-WINNER_NWAY-a,300.0
2026-08-20,2659741494,Bellingham Jude,Vítěz,25-WINNER_NWAY-a,25.0
2026-08-20,2659741495,Rodrigo Hernandez,Vítěz,25-WINNER_NWAY-a,6.0
2026-08-20,2664666606,Cubarsi Pau,Vítěz,25-WINNER_NWAY-a,30.0
2026-08-20,2591948517,Dembele Ousmane,Vítěz,25-WINNER_NWAY-a,17.0
2026-08-19,2591948510,Kvaratskhelia Khvicha,Vítěz,25-WINNER_NWAY-a,35.0
2026-08-19,2591948513,Vitinha Ferreira Vitor,Vítěz,25-WINNER_NWAY-a,60.0
2026-08-19,2591948512,Haaland Erling,Vítěz,25-WINNER_NWAY-a,40.0
2026-08-19,2591948511,Messi Lionel,Vítěz,25-WINNER_NWAY-a,15.0
2026-08-19,2591948506,Hakimi Achraf,Vítěz,25-WINNER_NWAY-a,200.0
2026-08-19,2591948509,Rice Declan,Vítěz,25-WINNER_NWAY-a,80.0
2026-08-19,2591948508,Vinicius Junior,Vítěz,25-WINNER_NWAY-a,100.0
2026-08-19,2591948507,Kane Harry,Vítěz,25-WINNER_NWAY-a,1.8
2026-08-19,2591948514,Martinez Lautaro,Vítěz,25-WINNER_NWAY-a,150.0
2026-08-19,2591948515,Olise Michael,Vítěz,25-WINNER_NWAY-a,20.0
2026-08-19,2591948516,Yamal Lamine,Vítěz,25-WINNER_NWAY-a,4.5
2026-08-19,2659741494,Bellingham Jude,Vítěz,25-WINNER_NWAY-a,25.0
2026-08-19,2664666606,Cubarsi Pau,Vítěz,25-WINNER_NWAY-a,30.0
2026-08-19,2659741495,Rodrigo Hernandez,Vítěz,25-WINNER_NWAY-a,6.0
2026-08-19,2591948517,Dembele Ousmane,Vítěz,25-WINNER_NWAY-a,17.0
2026-08-19,2623169588,Doue Desire,Vítěz,25-WINNER_NWAY-a,300.0
2026-08-19,2591948519,Ronaldo Cristiano,Vítěz,25-WINNER_NWAY-a,500.0
2026-08-19,2591948518,Mbappe Kylian,Vítěz,25-WINNER_NWAY-a,7.0
2026-08-18,2591948515,Olise Michael,Vítěz,25-WINNER_NWAY-a,20.0
2026-08-18,2591948507,Kane Harry,Vítěz,25-WINNER_NWAY-a,1.8
2026-08-18,2591948508,Vinicius Junior,Vítěz,25-WINNER_NWAY-a,100.0
2026-08-18,2591948509,Rice Declan,Vítěz,25-WINNER_NWAY-a,80.0
2026-08-18,2591948510,Kvaratskhelia Khvicha,Vítěz,25-WINNER_NWAY-a,35.0
2026-08-18,2591948511,Messi Lionel,Vítěz,25-WINNER_NWAY-a,15.0
2026-08-18,2591948512,Haaland Erling,Vítěz,25-WINNER_NWAY-a,40.0
2026-08-18,2591948513,Vitinha Ferreira Vitor,Vítěz,25-WINNER_NWAY-a,60.0
2026-08-18,2591948514,Martinez Lautaro,Vítěz,25-WINNER_NWAY-a,150.0
2026-08-18,2591948506,Hakimi Achraf,Vítěz,25-WINNER_NWAY-a,200.0
2026-08-18,2591948516,Yamal Lamine,Vítěz,25-WINNER_NWAY-a,4.5
2026-08-18,2591948518,Mbappe Kylian,Vítěz,25-WINNER_NWAY-a,7.0
2026-08-18,2591948519,Ronaldo Cristiano,Vítěz,25-WINNER_NWAY-a,500.0
2026-08-18,2623169588,Doue Desire,Vítěz,25-WINNER_NWAY-a,300.0
2026-08-18,2659741494,Bellingham Jude,Vítěz,25-WINNER_NWAY-a,25.0
2026-08-18,2659741495,Rodrigo Hernandez,Vítěz,25-WINNER_NWAY-a,6.0
2026-08-18,2664666606,Cubarsi Pau,Vítěz,25-WINNER_NWAY-a,30.0
2026-08-18,2591948517,Dembele Ousmane,Vítěz,25-WINNER_NWAY-a,17.0
2026-08-17,2591948510,Kvaratskhelia Khvicha,Vítěz,25-WINNER_NWAY-a,35.0
2026-08-17,2591948513,Vitinha Ferreira Vitor,Vítěz,25-WINNER_NWAY-a,60.0
2026-08-17,2591948512,Haaland Erling,Vítěz,25-WINNER_NWAY-a,40.0
2026-08-17,2591948511,Messi Lionel,Vítěz,25-WINNER_NWAY-a,15.0
2026-08-17,2591948506,Hakimi Achraf,Vítěz,25-WINNER_NWAY-a,200.0
2026-08-17,2591948509,Rice Declan,Vítěz,25-WINNER_NWAY-a,80.0
2026-08-17,2591948508,Vinicius Junior,Vítěz,25-WINNER_NWAY-a,100.0
2026-08-17,2591948507,Kane Harry,Vítěz,25-WINNER_NWAY-a,1.8
2026-08-17,2591948514,Martinez Lautaro,Vítěz,25-WINNER_NWAY-a,150.0
2026-08-17,2591948515,Olise Michael,Vítěz,25-WINNER_NWAY-a,20.0
2026-08-17,2591948516,Yamal Lamine,Vítěz,25-WINNER_NWAY-a,4.5
2026-08-17,2591948518,Mbappe Kylian,Vítěz,25-WINNER_NWAY-a,7.0
2026-08-17,2591948519,Ronaldo Cristiano,Vítěz,25-WINNER_NWAY-a,500.0
2026-08-17,2623169588,Doue Desire,Vítěz,25-WINNER_NWAY-a,300.0
2026-08-17,2659741494,Bellingham Jude,Vítěz,25-WINNER_NWAY-a,25.0
2026-08-17,2659741495,Rodrigo Hernandez,Vítěz,25-WINNER_NWAY-a,6.0
2026-08-17,2664666606,Cubarsi Pau,Vítěz,25-WINNER_NWAY-a,30.0
2026-08-17,2591948517,Dembele Ousmane,Vítěz,25-WINNER_NWAY-a,17.0
2026-08-16,2591948510,Kvaratskhelia Khvicha,Vítěz,25-WINNER_NWAY-a,35.0
2026-08-16,2591948513,Vitinha Ferreira Vitor,Vítěz,25-WINNER_NWAY-a,60.0
2026-08-16,2591948512,Haaland Erling,Vítěz,25-WINNER_NWAY-a,40.0
2026-08-16,2591948511,Messi Lionel,Vítěz,25-WINNER_NWAY-a,15.0
2026-08-16,2591948506,Hakimi Achraf,Vítěz,25-WINNER_NWAY-a,200.0
2026-08-16,2591948509,Rice Declan,Vítěz,25-WINNER_NWAY-a,80.0
2026-08-16,2591948508,Vinicius Junior,Vítěz,25-WINNER_NWAY-a,100.0
2026-08-16,2591948507,Kane Harry,Vítěz,25-WINNER_NWAY-a,1.8
2026-08-16,2591948514,Martinez Lautaro,Vítěz,25-WINNER_NWAY-a,150.0
2026-08-16,2591948515,Olise Michael,Vítěz,25-WINNER_NWAY-a,20.0
2026-08-16,2591948516,Yamal Lamine,Vítěz,25-WINNER_NWAY-a,4.166666666666667
2026-08-16,2659741494,Bellingham Jude,Vítěz,25-WINNER_NWAY-a,25.0
2026-08-16,2664666606,Cubarsi Pau,Vítěz,25-WINNER_NWAY-a,30.0
2026-08-16,2659741495,Rodrigo Hernandez,Vítěz,25-WINNER_NWAY-a,6.0
2026-08-16,2591948517,Dembele Ousmane,Vítěz,25-WINNER_NWAY-a,17.0
2026-08-16,2623169588,Doue Desire,Vítěz,25-WINNER_NWAY-a,300.0
2026-08-16,2591948519,Ronaldo Cristiano,Vítěz,25-WINNER_NWAY-a,366.6666666666667
2026-08-16,2591948518,Mbappe Kylian,Vítěz,25-WINNER_NWAY-a,7.0
2026-08-15,2591948515,Olise Michael,Vítěz,25-WINNER_NWAY-a,20.0
2026-08-15,2591948507,Kane Harry,Vítěz,25-WINNER_NWAY-a,1.8
2026-08-15,2591948508,Vinicius Junior,Vítěz,25-WINNER_NWAY-a,100.0
2026-08-15,2591948509,Rice Declan,Vítěz,25-WINNER_NWAY-a,80.0
2026-08-15,2591948510,Kvaratskhelia Khvicha,Vítěz,25-WINNER_NWAY-a,35.0
2026-08-15,2591948511,Messi Lionel,Vítěz,25-WINNER_NWAY-a,15.0
2026-08-15,2591948512,Haaland Erling,Vítěz,25-WINNER_NWAY-a,40.0
2026-08-15,2591948513,Vitinha Ferreira Vitor,Vítěz,25-WINNER_NWAY-a,60.0
2026-08-15,2591948514,Martinez Lautaro,Vítěz,25-WINNER_NWAY-a,150.0
2026-08-15,2591948506,Hakimi Achraf,Vítěz,25-WINNER_NWAY-a,200.0
2026-08-15,2591948516,Yamal Lamine,Vítěz,25-WINNER_NWAY-a,4.0
2026-08-15,2591948518,Mbappe Kylian,Vítěz,25-WINNER_NWAY-a,7.0
2026-08-15,2591948519,Ronaldo Cristiano,Vítěz,25-WINNER_NWAY-a,300.0
2026-08-15,2623169588,Doue Desire,Vítěz,25-WINNER_NWAY-a,300.0
2026-08-15,2659741494,Bellingham Jude,Vítěz,25-WINNER_NWAY-a,25.0
2026-08-15,2659741495,Rodrigo Hernandez,Vítěz,25-WINNER_NWAY-a,6.0
2026-08-15,2664666606,Cubarsi Pau,Vítěz,25-WINNER_NWAY-a,30.0
2026-08-15,2591948517,Dembele Ousmane,Vítěz,25-WINNER_NWAY-a,17.0
2026-08-14,2591948510,Kvaratskhelia Khvicha,Vítěz,25-WINNER_NWAY-a,35.0
2026-08-14,2591948513,Vitinha Ferreira Vitor,Vítěz,25-WINNER_NWAY-a,60.0
2026-08-14,2591948512,Haaland Erling,Vítěz,25-WINNER_NWAY-a,40.0
2026-08-14,2591948511,Messi Lionel,Vítěz,25-WINNER_NWAY-a,15.0
2026-08-14,2591948506,Hakimi Achraf,Vítěz,25-WINNER_NWAY-a,200.0
2026-08-14,2591948509,Rice Declan,Vítěz,25-WINNER_NWAY-a,80.0
2026-08-14,2591948508,Vinicius Junior,Vítěz,25-WINNER_NWAY-a,100.0
2026-08-14,2591948507,Kane Harry,Vítěz,25-WINNER_NWAY-a,1.8
2026-08-14,2591948514,Martinez Lautaro,Vítěz,25-WINNER_NWAY-a,150.0
2026-08-14,2591948515,Olise Michael,Vítěz,25-WINNER_NWAY-a,20.0
2026-08-14,2591948516,Yamal Lamine,Vítěz,25-WINNER_NWAY-a,4.0
2026-08-14,2591948518,Mbappe Kylian,Vítěz,25-WINNER_NWAY-a,7.0
2026-08-14,2591948519,Ronaldo Cristiano,Vítěz,25-WINNER_NWAY-a,300.0
2026-08-14,2623169588,Doue Desire,Vítěz,25-WINNER_NWAY-a,300.0
2026-08-14,2659741494,Bellingham Jude,Vítěz,25-WINNER_NWAY-a,25.0
2026-08-14,2659741495,Rodrigo Hernandez,Vítěz,25-WINNER_NWAY-a,6.0
2026-08-14,2664666606,Cubarsi Pau,Vítěz,25-WINNER_NWAY-a,30.0
2026-08-14,2591948517,Dembele Ousmane,Vítěz,25-WINNER_NWAY-a,17.0
2026-08-13,2591948510,Kvaratskhelia Khvicha,Vítěz,25-WINNER_NWAY-a,35.0
2026-08-13,2591948513,Vitinha Ferreira Vitor,Vítěz,25-WINNER_NWAY-a,60.0
2026-08-13,2591948512,Haaland Erling,Vítěz,25-WINNER_NWAY-a,40.0
2026-08-13,2591948511,Messi Lionel,Vítěz,25-WINNER_NWAY-a,15.0
2026-08-13,2591948506,Hakimi Achraf,Vítěz,25-WINNER_NWAY-a,200.0
2026-08-13,2591948509,Rice Declan,Vítěz,25-WINNER_NWAY-a,80.0
2026-08-13,2591948508,Vinicius Junior,Vítěz,25-WINNER_NWAY-a,100.0
2026-08-13,2591948507,Kane Harry,Vítěz,25-WINNER_NWAY-a,1.8
2026-08-13,2591948514,Martinez Lautaro,Vítěz,25-WINNER_NWAY-a,150.0
2026-08-13,2591948515,Olise Michael,Vítěz,25-WINNER_NWAY-a,20.0
2026-08-13,2591948516,Yamal Lamine,Vítěz,25-WINNER_NWAY-a,4.0
2026-08-13,2659741494,Bellingham Jude,Vítěz,25-WINNER_NWAY-a,25.0
2026-08-13,2664666606,Cubarsi Pau,Vítěz,25-WINNER_NWAY-a,30.0
2026-08-13,2659741495,Rodrigo Hernandez,Vítěz,25-WINNER_NWAY-a,6.0
2026-08-13,2591948517,Dembele Ousmane,Vítěz,25-WINNER_NWAY-a,17.0
2026-08-13,2623169588,Doue Desire,Vítěz,25-WINNER_NWAY-a,300.0
2026-08-13,2591948519,Ronaldo Cristiano,Vítěz,25-WINNER_NWAY-a,500.0
2026-08-13,2591948518,Mbappe Kylian,Vítěz,25-WINNER_NWAY-a,7.0
2026-08-12,2591948515,Olise Michael,Vítěz,25-WINNER_NWAY-a,20.0
2026-08-12,2591948507,Kane Harry,Vítěz,25-WINNER_NWAY-a,1.8
2026-08-12,2591948508,Vinicius Junior,Vítěz,25-WINNER_NWAY-a,100.0
2026-08-12,2591948509,Rice Declan,Vítěz,25-WINNER_NWAY-a,80.0
2026-08-12,2591948510,Kvaratskhelia Khvicha,Vítěz,25-WINNER_NWAY-a,35.0
2026-08-12,2591948511,Messi Lionel,Vítěz,25-WINNER_NWAY-a,16.0
2026-08-12,2591948512,Haaland Erling,Vítěz,25-WINNER_NWAY-a,40.0
2026-08-12,2591948513,Vitinha Ferreira Vitor,Vítěz,25-WINNER_NWAY-a,60.0
2026-08-12,2591948514,Martinez Lautaro,Vítěz,25-WINNER_NWAY-a,150.0
2026-08-12,2591948506,Hakimi Achraf,Vítěz,25-WINNER_NWAY-a,200.0
2026-08-12,2591948516,Yamal Lamine,Vítěz,25-WINNER_NWAY-a,4.0
2026-08-12,2591948518,Mbappe Kylian,Vítěz,25-WINNER_NWAY-a,7.0
2026-08-12,2591948519,Ronaldo Cristiano,Vítěz,25-WINNER_NWAY-a,500.0
2026-08-12,2623169588,Doue Desire,Vítěz,25-WINNER_NWAY-a,300.0
2026-08-12,2659741494,Bellingham Jude,Vítěz,25-WINNER_NWAY-a,25.0
2026-08-12,2659741495,Rodrigo Hernandez,Vítěz,25-WINNER_NWAY-a,6.0
2026-08-12,2664666606,Cubarsi Pau,Vítěz,25-WINNER_NWAY-a,30.0
2026-08-12,2591948517,Dembele Ousmane,Vítěz,25-WINNER_NWAY-a,17.0
2026-08-11,2591948510,Kvaratskhelia Khvicha,Vítěz,25-WINNER_NWAY-a,35.0
2026-08-11,2591948513,Vitinha Ferreira Vitor,Vítěz,25-WINNER_NWAY-a,60.0
2026-08-11,2591948512,Haaland Erling,Vítěz,25-WINNER_NWAY-a,40.0
2026-08-11,2591948511,Messi Lionel,Vítěz,25-WINNER_NWAY-a,16.0
2026-08-11,2591948506,Hakimi Achraf,Vítěz,25-WINNER_NWAY-a,200.0
2026-08-11,2591948509,Rice Declan,Vítěz,25-WINNER_NWAY-a,80.0
2026-08-11,2591948508,Vinicius Junior,Vítěz,25-WINNER_NWAY-a,100.0
2026-08-11,2591948507,Kane Harry,Vítěz,25-WINNER_NWAY-a,1.8
2026-08-11,2591948514,Martinez Lautaro,Vítěz,25-WINNER_NWAY-a,150.0
2026-08-11,2591948515,Olise Michael,Vítěz,25-WINNER_NWAY-a,20.0
2026-08-11,2591948516,Yamal Lamine,Vítěz,25-WINNER_NWAY-a,4.0
2026-08-11,2591948518,Mbappe Kylian,Vítěz,25-WINNER_NWAY-a,7.0
2026-08-11,2591948519,Ronaldo Cristiano,Vítěz,25-WINNER_NWAY-a,500.0
2026-08-11,2623169588,Doue Desire,Vítěz,25-WINNER_NWAY-a,300.0
2026-08-11,2659741494,Bellingham Jude,Vítěz,25-WINNER_NWAY-a,25.0
2026-08-11,2659741495,Rodrigo Hernandez,Vítěz,25-WINNER_NWAY-a,6.0
2026-08-11,2664666606,Cubarsi Pau,Vítěz,25-WINNER_NWAY-a,30.0
2026-08-11,2591948517,Dembele Ousmane,Vítěz,25-WINNER_NWAY-a,17.0
2026-08-10,2591948509,Rice Declan,Vítěz,25-WINNER_NWAY-a,80.0
2026-08-10,2591948512,Haaland Erling,Vítěz,25-WINNER_NWAY-a,40.0
2026-08-10,2591948511,Messi Lionel,Vítěz,25-WINNER_NWAY-a,15.666666666666666
2026-08-10,2591948510,Kvaratskhelia Khvicha,Vítěz,25-WINNER_NWAY-a,35.0
2026-08-10,2591948514,Martinez Lautaro,Vítěz,25-WINNER_NWAY-a,150.0
2026-08-10,2591948508,Vinicius Junior,Vítěz,25-WINNER_NWAY-a,100.0
2026-08-10,2591948507,Kane Harry,Vítěz,25-WINNER_NWAY-a,1.8166666666666667
2026-08-10,2591948506,Hakimi Achraf,Vítěz,25-WINNER_NWAY-a,200.0
2026-08-10,2591948513,Vitinha Ferreira Vitor,Vítěz,25-WINNER_NWAY-a,60.0
2026-08-10,2591948517,Dembele Ousmane,Vítěz,25-WINNER_NWAY-a,17.0
2026-08-10,2591948515,Olise Michael,Vítěz,25-WINNER_NWAY-a,20.0
2026-08-10,2623169588,Doue Desire,Vítěz,25-WINNER_NWAY-a,300.0
2026-08-10,2659741495,Rodrigo Hernandez,Vítěz,25-WINNER_NWAY-a,6.0
2026-08-10,2659741494,Bellingham Jude,Vítěz,25-WINNER_NWAY-a,25.0
2026-08-10,2664666606,Cubarsi Pau,Vítěz,25-WINNER_NWAY-a,30.0
2026-08-10,2591948519,Ronaldo Cristiano,Vítěz,25-WINNER_NWAY-a,500.0
2026-08-10,2591948518,Mbappe Kylian,Vítěz,25-WINNER_NWAY-a,7.0
2026-08-10,2591948516,Yamal Lamine,Vítěz,25-WINNER_NWAY-a,4.0
2026-08-09,2591948515,Olise Michael,Vítěz,25-WINNER_NWAY-a,20.0
2026-08-09,2591948507,Kane Harry,Vítěz,25-WINNER_NWAY-a,1.8500000000000003
2026-08-09,2591948508,Vinicius Junior,Vítěz,25-WINNER_NWAY-a,100.0
2026-08-09,2591948509,Rice Declan,Vítěz,25-WINNER_NWAY-a,80.0
2026-08-09,2591948510,Kvaratskhelia Khvicha,Vítěz,25-WINNER_NWAY-a,35.0
2026-08-09,2591948511,Messi Lionel,Vítěz,25-WINNER_NWAY-a,15.0
2026-08-09,2591948512,Haaland Erling,Vítěz,25-WINNER_NWAY-a,40.0
2026-08-09,2591948513,Vitinha Ferreira Vitor,Vítěz,25-WINNER_NWAY-a,60.0
2026-08-09,2591948514,Martinez Lautaro,Vítěz,25-WINNER_NWAY-a,150.0
2026-08-09,2591948506,Hakimi Achraf,Vítěz,25-WINNER_NWAY-a,200.0
2026-08-09,2591948516,Yamal Lamine,Vítěz,25-WINNER_NWAY-a,4.0
2026-08-09,2591948518,Mbappe Kylian,Vítěz,25-WINNER_NWAY-a,7.0
2026-08-09,2591948519,Ronaldo Cristiano,Vítěz,25-WINNER_NWAY-a,500.0
2026-08-09,2623169588,Doue Desire,Vítěz,25-WINNER_NWAY-a,300.0
2026-08-09,2659741494,Bellingham Jude,Vítěz,25-WINNER_NWAY-a,25.0
2026-08-09,2659741495,Rodrigo Hernandez,Vítěz,25-WINNER_NWAY-a,6.0
2026-08-09,2664666606,Cubarsi Pau,Vítěz,25-WINNER_NWAY-a,30.0
2026-08-09,2591948517,Dembele Ousmane,Vítěz,25-WINNER_NWAY-a,17.0
2026-08-08,2591948510,Kvaratskhelia Khvicha,Vítěz,25-WINNER_NWAY-a,35.0
2026-08-08,2591948513,Vitinha Ferreira Vitor,Vítěz,25-WINNER_NWAY-a,60.0
2026-08-08,2591948512,Haaland Erling,Vítěz,25-WINNER_NWAY-a,40.0
2026-08-08,2591948511,Messi Lionel,Vítěz,25-WINNER_NWAY-a,15.0
2026-08-08,2591948506,Hakimi Achraf,Vítěz,25-WINNER_NWAY-a,200.0
2026-08-08,2591948509,Rice Declan,Vítěz,25-WINNER_NWAY-a,80.0
2026-08-08,2591948508,Vinicius Junior,Vítěz,25-WINNER_NWAY-a,100.0
2026-08-08,2591948507,Kane Harry,Vítěz,25-WINNER_NWAY-a,1.8500000000000003
2026-08-08,2591948514,Martinez Lautaro,Vítěz,25-WINNER_NWAY-a,150.0
2026-08-08,2591948515,Olise Michael,Vítěz,25-WINNER_NWAY-a,20.0
2026-08-08,2591948516,Yamal Lamine,Vítěz,25-WINNER_NWAY-a,4.0
2026-08-08,2591948518,Mbappe Kylian,Vítěz,25-WINNER_NWAY-a,7.0
2026-08-08,2591948519,Ronaldo Cristiano,Vítěz,25-WINNER_NWAY-a,500.0
2026-08-08,2623169588,Doue Desire,Vítěz,25-WINNER_NWAY-a,300.0
2026-08-08,2659741494,Bellingham Jude,Vítěz,25-WINNER_NWAY-a,25.0
2026-08-08,2659741495,Rodrigo Hernandez,Vítěz,25-WINNER_NWAY-a,6.0
2026-08-08,2664666606,Cubarsi Pau,Vítěz,25-WINNER_NWAY-a,30.0
2026-08-08,2591948517,Dembele Ousmane,Vítěz,25-WINNER_NWAY-a,17.0
2026-08-07,2591948509,Rice Declan,Vítěz,25-WINNER_NWAY-a,80.0
2026-08-07,2591948512,Haaland Erling,Vítěz,25-WINNER_NWAY-a,40.0
2026-08-07,2591948511,Messi Lionel,Vítěz,25-WINNER_NWAY-a,15.0
2026-08-07,2591948510,Kvaratskhelia Khvicha,Vítěz,25-WINNER_NWAY-a,35.0
2026-08-07,2591948514,Martinez Lautaro,Vítěz,25-WINNER_NWAY-a,150.0
2026-08-07,2591948508,Vinicius Junior,Vítěz,25-WINNER_NWAY-a,100.0
2026-08-07,2591948507,Kane Harry,Vítěz,25-WINNER_NWAY-a,1.85
2026-08-07,2591948506,Hakimi Achraf,Vítěz,25-WINNER_NWAY-a,200.0
2026-08-07,2591948513,Vitinha Ferreira Vitor,Vítěz,25-WINNER_NWAY-a,60.0
2026-08-07,2591948515,Olise Michael,Vítěz,25-WINNER_NWAY-a,20.0
2026-08-07,2664666606,Cubarsi Pau,Vítěz,25-WINNER_NWAY-a,30.0
2026-08-07,2591948517,Dembele Ousmane,Vítěz,25-WINNER_NWAY-a,17.0
2026-08-07,2591948518,Mbappe Kylian,Vítěz,25-WINNER_NWAY-a,7.0
2026-08-07,2591948519,Ronaldo Cristiano,Vítěz,25-WINNER_NWAY-a,500.0
2026-08-07,2623169588,Doue Desire,Vítěz,25-WINNER_NWAY-a,300.0
2026-08-07,2659741494,Bellingham Jude,Vítěz,25-WINNER_NWAY-a,25.0
2026-08-07,2659741495,Rodrigo Hernandez,Vítěz,25-WINNER_NWAY-a,6.0
2026-08-07,2591948516,Yamal Lamine,Vítěz,25-WINNER_NWAY-a,4.0
2026-08-06,2591948510,Kvaratskhelia Khvicha,Vítěz,25-WINNER_NWAY-a,35.0
2026-08-06,2591948513,Vitinha Ferreira Vitor,Vítěz,25-WINNER_NWAY-a,60.0
2026-08-06,2591948512,Haaland Erling,Vítěz,25-WINNER_NWAY-a,40.0
2026-08-06,2591948511,Messi Lionel,Vítěz,25-WINNER_NWAY-a,15.0
2026-08-06,2591948506,Hakimi Achraf,Vítěz,25-WINNER_NWAY-a,200.0
2026-08-06,2591948509,Rice Declan,Vítěz,25-WINNER_NWAY-a,80.0
2026-08-06,2591948507,Kane Harry,Vítěz,25-WINNER_NWAY-a,1.85
2026-08-06,2591948515,Olise Michael,Vítěz,25-WINNER_NWAY-a,20.0
2026-08-06,2591948514,Martinez Lautaro,Vítěz,25-WINNER_NWAY-a,150.0
2026-08-06,2591948508,Vinicius Junior,Vítěz,25-WINNER_NWAY-a,100.0
2026-08-06,2591948516,Yamal Lamine,Vítěz,25-WINNER_NWAY-a,4.0
2026-08-06,2659741494,Bellingham Jude,Vítěz,25-WINNER_NWAY-a,25.0
2026-08-06,2591948517,Dembele Ousmane,Vítěz,25-WINNER_NWAY-a,17.0
2026-08-06,2659741495,Rodrigo Hernandez,Vítěz,25-WINNER_NWAY-a,6.0
2026-08-06,2664666606,Cubarsi Pau,Vítěz,25-WINNER_NWAY-a,30.0
2026-08-06,2623169588,Doue Desire,Vítěz,25-WINNER_NWAY-a,300.0
2026-08-06,2591948519,Ronaldo Cristiano,Vítěz,25-WINNER_NWAY-a,500.0
2026-08-06,2591948518,Mbappe Kylian,Vítěz,25-WINNER_NWAY-a,7.0
2026-08-05,2591948506,Hakimi Achraf,Vítěz,25-WINNER_NWAY-a,200.0
2026-08-05,2591948514,Martinez Lautaro,Vítěz,25-WINNER_NWAY-a,150.0
2026-08-05,2591948507,Kane Harry,Vítěz,25-WINNER_NWAY-a,1.8500000000000003
2026-08-05,2591948508,Vinicius Junior,Vítěz,25-WINNER_NWAY-a,100.0
2026-08-05,2591948509,Rice Declan,Vítěz,25-WINNER_NWAY-a,80.0
2026-08-05,2591948510,Kvaratskhelia Khvicha,Vítěz,25-WINNER_NWAY-a,35.0
2026-08-05,2591948511,Messi Lionel,Vítěz,25-WINNER_NWAY-a,15.0
2026-08-05,2591948512,Haaland Erling,Vítěz,25-WINNER_NWAY-a,40.0
2026-08-05,2591948513,Vitinha Ferreira Vitor,Vítěz,25-WINNER_NWAY-a,60.0
2026-08-05,2591948517,Dembele Ousmane,Vítěz,25-WINNER_NWAY-a,17.0
2026-08-05,2591948515,Olise Michael,Vítěz,25-WINNER_NWAY-a,20.0
2026-08-05,2591948516,Yamal Lamine,Vítěz,25-WINNER_NWAY-a,4.0
2026-08-05,2591948518,Mbappe Kylian,Vítěz,25-WINNER_NWAY-a,7.0
2026-08-05,2591948519,Ronaldo Cristiano,Vítěz,25-WINNER_NWAY-a,500.0
2026-08-05,2623169588,Doue Desire,Vítěz,25-WINNER_NWAY-a,300.0
2026-08-05,2659741494,Bellingham Jude,Vítěz,25-WINNER_NWAY-a,25.0
2026-08-05,2659741495,Rodrigo Hernandez,Vítěz,25-WINNER_NWAY-a,6.0
2026-08-05,2664666606,Cubarsi Pau,Vítěz,25-WINNER_NWAY-a,30.0
2026-08-04,2591948509,Rice Declan,Vítěz,25-WINNER_NWAY-a,80.0
2026-08-04,2591948512,Haaland Erling,Vítěz,25-WINNER_NWAY-a,40.0
2026-08-04,2591948511,Messi Lionel,Vítěz,25-WINNER_NWAY-a,15.0
2026-08-04,2591948510,Kvaratskhelia Khvicha,Vítěz,25-WINNER_NWAY-a,35.0
2026-08-04,2591948514,Martinez Lautaro,Vítěz,25-WINNER_NWAY-a,150.0
2026-08-04,2591948508,Vinicius Junior,Vítěz,25-WINNER_NWAY-a,100.0
2026-08-04,2591948507,Kane Harry,Vítěz,25-WINNER_NWAY-a,1.8500000000000003
2026-08-04,2591948506,Hakimi Achraf,Vítěz,25-WINNER_NWAY-a,200.0
2026-08-04,2591948513,Vitinha Ferreira Vitor,Vítěz,25-WINNER_NWAY-a,60.0
2026-08-04,2591948515,Olise Michael,Vítěz,25-WINNER_NWAY-a,20.0
2026-08-04,2591948516,Yamal Lamine,Vítěz,25-WINNER_NWAY-a,4.0
2026-08-04,2623169588,Doue Desire,Vítěz,25-WINNER_NWAY-a,300.0
2026-08-04,2659741495,Rodrigo Hernandez,Vítěz,25-WINNER_NWAY-a,6.0
2026-08-04,2659741494,Bellingham Jude,Vítěz,25-WINNER_NWAY-a,25.0
2026-08-04,2664666606,Cubarsi Pau,Vítěz,25-WINNER_NWAY-a,30.0
2026-08-04,2591948519,Ronaldo Cristiano,Vítěz,25-WINNER_NWAY-a,500.0
2026-08-04,2591948518,Mbappe Kylian,Vítěz,25-WINNER_NWAY-a,7.0
2026-08-04,2591948517,Dembele Ousmane,Vítěz,25-WINNER_NWAY-a,17.0
2026-08-03,2591948514,Martinez Lautaro,Vítěz,25-WINNER_NWAY-a,150.0
2026-08-03,2591948506,Hakimi Achraf,Vítěz,25-WINNER_NWAY-a,200.0
2026-08-03,2591948507,Kane Harry,Vítěz,25-WINNER_NWAY-a,1.8500000000000003
2026-08-03,2591948508,Vinicius Junior,Vítěz,25-WINNER_NWAY-a,100.0
2026-08-03,2591948509,Rice Declan,Vítěz,25-WINNER_NWAY-a,80.0
2026-08-03,2591948510,Kvaratskhelia Khvicha,Vítěz,25-WINNER_NWAY-a,35.0
2026-08-03,2591948511,Messi Lionel,Vítěz,25-WINNER_NWAY-a,15.0
2026-08-03,2591948512,Haaland Erling,Vítěz,25-WINNER_NWAY-a,40.0
2026-08-03,2591948513,Vitinha Ferreira Vitor,Vítěz,25-WINNER_NWAY-a,60.0
2026-08-03,2591948515,Olise Michael,Vítěz,25-WINNER_NWAY-a,20.0
2026-08-03,2664666606,Cubarsi Pau,Vítěz,25-WINNER_NWAY-a,30.0
2026-08-03,2591948517,Dembele Ousmane,Vítěz,25-WINNER_NWAY-a,17.0
2026-08-03,2591948518,Mbappe Kylian,Vítěz,25-WINNER_NWAY-a,7.0
2026-08-03,2591948519,Ronaldo Cristiano,Vítěz,25-WINNER_NWAY-a,500.0
2026-08-03,2623169588,Doue Desire,Vítěz,25-WINNER_NWAY-a,300.0
2026-08-03,2659741494,Bellingham Jude,Vítěz,25-WINNER_NWAY-a,25.0
2026-08-03,2659741495,Rodrigo Hernandez,Vítěz,25-WINNER_NWAY-a,6.0
2026-08-03,2591948516,Yamal Lamine,Vítěz,25-WINNER_NWAY-a,4.0
2026-08-02,2591948509,Rice Declan,Vítěz,25-WINNER_NWAY-a,80.0
2026-08-02,2591948512,Haaland Erling,Vítěz,25-WINNER_NWAY-a,40.0
2026-08-02,2591948511,Messi Lionel,Vítěz,25-WINNER_NWAY-a,15.0
2026-08-02,2591948510,Kvaratskhelia Khvicha,Vítěz,25-WINNER_NWAY-a,35.0
2026-08-02,2591948514,Martinez Lautaro,Vítěz,25-WINNER_NWAY-a,150.0
2026-08-02,2591948508,Vinicius Junior,Vítěz,25-WINNER_NWAY-a,100.0
2026-08-02,2591948507,Kane Harry,Vítěz,25-WINNER_NWAY-a,1.85
2026-08-02,2591948506,Hakimi Achraf,Vítěz,25-WINNER_NWAY-a,200.0
2026-08-02,2591948513,Vitinha Ferreira Vitor,Vítěz,25-WINNER_NWAY-a,60.0
2026-08-02,2664666606,Cubarsi Pau,Vítěz,25-WINNER_NWAY-a,30.0
2026-08-02,2591948515,Olise Michael,Vítěz,25-WINNER_NWAY-a,20.0
2026-08-02,2591948517,Dembele Ousmane,Vítěz,25-WINNER_NWAY-a,17.0
2026-08-02,2591948518,Mbappe Kylian,Vítěz,25-WINNER_NWAY-a,7.0
2026-08-02,2591948519,Ronaldo Cristiano,Vítěz,25-WINNER_NWAY-a,500.0
2026-08-02,2623169588,Doue Desire,Vítěz,25-WINNER_NWAY-a,300.0
2026-08-02,2659741494,Bellingham Jude,Vítěz,25-WINNER_NWAY-a,25.0
2026-08-02,2659741495,Rodrigo Hernandez,Vítěz,25-WINNER_NWAY-a,6.0
2026-08-02,2591948516,Yamal Lamine,Vítěz,25-WINNER_NWAY-a,4.0
2026-08-01,2591948510,Kvaratskhelia Khvicha,Vítěz,25-WINNER_NWAY-a,35.0
2026-08-01,2591948513,Vitinha Ferreira Vitor,Vítěz,25-WINNER_NWAY-a,60.0
2026-08-01,2591948512,Haaland Erling,Vítěz,25-WINNER_NWAY-a,40.0
2026-08-01,2591948511,Messi Lionel,Vítěz,25-WINNER_NWAY-a,12.0
2026-08-01,2591948506,Hakimi Achraf,Vítěz,25-WINNER_NWAY-a,200.0
2026-08-01,2591948509,Rice Declan,Vítěz,25-WINNER_NWAY-a,80.0
2026-08-01,2591948508,Vinicius Junior,Vítěz,25-WINNER_NWAY-a,100.0
2026-08-01,2591948507,Kane Harry,Vítěz,25-WINNER_NWAY-a,2.1
2026-08-01,2591948514,Martinez Lautaro,Vítěz,25-WINNER_NWAY-a,150.0
2026-08-01,2591948515,Olise Michael,Vítěz,25-WINNER_NWAY-a,20.0
2026-08-01,2591948517,Dembele Ousmane,Vítěz,25-WINNER_NWAY-a,17.0
2026-08-01,2591948516,Yamal Lamine,Vítěz,25-WINNER_NWAY-a,2.8
2026-08-01,2591948518,Mbappe Kylian,Vítěz,25-WINNER_NWAY-a,6.5
2026-08-01,2591948519,Ronaldo Cristiano,Vítěz,25-WINNER_NWAY-a,500.0
2026-08-01,2623169588,Doue Desire,Vítěz,25-WINNER_NWAY-a,300.0
2026-08-01,2659741494,Bellingham Jude,Vítěz,25-WINNER_NWAY-a,25.0
2026-08-01,2659741495,Rodrigo Hernandez,Vítěz,25-WINNER_NWAY-a,5.5
2026-08-01,2664666606,Cubarsi Pau,Vítěz,25-WINNER_NWAY-a,27.0
2026-07-31,2591948515,Olise Michael,Vítěz,25-WINNER_NWAY-a,20.0
2026-07-31,2591948506,Hakimi Achraf,Vítěz,25-WINNER_NWAY-a,200.0
2026-07-31,2591948507,Kane Harry,Vítěz,25-WINNER_NWAY-a,2.1
2026-07-31,2591948509,Rice Declan,Vítěz,25-WINNER_NWAY-a,80.0
2026-07-31,2591948510,Kvaratskhelia Khvicha,Vítěz,25-WINNER_NWAY-a,35.0
2026-07-31,2591948511,Messi Lionel,Vítěz,25-WINNER_NWAY-a,12.0
2026-07-31,2591948512,Haaland Erling,Vítěz,25-WINNER_NWAY-a,40.0
2026-07-31,2591948513,Vitinha Ferreira Vitor,Vítěz,25-WINNER_NWAY-a,60.0
2026-07-31,2591948514,Martinez Lautaro,Vítěz,25-WINNER_NWAY-a,150.0
2026-07-31,2591948508,Vinicius Junior,Vítěz,25-WINNER_NWAY-a,100.0
2026-07-31,2591948516,Yamal Lamine,Vítěz,25-WINNER_NWAY-a,2.7999999999999994
2026-07-31,2659741494,Bellingham Jude,Vítěz,25-WINNER_NWAY-a,25.0
2026-07-31,2591948517,Dembele Ousmane,Vítěz,25-WINNER_NWAY-a,17.0
2026-07-31,2659741495,Rodrigo Hernandez,Vítěz,25-WINNER_NWAY-a,5.5
2026-07-31,2664666606,Cubarsi Pau,Vítěz,25-WINNER_NWAY-a,27.0
2026-07-31,2623169588,Doue Desire,Vítěz,25-WINNER_NWAY-a,300.0
2026-07-31,2591948519,Ronaldo Cristiano,Vítěz,25-WINNER_NWAY-a,500.0
2026-07-31,2591948518,Mbappe Kylian,Vítěz,25-WINNER_NWAY-a,6.5
2026-07-30,2591948506,Hakimi Achraf,Vítěz,25-WINNER_NWAY-a,200.0
2026-07-30,2591948514,Martinez Lautaro,Vítěz,25-WINNER_NWAY-a,150.0
2026-07-30,2591948507,Kane Harry,Vítěz,25-WINNER_NWAY-a,2.1333333333333333
2026-07-30,2591948508,Vinicius Junior,Vítěz,25-WINNER_NWAY-a,100.0
2026-07-30,2591948509,Rice Declan,Vítěz,25-WINNER_NWAY-a,80.0
2026-07-30,2591948510,Kvaratskhelia Khvicha,Vítěz,25-WINNER_NWAY-a,35.0
2026-07-30,2591948511,Messi Lionel,Vítěz,25-WINNER_NWAY-a,11.333333333333334
2026-07-30,2591948512,Haaland Erling,Vítěz,25-WINNER_NWAY-a,40.0
2026-07-30,2591948513,Vitinha Ferreira Vitor,Vítěz,25-WINNER_NWAY-a,60.0
2026-07-30,2591948517,Dembele Ousmane,Vítěz,25-WINNER_NWAY-a,17.0
2026-07-30,2591948515,Olise Michael,Vítěz,25-WINNER_NWAY-a,20.0
2026-07-30,2591948516,Yamal Lamine,Vítěz,25-WINNER_NWAY-a,2.766666666666667
2026-07-30,2591948518,Mbappe Kylian,Vítěz,25-WINNER_NWAY-a,6.333333333333333
2026-07-30,2591948519,Ronaldo Cristiano,Vítěz,25-WINNER_NWAY-a,500.0
2026-07-30,2623169588,Doue Desire,Vítěz,25-WINNER_NWAY-a,300.0
2026-07-30,2659741494,Bellingham Jude,Vítěz,25-WINNER_NWAY-a,25.0
2026-07-30,2659741495,Rodrigo Hernandez,Vítěz,25-WINNER_NWAY-a,5.5
2026-07-30,2664666606,Cubarsi Pau,Vítěz,25-WINNER_NWAY-a,28.0
2026-07-29,2591948509,Rice Declan,Vítěz,25-WINNER_NWAY-a,80.0
2026-07-29,2591948512,Haaland Erling,Vítěz,25-WINNER_NWAY-a,40.0
2026-07-29,2591948511,Messi Lionel,Vítěz,25-WINNER_NWAY-a,10.0
2026-07-29,2591948510,Kvaratskhelia Khvicha,Vítěz,25-WINNER_NWAY-a,35.0
2026-07-29,2591948514,Martinez Lautaro,Vítěz,25-WINNER_NWAY-a,150.0
2026-07-29,2591948506,Hakimi Achraf,Vítěz,25-WINNER_NWAY-a,200.0
2026-07-29,2591948508,Vinicius Junior,Vítěz,25-WINNER_NWAY-a,100.0
2026-07-29,2591948507,Kane Harry,Vítěz,25-WINNER_NWAY-a,2.2
2026-07-29,2591948513,Vitinha Ferreira Vitor,Vítěz,25-WINNER_NWAY-a,60.0
2026-07-29,2659741494,Bellingham Jude,Vítěz,25-WINNER_NWAY-a,25.0
2026-07-29,2591948515,Olise Michael,Vítěz,25-WINNER_NWAY-a,20.0
2026-07-29,2623169588,Doue Desire,Vítěz,25-WINNER_NWAY-a,300.0
2026-07-29,2664666606,Cubarsi Pau,Vítěz,25-WINNER_NWAY-a,30.0
2026-07-29,2659741495,Rodrigo Hernandez,Vítěz,25-WINNER_NWAY-a,5.5
2026-07-29,2591948516,Yamal Lamine,Vítěz,25-WINNER_NWAY-a,2.7000000000000006
2026-07-29,2591948519,Ronaldo Cristiano,Vítěz,25-WINNER_NWAY-a,500.0
2026-07-29,2591948518,Mbappe Kylian,Vítěz,25-WINNER_NWAY-a,6.0
2026-07-29,2591948517,Dembele Ousmane,Vítěz,25-WINNER_NWAY-a,17.0
2026-07-28,2591948515,Olise Michael,Vítěz,25-WINNER_NWAY-a,20.0
2026-07-28,2591948507,Kane Harry,Vítěz,25-WINNER_NWAY-a,2.3833333333333333
2026-07-28,2591948508,Vinicius Junior,Vítěz,25-WINNER_NWAY-a,100.0
2026-07-28,2591948509,Rice Declan,Vítěz,25-WINNER_NWAY-a,80.0
2026-07-28,2591948510,Kvaratskhelia Khvicha,Vítěz,25-WINNER_NWAY-a,35.0
2026-07-28,2591948511,Messi Lionel,Vítěz,25-WINNER_NWAY-a,10.0
2026-07-28,2591948512,Haaland Erling,Vítěz,25-WINNER_NWAY-a,40.0
2026-07-28,2591948513,Vitinha Ferreira Vitor,Vítěz,25-WINNER_NWAY-a,60.0
2026-07-28,2591948514,Martinez Lautaro,Vítěz,25-WINNER_NWAY-a,150.0
2026-07-28,2591948506,Hakimi Achraf,Vítěz,25-WINNER_NWAY-a,200.0
2026-07-28,2591948516,Yamal Lamine,Vítěz,25-WINNER_NWAY-a,2.7000000000000006
2026-07-28,2591948518,Mbappe Kylian,Vítěz,25-WINNER_NWAY-a,6.0
2026-07-28,2591948519,Ronaldo Cristiano,Vítěz,25-WINNER_NWAY-a,500.0
2026-07-28,2623169588,Doue Desire,Vítěz,25-WINNER_NWAY-a,300.0
2026-07-28,2659741494,Bellingham Jude,Vítěz,25-WINNER_NWAY-a,25.0
2026-07-28,2659741495,Rodrigo Hernandez,Vítěz,25-WINNER_NWAY-a,5.166666666666667
2026-07-28,2664666606,Cubarsi Pau,Vítěz,25-WINNER_NWAY-a,30.0
2026-07-28,2591948517,Dembele Ousmane,Vítěz,25-WINNER_NWAY-a,15.666666666666666
2026-07-27,2591948510,Kvaratskhelia Khvicha,Vítěz,25-WINNER_NWAY-a,35.0
2026-07-27,2591948513,Vitinha Ferreira Vitor,Vítěz,25-WINNER_NWAY-a,60.0
2026-07-27,2591948512,Haaland Erling,Vítěz,25-WINNER_NWAY-a,40.0
2026-07-27,2591948511,Messi Lionel,Vítěz,25-WINNER_NWAY-a,10.0
2026-07-27,2591948506,Hakimi Achraf,Vítěz,25-WINNER_NWAY-a,200.0
2026-07-27,2591948509,Rice Declan,Vítěz,25-WINNER_NWAY-a,80.0
2026-07-27,2591948508,Vinicius Junior,Vítěz,25-WINNER_NWAY-a,100.0
2026-07-27,2591948507,Kane Harry,Vítěz,25-WINNER_NWAY-a,2.5
2026-07-27,2591948514,Martinez Lautaro,Vítěz,25-WINNER_NWAY-a,150.0
2026-07-27,2591948515,Olise Michael,Vítěz,25-WINNER_NWAY-a,20.0
2026-07-27,2591948516,Yamal Lamine,Vítěz,25-WINNER_NWAY-a,2.7000000000000006
2026-07-27,2591948518,Mbappe Kylian,Vítěz,25-WINNER_NWAY-a,6.0
2026-07-27,2591948519,Ronaldo Cristiano,Vítěz,25-WINNER_NWAY-a,500.0
2026-07-27,2623169588,Doue Desire,Vítěz,25-WINNER_NWAY-a,300.0
2026-07-27,2659741494,Bellingham Jude,Vítěz,25-WINNER_NWAY-a,25.0
2026-07-27,2659741495,Rodrigo Hernandez,Vítěz,25-WINNER_NWAY-a,5.0
2026-07-27,2664666606,Cubarsi Pau,Vítěz,25-WINNER_NWAY-a,30.0
2026-07-27,2591948517,Dembele Ousmane,Vítěz,25-WINNER_NWAY-a,15.0
2026-07-26,2591948509,Rice Declan,Vítěz,25-WINNER_NWAY-a,80.0
2026-07-26,2591948512,Haaland Erling,Vítěz,25-WINNER_NWAY-a,40.0
2026-07-26,2591948511,Messi Lionel,Vítěz,25-WINNER_NWAY-a,10.0
2026-07-26,2591948510,Kvaratskhelia Khvicha,Vítěz,25-WINNER_NWAY-a,35.0
2026-07-26,2591948514,Martinez Lautaro,Vítěz,25-WINNER_NWAY-a,150.0
2026-07-26,2591948508,Vinicius Junior,Vítěz,25-WINNER_NWAY-a,100.0
2026-07-26,2591948507,Kane Harry,Vítěz,25-WINNER_NWAY-a,2.5
2026-07-26,2591948506,Hakimi Achraf,Vítěz,25-WINNER_NWAY-a,200.0
2026-07-26,2591948513,Vitinha Ferreira Vitor,Vítěz,25-WINNER_NWAY-a,60.0
2026-07-26,2591948515,Olise Michael,Vítěz,25-WINNER_NWAY-a,20.0
2026-07-26,2664666606,Cubarsi Pau,Vítěz,25-WINNER_NWAY-a,30.0
2026-07-26,2591948517,Dembele Ousmane,Vítěz,25-WINNER_NWAY-a,15.0
2026-07-26,2591948518,Mbappe Kylian,Vítěz,25-WINNER_NWAY-a,6.0
2026-07-26,2591948519,Ronaldo Cristiano,Vítěz,25-WINNER_NWAY-a,500.0
2026-07-26,2623169588,Doue Desire,Vítěz,25-WINNER_NWAY-a,300.0
2026-07-26,2659741494,Bellingham Jude,Vítěz,25-WINNER_NWAY-a,25.0
2026-07-26,2659741495,Rodrigo Hernandez,Vítěz,25-WINNER_NWAY-a,5.0
2026-07-26,2591948516,Yamal Lamine,Vítěz,25-WINNER_NWAY-a,2.7000000000000006
2026-07-25,2591948510,Kvaratskhelia Khvicha,Vítěz,25-WINNER_NWAY-a,35.0
2026-07-25,2591948513,Vitinha Ferreira Vitor,Vítěz,25-WINNER_NWAY-a,60.0
2026-07-25,2591948512,Haaland Erling,Vítěz,25-WINNER_NWAY-a,40.0
2026-07-25,2591948511,Messi Lionel,Vítěz,25-WINNER_NWAY-a,10.0
2026-07-25,2591948506,Hakimi Achraf,Vítěz,25-WINNER_NWAY-a,200.0
2026-07-25,2591948509,Rice Declan,Vítěz,25-WINNER_NWAY-a,80.0
2026-07-25,2591948507,Kane Harry,Vítěz,25-WINNER_NWAY-a,2.5
2026-07-25,2591948515,Olise Michael,Vítěz,25-WINNER_NWAY-a,20.0
2026-07-25,2591948514,Martinez Lautaro,Vítěz,25-WINNER_NWAY-a,150.0
2026-07-25,2591948508,Vinicius Junior,Vítěz,25-WINNER_NWAY-a,100.0
2026-07-25,2591948516,Yamal Lamine,Vítěz,25-WINNER_NWAY-a,2.7000000000000006
2026-07-25,2659741494,Bellingham Jude,Vítěz,25-WINNER_NWAY-a,25.0
2026-07-25,2591948517,Dembele Ousmane,Vítěz,25-WINNER_NWAY-a,15.0
2026-07-25,2659741495,Rodrigo Hernandez,Vítěz,25-WINNER_NWAY-a,5.0
2026-07-25,2664666606,Cubarsi Pau,Vítěz,25-WINNER_NWAY-a,30.0
2026-07-25,2623169588,Doue Desire,Vítěz,25-WINNER_NWAY-a,300.0
2026-07-25,2591948519,Ronaldo Cristiano,Vítěz,25-WINNER_NWAY-a,500.0
2026-07-25,2591948518,Mbappe Kylian,Vítěz,25-WINNER_NWAY-a,6.0
2026-07-24,2591948506,Hakimi Achraf,Vítěz,25-WINNER_NWAY-a,200.0
2026-07-24,2591948514,Martinez Lautaro,Vítěz,25-WINNER_NWAY-a,150.0
2026-07-24,2591948507,Kane Harry,Vítěz,25-WINNER_NWAY-a,2.5
2026-07-24,2591948508,Vinicius Junior,Vítěz,25-WINNER_NWAY-a,100.0
2026-07-24,2591948509,Rice Declan,Vítěz,25-WINNER_NWAY-a,80.0
2026-07-24,2591948510,Kvaratskhelia Khvicha,Vítěz,25-WINNER_NWAY-a,35.0
2026-07-24,2591948511,Messi Lionel,Vítěz,25-WINNER_NWAY-a,10.0
2026-07-24,2591948512,Haaland Erling,Vítěz,25-WINNER_NWAY-a,40.0
2026-07-24,2591948513,Vitinha Ferreira Vitor,Vítěz,25-WINNER_NWAY-a,60.0
2026-07-24,2591948517,Dembele Ousmane,Vítěz,25-WINNER_NWAY-a,15.0
2026-07-24,2591948515,Olise Michael,Vítěz,25-WINNER_NWAY-a,20.0
2026-07-24,2591948516,Yamal Lamine,Vítěz,25-WINNER_NWAY-a,2.7000000000000006
2026-07-24,2591948518,Mbappe Kylian,Vítěz,25-WINNER_NWAY-a,6.0
2026-07-24,2591948519,Ronaldo Cristiano,Vítěz,25-WINNER_NWAY-a,500.0
2026-07-24,2623169588,Doue Desire,Vítěz,25-WINNER_NWAY-a,300.0
2026-07-24,2659741494,Bellingham Jude,Vítěz,25-WINNER_NWAY-a,25.0
2026-07-24,2659741495,Rodrigo Hernandez,Vítěz,25-WINNER_NWAY-a,5.0
2026-07-24,2664666606,Cubarsi Pau,Vítěz,25-WINNER_NWAY-a,30.0
2026-07-23,2591948509,Rice Declan,Vítěz,25-WINNER_NWAY-a,60.0
2026-07-23,2591948512,Haaland Erling,Vítěz,25-WINNER_NWAY-a,35.0
2026-07-23,2591948511,Messi Lionel,Vítěz,25-WINNER_NWAY-a,8.0
2026-07-23,2591948510,Kvaratskhelia Khvicha,Vítěz,25-WINNER_NWAY-a,80.0
2026-07-23,2591948514,Martinez Lautaro,Vítěz,25-WINNER_NWAY-a,100.0
2026-07-23,2591948506,Hakimi Achraf,Vítěz,25-WINNER_NWAY-a,200.0
2026-07-23,2591948508,Vinicius Junior,Vítěz,25-WINNER_NWAY-a,70.0
2026-07-23,2591948507,Kane Harry,Vítěz,25-WINNER_NWAY-a,2.45
2026-07-23,2591948513,Vitinha Ferreira Vitor,Vítěz,25-WINNER_NWAY-a,50.0
2026-07-23,2659741494,Bellingham Jude,Vítěz,25-WINNER_NWAY-a,30.0
2026-07-23,2591948515,Olise Michael,Vítěz,25-WINNER_NWAY-a,30.0
2026-07-23,2623169588,Doue Desire,Vítěz,25-WINNER_NWAY-a,200.0
2026-07-23,2664666606,Cubarsi Pau,Vítěz,25-WINNER_NWAY-a,30.0
2026-07-23,2659741495,Rodrigo Hernandez,Vítěz,25-WINNER_NWAY-a,5.0
2026-07-23,2591948516,Yamal Lamine,Vítěz,25-WINNER_NWAY-a,2.7000000000000006
2026-07-23,2591948519,Ronaldo Cristiano,Vítěz,25-WINNER_NWAY-a,500.0
2026-07-23,2591948518,Mbappe Kylian,Vítěz,25-WINNER_NWAY-a,6.0
2026-07-23,2591948517,Dembele Ousmane,Vítěz,25-WINNER_NWAY-a,15.0
2026-07-22,2591948515,Olise Michael,Vítěz,25-WINNER_NWAY-a,30.0
2026-07-22,2591948507,Kane Harry,Vítěz,25-WINNER_NWAY-a,2.45
2026-07-22,2591948508,Vinicius Junior,Vítěz,25-WINNER_NWAY-a,70.0
2026-07-22,2591948509,Rice Declan,Vítěz,25-WINNER_NWAY-a,60.0
2026-07-22,2591948510,Kvaratskhelia Khvicha,Vítěz,25-WINNER_NWAY-a,80.0
2026-07-22,2591948511,Messi Lionel,Vítěz,25-WINNER_NWAY-a,8.0
2026-07-22,2591948512,Haaland Erling,Vítěz,25-WINNER_NWAY-a,35.0
2026-07-22,2591948513,Vitinha Ferreira Vitor,Vítěz,25-WINNER_NWAY-a,50.0
2026-07-22,2591948514,Martinez Lautaro,Vítěz,25-WINNER_NWAY-a,100.0
2026-07-22,2591948506,Hakimi Achraf,Vítěz,25-WINNER_NWAY-a,200.0
2026-07-22,2591948516,Yamal Lamine,Vítěz,25-WINNER_NWAY-a,2.7000000000000006
2026-07-22,2591948518,Mbappe Kylian,Vítěz,25-WINNER_NWAY-a,6.0
2026-07-22,2591948519,Ronaldo Cristiano,Vítěz,25-WINNER_NWAY-a,500.0
2026-07-22,2623169588,Doue Desire,Vítěz,25-WINNER_NWAY-a,200.0
2026-07-22,2659741494,Bellingham Jude,Vítěz,25-WINNER_NWAY-a,30.0
2026-07-22,2659741495,Rodrigo Hernandez,Vítěz,25-WINNER_NWAY-a,5.0
2026-07-22,2664666606,Cubarsi Pau,Vítěz,25-WINNER_NWAY-a,30.0
2026-07-22,2591948517,Dembele Ousmane,Vítěz,25-WINNER_NWAY-a,15.0
2026-07-21,2591948510,Kvaratskhelia Khvicha,Vítěz,25-WINNER_NWAY-a,80.0
2026-07-21,2591948513,Vitinha Ferreira Vitor,Vítěz,25-WINNER_NWAY-a,50.0
2026-07-21,2591948512,Haaland Erling,Vítěz,25-WINNER_NWAY-a,35.0
2026-07-21,2591948511,Messi Lionel,Vítěz,25-WINNER_NWAY-a,8.0
2026-07-21,2591948506,Hakimi Achraf,Vítěz,25-WINNER_NWAY-a,200.0
2026-07-21,2591948509,Rice Declan,Vítěz,25-WINNER_NWAY-a,60.0
2026-07-21,2591948508,Vinicius Junior,Vítěz,25-WINNER_NWAY-a,70.0
2026-07-21,2591948507,Kane Harry,Vítěz,25-WINNER_NWAY-a,2.45
2026-07-21,2591948514,Martinez Lautaro,Vítěz,25-WINNER_NWAY-a,100.0
2026-07-21,2591948515,Olise Michael,Vítěz,25-WINNER_NWAY-a,30.0
2026-07-21,2591948516,Yamal Lamine,Vítěz,25-WINNER_NWAY-a,2.7000000000000006
2026-07-21,2591948518,Mbappe Kylian,Vítěz,25-WINNER_NWAY-a,6.0
2026-07-21,2591948519,Ronaldo Cristiano,Vítěz,25-WINNER_NWAY-a,500.0
2026-07-21,2623169588,Doue Desire,Vítěz,25-WINNER_NWAY-a,200.0
2026-07-21,2659741494,Bellingham Jude,Vítěz,25-WINNER_NWAY-a,30.0
2026-07-21,2659741495,Rodrigo Hernandez,Vítěz,25-WINNER_NWAY-a,5.0
2026-07-21,2664666606,Cubarsi Pau,Vítěz,25-WINNER_NWAY-a,30.0
2026-07-21,2591948517,Dembele Ousmane,Vítěz,25-WINNER_NWAY-a,15.0
2026-07-20,2591948509,Rice Declan,Vítěz,25-WINNER_NWAY-a,60.0
2026-07-20,2591948512,Haaland Erling,Vítěz,25-WINNER_NWAY-a,35.0
2026-07-20,2591948511,Messi Lionel,Vítěz,25-WINNER_NWAY-a,8.0
2026-07-20,2591948510,Kvaratskhelia Khvicha,Vítěz,25-WINNER_NWAY-a,80.0
2026-07-20,2591948514,Martinez Lautaro,Vítěz,25-WINNER_NWAY-a,100.0
2026-07-20,2591948506,Hakimi Achraf,Vítěz,25-WINNER_NWAY-a,200.0
2026-07-20,2591948508,Vinicius Junior,Vítěz,25-WINNER_NWAY-a,70.0
2026-07-20,2591948507,Kane Harry,Vítěz,25-WINNER_NWAY-a,2.45
2026-07-20,2591948513,Vitinha Ferreira Vitor,Vítěz,25-WINNER_NWAY-a,50.0
2026-07-20,2623169588,Doue Desire,Vítěz,25-WINNER_NWAY-a,200.0
2026-07-20,2591948515,Olise Michael,Vítěz,25-WINNER_NWAY-a,30.0
2026-07-20,2591948517,Dembele Ousmane,Vítěz,25-WINNER_NWAY-a,15.0
2026-07-20,2591948518,Mbappe Kylian,Vítěz,25-WINNER_NWAY-a,6.0
2026-07-20,2591948519,Ronaldo Cristiano,Vítěz,25-WINNER_NWAY-a,500.0
2026-07-20,2659741494,Bellingham Jude,Vítěz,25-WINNER_NWAY-a,30.0
2026-07-20,2659741495,Rodrigo Hernandez,Vítěz,25-WINNER_NWAY-a,5.0
2026-07-20,2591948516,Yamal Lamine,Vítěz,25-WINNER_NWAY-a,2.7
2026-07-18,2591948514,Martinez Lautaro,Vítěz,25-WINNER_NWAY-a,100.0
2026-07-18,2591948506,Hakimi Achraf,Vítěz,25-WINNER_NWAY-a,200.0
2026-07-18,2591948507,Kane Harry,Vítěz,25-WINNER_NWAY-a,3.5
2026-07-18,2591948508,Vinicius Junior,Vítěz,25-WINNER_NWAY-a,70.0
2026-07-18,2591948509,Rice Declan,Vítěz,25-WINNER_NWAY-a,60.0
2026-07-18,2591948511,Messi Lionel,Vítěz,25-WINNER_NWAY-a,2.1
2026-07-18,2591948512,Haaland Erling,Vítěz,25-WINNER_NWAY-a,40.0
2026-07-18,2591948513,Vitinha Ferreira Vitor,Vítěz,25-WINNER_NWAY-a,50.0
2026-07-18,2591948510,Kvaratskhelia Khvicha,Vítěz,25-WINNER_NWAY-a,80.0
2026-07-18,2591948515,Olise Michael,Vítěz,25-WINNER_NWAY-a,25.0
2026-07-18,2591948517,Dembele Ousmane,Vítěz,25-WINNER_NWAY-a,9.0
2026-07-18,2591948518,Mbappe Kylian,Vítěz,25-WINNER_NWAY-a,8.0
2026-07-18,2591948519,Ronaldo Cristiano,Vítěz,25-WINNER_NWAY-a,500.0
2026-07-18,2623169588,Doue Desire,Vítěz,25-WINNER_NWAY-a,200.0
2026-07-18,2659741494,Bellingham Jude,Vítěz,25-WINNER_NWAY-a,15.0
2026-07-18,2659741495,Rodri,Vítěz,25-WINNER_NWAY-a,11.0
2026-07-18,2591948516,Yamal Lamine,Vítěz,25-WINNER_NWAY-a,3.0
2026-07-17,2591948515,Olise Michael,Vítěz,25-WINNER_NWAY-a,25.0
2026-07-17,2591948508,Vinicius Junior,Vítěz,25-WINNER_NWAY-a,70.0
2026-07-17,2591948509,Rice Declan,Vítěz,25-WINNER_NWAY-a,60.0
2026-07-17,2591948510,Kvaratskhelia Khvicha,Vítěz,25-WINNER_NWAY-a,80.0
2026-07-17,2591948511,Messi Lionel,Vítěz,25-WINNER_NWAY-a,2.1
2026-07-17,2591948512,Haaland Erling,Vítěz,25-WINNER_NWAY-a,40.0
2026-07-17,2591948513,Vitinha Ferreira Vitor,Vítěz,25-WINNER_NWAY-a,50.0
2026-07-17,2591948514,Martinez Lautaro,Vítěz,25-WINNER_NWAY-a,100.0
2026-07-17,2591948519,Ronaldo Cristiano,Vítěz,25-WINNER_NWAY-a,500.0
2026-07-17,2591948516,Yamal Lamine,Vítěz,25-WINNER_NWAY-a,3.0
2026-07-17,2591948517,Dembele Ousmane,Vítěz,25-WINNER_NWAY-a,9.0
2026-07-17,2591948518,Mbappe Kylian,Vítěz,25-WINNER_NWAY-a,8.0
2026-07-17,2623169588,Doue Desire,Vítěz,25-WINNER_NWAY-a,200.0
2026-07-17,2659741494,Bellingham Jude,Vítěz,25-WINNER_NWAY-a,15.0
2026-07-17,2659741495,Rodri,Vítěz,25-WINNER_NWAY-a,11.0
2026-07-17,2591948506,Hakimi Achraf,Vítěz,25-WINNER_NWAY-a,200.0
2026-07-17,2591948507,Kane Harry,Vítěz,25-WINNER_NWAY-a,3.5
2026-07-16,2659741495,Rodri,Vítěz,25-WINNER_NWAY-a,11.0
2026-07-16,2659741494,Bellingham Jude,Vítěz,25-WINNER_NWAY-a,15.0
2026-07-16,2591948513,Vitinha Ferreira Vitor,Vítěz,25-WINNER_NWAY-a,50.0
2026-07-16,2591948506,Hakimi Achraf,Vítěz,25-WINNER_NWAY-a,200.0
2026-07-16,2591948507,Kane Harry,Vítěz,25-WINNER_NWAY-a,3.5
2026-07-16,2591948508,Vinicius Junior,Vítěz,25-WINNER_NWAY-a,70.0
2026-07-16,2591948509,Rice Declan,Vítěz,25-WINNER_NWAY-a,60.0
2026-07-16,2591948511,Messi Lionel,Vítěz,25-WINNER_NWAY-a,2.1
2026-07-16,2591948512,Haaland Erling,Vítěz,25-WINNER_NWAY-a,40.0
2026-07-16,2591948510,Kvaratskhelia Khvicha,Vítěz,25-WINNER_NWAY-a,80.0
2026-07-16,2591948514,Martinez Lautaro,Vítěz,25-WINNER_NWAY-a,100.0
2026-07-16,2591948515,Olise Michael,Vítěz,25-WINNER_NWAY-a,25.0
2026-07-16,2591948516,Yamal Lamine,Vítěz,25-WINNER_NWAY-a,3.0
2026-07-16,2591948517,Dembele Ousmane,Vítěz,25-WINNER_NWAY-a,9.0
2026-07-16,2591948518,Mbappe Kylian,Vítěz,25-WINNER_NWAY-a,8.0
2026-07-16,2591948519,Ronaldo Cristiano,Vítěz,25-WINNER_NWAY-a,500.0
2026-07-16,2623169588,Doue Desire,Vítěz,25-WINNER_NWAY-a,200.0
2026-07-15,2591948514,Martinez Lautaro,Vítěz,25-WINNER_NWAY-a,100.0
2026-07-15,2591948506,Hakimi Achraf,Vítěz,25-WINNER_NWAY-a,200.0
2026-07-15,2591948507,Kane Harry,Vítěz,25-WINNER_NWAY-a,2.7
2026-07-15,2591948508,Vinicius Junior,Vítěz,25-WINNER_NWAY-a,70.0
2026-07-15,2591948509,Rice Declan,Vítěz,25-WINNER_NWAY-a,60.0
2026-07-15,2591948510,Kvaratskhelia Khvicha,Vítěz,25-WINNER_NWAY-a,80.0
2026-07-15,2591948512,Haaland Erling,Vítěz,25-WINNER_NWAY-a,40.0
2026-07-15,2591948513,Vitinha Ferreira Vitor,Vítěz,25-WINNER_NWAY-a,50.0
2026-07-15,2591948511,Messi Lionel,Vítěz,25-WINNER_NWAY-a,5.5
2026-07-15,2591948515,Olise Michael,Vítěz,25-WINNER_NWAY-a,30.0
2026-07-15,2591948517,Dembele Ousmane,Vítěz,25-WINNER_NWAY-a,12.0
2026-07-15,2591948518,Mbappe Kylian,Vítěz,25-WINNER_NWAY-a,4.5
2026-07-15,2591948519,Ronaldo Cristiano,Vítěz,25-WINNER_NWAY-a,300.0
2026-07-15,2623169588,Doue Desire,Vítěz,25-WINNER_NWAY-a,150.0
2026-07-15,2659741494,Bellingham Jude,Vítěz,25-WINNER_NWAY-a,6.0
2026-07-15,2659741495,Rodri,Vítěz,25-WINNER_NWAY-a,15.0
2026-07-15,2591948516,Yamal Lamine,Vítěz,25-WINNER_NWAY-a,5.0
2026-07-14,2591948513,Vitinha Ferreira Vitor,Vítěz,25-WINNER_NWAY-a,40.0
2026-07-14,2591948506,Hakimi Achraf,Vítěz,25-WINNER_NWAY-a,100.0
2026-07-14,2591948507,Kane Harry,Vítěz,25-WINNER_NWAY-a,3.3
2026-07-14,2591948508,Vinicius Junior,Vítěz,25-WINNER_NWAY-a,50.0
2026-07-14,2591948509,Rice Declan,Vítěz,25-WINNER_NWAY-a,60.0
2026-07-14,2591948510,Kvaratskhelia Khvicha,Vítěz,25-WINNER_NWAY-a,80.0
2026-07-14,2591948511,Messi Lionel,Vítěz,25-WINNER_NWAY-a,6.0
2026-07-14,2591948512,Haaland Erling,Vítěz,25-WINNER_NWAY-a,25.0
2026-07-14,2591948514,Martinez Lautaro,Vítěz,25-WINNER_NWAY-a,70.0
2026-07-14,2591948515,Olise Michael,Vítěz,25-WINNER_NWAY-a,8.0
2026-07-14,2591948516,Yamal Lamine,Vítěz,25-WINNER_NWAY-a,11.0
2026-07-14,2591948517,Dembele Ousmane,Vítěz,25-WINNER_NWAY-a,5.0
2026-07-14,2591948518,Mbappe Kylian,Vítěz,25-WINNER_NWAY-a,3.0
2026-07-14,2591948519,Ronaldo Cristiano,Vítěz,25-WINNER_NWAY-a,150.0
2026-07-14,2623169588,Doue Desire,Vítěz,25-WINNER_NWAY-a,90.0
2026-07-13,2591948513,Vitinha Ferreira Vitor,Vítěz,25-WINNER_NWAY-a,40.0
2026-07-13,2591948506,Hakimi Achraf,Vítěz,25-WINNER_NWAY-a,100.0
2026-07-13,2591948507,Kane Harry,Vítěz,25-WINNER_NWAY-a,3.3
2026-07-13,2591948508,Vinicius Junior,Vítěz,25-WINNER_NWAY-a,50.0
2026-07-13,2591948509,Rice Declan,Vítěz,25-WINNER_NWAY-a,60.0
2026-07-13,2591948510,Kvaratskhelia Khvicha,Vítěz,25-WINNER_NWAY-a,80.0
2026-07-13,2591948511,Messi Lionel,Vítěz,25-WINNER_NWAY-a,6.0
2026-07-13,2591948512,Haaland Erling,Vítěz,25-WINNER_NWAY-a,25.0
2026-07-13,2591948519,Ronaldo Cristiano,Vítěz,25-WINNER_NWAY-a,150.0
2026-07-13,2591948514,Martinez Lautaro,Vítěz,25-WINNER_NWAY-a,70.0
2026-07-13,2591948516,Yamal Lamine,Vítěz,25-WINNER_NWAY-a,11.0
2026-07-13,2591948517,Dembele Ousmane,Vítěz,25-WINNER_NWAY-a,5.0
2026-07-13,2591948518,Mbappe Kylian,Vítěz,25-WINNER_NWAY-a,3.0
2026-07-13,2591948515,Olise Michael,Vítěz,25-WINNER_NWAY-a,8.0
2026-07-13,2623169588,Doue Desire,Vítěz,25-WINNER_NWAY-a,90.0
2026-06-22,2591948512,Haaland Erling,Vítěz,25-WINNER_NWAY-a,25.0
2026-06-22,2591948506,Hakimi Achraf,Vítěz,25-WINNER_NWAY-a,40.0
2026-06-22,2591948507,Kane Harry,Vítěz,25-WINNER_NWAY-a,2.5
2026-06-22,2591948508,Vinicius Junior,Vítěz,25-WINNER_NWAY-a,50.0
2026-06-22,2591948509,Rice Declan,Vítěz,25-WINNER_NWAY-a,10.0
2026-06-22,2591948510,Kvaratskhelia Khvicha,Vítěz,25-WINNER_NWAY-a,13.0
2026-06-22,2591948511,Messi Lionel,Vítěz,25-WINNER_NWAY-a,30.0
2026-06-22,2591948513,Vitinha Ferreira Vitor,Vítěz,25-WINNER_NWAY-a,17.0
2026-06-22,2591948514,Martinez Lautaro,Vítěz,25-WINNER_NWAY-a,100.0
2026-06-22,2591948515,Olise Michael,Vítěz,25-WINNER_NWAY-a,15.0
2026-06-22,2591948516,Yamal Lamine,Vítěz,25-WINNER_NWAY-a,11.0
2026-06-22,2591948517,Dembele Ousmane,Vítěz,25-WINNER_NWAY-a,4.0
2026-06-22,2591948518,Mbappe Kylian,Vítěz,25-WINNER_NWAY-a,12.0
2026-06-22,2591948519,Ronaldo Cristiano,Vítěz,25-WINNER_NWAY-a,70.0
2026-06-22,2623169588,Doue Desire,Vítěz,25-WINNER_NWAY-a,20.0
2026-06-21,2591948513,Vitinha Ferreira Vitor,Vítěz,25-WINNER_NWAY-a,17.0
2026-06-21,2591948506,Hakimi Achraf,Vítěz,25-WINNER_NWAY-a,40.0
2026-06-21,2591948507,Kane Harry,Vítěz,25-WINNER_NWAY-a,2.5
2026-06-21,2591948508,Vinicius Junior,Vítěz,25-WINNER_NWAY-a,50.0
2026-06-21,2591948509,Rice Declan,Vítěz,25-WINNER_NWAY-a,10.0
2026-06-21,2591948510,Kvaratskhelia Khvicha,Vítěz,25-WINNER_NWAY-a,13.0
2026-06-21,2591948511,Messi Lionel,Vítěz,25-WINNER_NWAY-a,30.0
2026-06-21,2591948512,Haaland Erling,Vítěz,25-WINNER_NWAY-a,25.0
2026-06-21,2623169588,Doue Desire,Vítěz,25-WINNER_NWAY-a,20.0
2026-06-21,2591948514,Martinez Lautaro,Vítěz,25-WINNER_NWAY-a,100.0
2026-06-21,2591948515,Olise Michael,Vítěz,25-WINNER_NWAY-a,15.0
2026-06-21,2591948516,Yamal Lamine,Vítěz,25-WINNER_NWAY-a,11.0
2026-06-21,2591948517,Dembele Ousmane,Vítěz,25-WINNER_NWAY-a,4.0
2026-06-21,2591948518,Mbappe Kylian,Vítěz,25-WINNER_NWAY-a,12.0
2026-06-21,2591948519,Ronaldo Cristiano,Vítěz,25-WINNER_NWAY-a,70.0
2026-06-20,2591948513,Vitinha Ferreira Vitor,Vítěz,25-WINNER_NWAY-a,15.0
2026-06-20,2591948506,Hakimi Achraf,Vítěz,25-WINNER_NWAY-a,40.0
2026-06-20,2591948507,Kane Harry,Vítěz,25-WINNER_NWAY-a,2.7000000000000006
2026-06-20,2591948508,Vinicius Junior,Vítěz,25-WINNER_NWAY-a,50.0
2026-06-20,2591948509,Rice Declan,Vítěz,25-WINNER_NWAY-a,9.0
2026-06-20,2591948510,Kvaratskhelia Khvicha,Vítěz,25-WINNER_NWAY-a,11.0
2026-06-20,2591948511,Messi Lionel,Vítěz,25-WINNER_NWAY-a,30.0
2026-06-20,2591948512,Haaland Erling,Vítěz,25-WINNER_NWAY-a,25.0
2026-06-20,2591948514,Martinez Lautaro,Vítěz,25-WINNER_NWAY-a,100.0
2026-06-20,2591948516,Yamal Lamine,Vítěz,25-WINNER_NWAY-a,10.0
2026-06-20,2591948517,Dembele Ousmane,Vítěz,25-WINNER_NWAY-a,4.0
2026-06-20,2591948518,Mbappe Kylian,Vítěz,25-WINNER_NWAY-a,13.0
2026-06-20,2591948519,Ronaldo Cristiano,Vítěz,25-WINNER_NWAY-a,70.0
2026-06-20,2623169588,Doue Desire,Vítěz,25-WINNER_NWAY-a,20.0
2026-06-20,2591948515,Olise Michael,Vítěz,25-WINNER_NWAY-a,12.0
2026-06-19,2591948506,Hakimi Achraf,Vítěz,25-WINNER_NWAY-a,40.0
2026-06-19,2591948513,Vitinha Ferreira Vitor,Vítěz,25-WINNER_NWAY-a,15.0
2026-06-19,2591948507,Kane Harry,Vítěz,25-WINNER_NWAY-a,2.7000000000000006
2026-06-19,2591948509,Rice Declan,Vítěz,25-WINNER_NWAY-a,9.0
2026-06-19,2591948510,Kvaratskhelia Khvicha,Vítěz,25-WINNER_NWAY-a,11.0
2026-06-19,2591948511,Messi Lionel,Vítěz,25-WINNER_NWAY-a,30.0
2026-06-19,2591948512,Haaland Erling,Vítěz,25-WINNER_NWAY-a,25.0
2026-06-19,2591948508,Vinicius Junior,Vítěz,25-WINNER_NWAY-a,50.0
2026-06-19,2591948514,Martinez Lautaro,Vítěz,25-WINNER_NWAY-a,100.0
2026-06-19,2591948516,Yamal Lamine,Vítěz,25-WINNER_NWAY-a,10.0
2026-06-19,2591948517,Dembele Ousmane,Vítěz,25-WINNER_NWAY-a,4.0
2026-06-19,2591948518,Mbappe Kylian,Vítěz,25-WINNER_NWAY-a,13.0
2026-06-19,2591948519,Ronaldo Cristiano,Vítěz,25-WINNER_NWAY-a,70.0
2026-06-19,2623169588,Doue Desire,Vítěz,25-WINNER_NWAY-a,20.0
2026-06-19,2591948515,Olise Michael,Vítěz,25-WINNER_NWAY-a,12.0
2026-06-18,2591948513,Vitinha Ferreira Vitor,Vítěz,25-WINNER_NWAY-a,15.0
2026-06-18,2591948506,Hakimi Achraf,Vítěz,25-WINNER_NWAY-a,40.0
2026-06-18,2591948507,Kane Harry,Vítěz,25-WINNER_NWAY-a,2.7000000000000006
2026-06-18,2591948508,Vinicius Junior,Vítěz,25-WINNER_NWAY-a,50.0
2026-06-18,2591948509,Rice Declan,Vítěz,25-WINNER_NWAY-a,9.0
2026-06-18,2591948510,Kvaratskhelia Khvicha,Vítěz,25-WINNER_NWAY-a,11.0
2026-06-18,2591948511,Messi Lionel,Vítěz,25-WINNER_NWAY-a,30.0
2026-06-18,2591948512,Haaland Erling,Vítěz,25-WINNER_NWAY-a,25.0
2026-06-18,2591948516,Yamal Lamine,Vítěz,25-WINNER_NWAY-a,10.0
2026-06-18,2591948514,Martinez Lautaro,Vítěz,25-WINNER_NWAY-a,100.0
2026-06-18,2591948515,Olise Michael,Vítěz,25-WINNER_NWAY-a,12.0
2026-06-18,2591948517,Dembele Ousmane,Vítěz,25-WINNER_NWAY-a,4.0
2026-06-18,2591948518,Mbappe Kylian,Vítěz,25-WINNER_NWAY-a,13.0
2026-06-18,2591948519,Ronaldo Cristiano,Vítěz,25-WINNER_NWAY-a,70.0
2026-06-18,2623169588,Doue Desire,Vítěz,25-WINNER_NWAY-a,20.0
2026-06-17,2591948511,Messi Lionel,Vítěz,25-WINNER_NWAY-a,30.0
2026-06-17,2591948510,Kvaratskhelia Khvicha,Vítěz,25-WINNER_NWAY-a,10.0
2026-06-17,2591948508,Vinicius Junior,Vítěz,25-WINNER_NWAY-a,50.0
2026-06-17,2591948507,Kane Harry,Vítěz,25-WINNER_NWAY-a,3.0
2026-06-17,2591948506,Hakimi Achraf,Vítěz,25-WINNER_NWAY-a,40.0
2026-06-17,2591948513,Vitinha Ferreira Vitor,Vítěz,25-WINNER_NWAY-a,15.0
2026-06-17,2591948512,Haaland Erling,Vítěz,25-WINNER_NWAY-a,25.0
2026-06-17,2591948509,Rice Declan,Vítěz,25-WINNER_NWAY-a,8.0
2026-06-17,2591948514,Martinez Lautaro,Vítěz,25-WINNER_NWAY-a,100.0
2026-06-17,2591948516,Yamal Lamine,Vítěz,25-WINNER_NWAY-a,9.0
2026-06-17,2591948517,Dembele Ousmane,Vítěz,25-WINNER_NWAY-a,4.0
2026-06-17,2591948515,Olise Michael,Vítěz,25-WINNER_NWAY-a,11.0
2026-06-17,2591948518,Mbappe Kylian,Vítěz,25-WINNER_NWAY-a,12.0
2026-06-17,2591948519,Ronaldo Cristiano,Vítěz,25-WINNER_NWAY-a,70.0
2026-06-17,2623169588,Doue Desire,Vítěz,25-WINNER_NWAY-a,20.0
2026-06-16,2591948512,Haaland Erling,Vítěz,25-WINNER_NWAY-a,30.0
2026-06-16,2591948506,Hakimi Achraf,Vítěz,25-WINNER_NWAY-a,40.0
2026-06-16,2591948507,Kane Harry,Vítěz,25-WINNER_NWAY-a,3.0
2026-06-16,2591948508,Vinicius Junior,Vítěz,25-WINNER_NWAY-a,50.0
2026-06-16,2591948509,Rice Declan,Vítěz,25-WINNER_NWAY-a,8.0
2026-06-16,2591948510,Kvaratskhelia Khvicha,Vítěz,25-WINNER_NWAY-a,10.0
2026-06-16,2591948511,Messi Lionel,Vítěz,25-WINNER_NWAY-a,60.0
2026-06-16,2591948513,Vitinha Ferreira Vitor,Vítěz,25-WINNER_NWAY-a,12.0
2026-06-16,2591948514,Martinez Lautaro,Vítěz,25-WINNER_NWAY-a,100.0
2026-06-16,2591948515,Olise Michael,Vítěz,25-WINNER_NWAY-a,11.0
2026-06-16,2591948516,Yamal Lamine,Vítěz,25-WINNER_NWAY-a,9.0
2026-06-16,2591948517,Dembele Ousmane,Vítěz,25-WINNER_NWAY-a,4.0
2026-06-16,2591948518,Mbappe Kylian,Vítěz,25-WINNER_NWAY-a,15.0
2026-06-16,2591948519,Ronaldo Cristiano,Vítěz,25-WINNER_NWAY-a,70.0
2026-06-16,2623169588,Doue Desire,Vítěz,25-WINNER_NWAY-a,20.0
2026-06-15,2591948513,Vitinha Ferreira Vitor,Vítěz,25-WINNER_NWAY-a,12.0
2026-06-15,2591948507,Kane Harry,Vítěz,25-WINNER_NWAY-a,3.0
2026-06-15,2591948508,Vinicius Junior,Vítěz,25-WINNER_NWAY-a,50.0
2026-06-15,2591948509,Rice Declan,Vítěz,25-WINNER_NWAY-a,8.0
2026-06-15,2591948506,Hakimi Achraf,Vítěz,25-WINNER_NWAY-a,40.0
2026-06-15,2591948510,Kvaratskhelia Khvicha,Vítěz,25-WINNER_NWAY-a,10.0
2026-06-15,2591948511,Messi Lionel,Vítěz,25-WINNER_NWAY-a,60.0
2026-06-15,2591948512,Haaland Erling,Vítěz,25-WINNER_NWAY-a,30.0
2026-06-15,2591948517,Dembele Ousmane,Vítěz,25-WINNER_NWAY-a,4.0
2026-06-15,2591948514,Martinez Lautaro,Vítěz,25-WINNER_NWAY-a,100.0
2026-06-15,2591948516,Yamal Lamine,Vítěz,25-WINNER_NWAY-a,9.0
2026-06-15,2591948518,Mbappe Kylian,Vítěz,25-WINNER_NWAY-a,15.0
2026-06-15,2591948519,Ronaldo Cristiano,Vítěz,25-WINNER_NWAY-a,70.0
2026-06-15,2623169588,Doue Desire,Vítěz,25-WINNER_NWAY-a,20.0
2026-06-15,2591948515,Olise Michael,Vítěz,25-WINNER_NWAY-a,11.0
2026-06-14,2591948513,Vitinha Ferreira Vitor,Vítěz,25-WINNER_NWAY-a,12.0
2026-06-14,2591948507,Kane Harry,Vítěz,25-WINNER_NWAY-a,3.0
2026-06-14,2591948508,Vinicius Junior,Vítěz,25-WINNER_NWAY-a,50.0
2026-06-14,2591948509,Rice Declan,Vítěz,25-WINNER_NWAY-a,8.0
2026-06-14,2591948510,Kvaratskhelia Khvicha,Vítěz,25-WINNER_NWAY-a,10.0
2026-06-14,2591948511,Messi Lionel,Vítěz,25-WINNER_NWAY-a,60.0
2026-06-14,2591948512,Haaland Erling,Vítěz,25-WINNER_NWAY-a,30.0
2026-06-14,2591948516,Yamal Lamine,Vítěz,25-WINNER_NWAY-a,9.0
2026-06-14,2591948514,Martinez Lautaro,Vítěz,25-WINNER_NWAY-a,100.0
2026-06-14,2591948515,Olise Michael,Vítěz,25-WINNER_NWAY-a,11.0
2026-06-14,2591948517,Dembele Ousmane,Vítěz,25-WINNER_NWAY-a,4.0
2026-06-14,2591948518,Mbappe Kylian,Vítěz,25-WINNER_NWAY-a,15.0
2026-06-14,2591948519,Ronaldo Cristiano,Vítěz,25-WINNER_NWAY-a,70.0
2026-06-14,2623169588,Doue Desire,Vítěz,25-WINNER_NWAY-a,20.0
2026-06-14,2591948506,Hakimi Achraf,Vítěz,25-WINNER_NWAY-a,40.0
2026-06-13,2591948510,Kvaratskhelia Khvicha,Vítěz,25-WINNER_NWAY-a,10.0
2026-06-13,2591948508,Vinicius Junior,Vítěz,25-WINNER_NWAY-a,50.0
2026-06-13,2591948509,Rice Declan,Vítěz,25-WINNER_NWAY-a,8.0
2026-06-13,2591948511,Messi Lionel,Vítěz,25-WINNER_NWAY-a,60.0
2026-06-13,2591948507,Kane Harry,Vítěz,25-WINNER_NWAY-a,3.0
2026-06-13,2591948506,Hakimi Achraf,Vítěz,25-WINNER_NWAY-a,40.0
2026-06-13,2591948512,Haaland Erling,Vítěz,25-WINNER_NWAY-a,30.0
2026-06-13,2591948513,Vitinha Ferreira Vitor,Vítěz,25-WINNER_NWAY-a,12.0
2026-06-13,2591948514,Martinez Lautaro,Vítěz,25-WINNER_NWAY-a,100.0
2026-06-13,2591948515,Olise Michael,Vítěz,25-WINNER_NWAY-a,11.0
2026-06-13,2591948516,Yamal Lamine,Vítěz,25-WINNER_NWAY-a,9.0
2026-06-13,2591948517,Dembele Ousmane,Vítěz,25-WINNER_NWAY-a,4.0
2026-06-13,2591948518,Mbappe Kylian,Vítěz,25-WINNER_NWAY-a,15.0
2026-06-13,2591948519,Ronaldo Cristiano,Vítěz,25-WINNER_NWAY-a,70.0
2026-06-13,2623169588,Doue Desire,Vítěz,25-WINNER_NWAY-a,20.0
2026-06-12,2591948513,Vitinha Ferreira Vitor,Vítěz,25-WINNER_NWAY-a,12.0
2026-06-12,2591948507,Kane Harry,Vítěz,25-WINNER_NWAY-a,3.0
2026-06-12,2591948508,Vinicius Junior,Vítěz,25-WINNER_NWAY-a,50.0
2026-06-12,2591948509,Rice Declan,Vítěz,25-WINNER_NWAY-a,8.0
2026-06-12,2591948510,Kvaratskhelia Khvicha,Vítěz,25-WINNER_NWAY-a,10.0
2026-06-12,2591948511,Messi Lionel,Vítěz,25-WINNER_NWAY-a,60.0
2026-06-12,2591948512,Haaland Erling,Vítěz,25-WINNER_NWAY-a,30.0
2026-06-12,2591948506,Hakimi Achraf,Vítěz,25-WINNER_NWAY-a,40.0
2026-06-12,2591948514,Martinez Lautaro,Vítěz,25-WINNER_NWAY-a,100.0
2026-06-12,2591948516,Yamal Lamine,Vítěz,25-WINNER_NWAY-a,9.0
2026-06-12,2591948517,Dembele Ousmane,Vítěz,25-WINNER_NWAY-a,4.0
2026-06-12,2591948518,Mbappe Kylian,Vítěz,25-WINNER_NWAY-a,15.0
2026-06-12,2591948519,Ronaldo Cristiano,Vítěz,25-WINNER_NWAY-a,70.0
2026-06-12,2623169588,Doue Desire,Vítěz,25-WINNER_NWAY-a,20.0
2026-06-12,2591948515,Olise Michael,Vítěz,25-WINNER_NWAY-a,11.0
2026-06-11,2591948513,Vitinha Ferreira Vitor,Vítěz,25-WINNER_NWAY-a,12.0
2026-06-11,2591948506,Hakimi Achraf,Vítěz,25-WINNER_NWAY-a,40.0
2026-06-11,2591948507,Kane Harry,Vítěz,25-WINNER_NWAY-a,3.0
2026-06-11,2591948508,Vinicius Junior,Vítěz,25-WINNER_NWAY-a,50.0
2026-06-11,2591948509,Rice Declan,Vítěz,25-WINNER_NWAY-a,8.0
2026-06-11,2591948510,Kvaratskhelia Khvicha,Vítěz,25-WINNER_NWAY-a,10.0
2026-06-11,2591948511,Messi Lionel,Vítěz,25-WINNER_NWAY-a,60.0
2026-06-11,2591948512,Haaland Erling,Vítěz,25-WINNER_NWAY-a,30.0
2026-06-11,2591948514,Martinez Lautaro,Vítěz,25-WINNER_NWAY-a,100.0
2026-06-11,2591948515,Olise Michael,Vítěz,25-WINNER_NWAY-a,11.0
2026-06-11,2591948516,Yamal Lamine,Vítěz,25-WINNER_NWAY-a,9.0
2026-06-11,2591948517,Dembele Ousmane,Vítěz,25-WINNER_NWAY-a,4.0
2026-06-11,2591948518,Mbappe Kylian,Vítěz,25-WINNER_NWAY-a,15.0
2026-06-11,2591948519,Ronaldo Cristiano,Vítěz,25-WINNER_NWAY-a,70.0
2026-06-11,2623169588,Doue Desire,Vítěz,25-WINNER_NWAY-a,20.0
2026-06-10,2591948513,Vitinha Ferreira Vitor,Vítěz,25-WINNER_NWAY-a,12.0
2026-06-10,2591948507,Kane Harry,Vítěz,25-WINNER_NWAY-a,3.0
2026-06-10,2591948508,Vinicius Junior,Vítěz,25-WINNER_NWAY-a,50.0
2026-06-10,2591948509,Rice Declan,Vítěz,25-WINNER_NWAY-a,8.0
2026-06-10,2591948510,Kvaratskhelia Khvicha,Vítěz,25-WINNER_NWAY-a,10.0
2026-06-10,2591948511,Messi Lionel,Vítěz,25-WINNER_NWAY-a,60.0
2026-06-10,2591948512,Haaland Erling,Vítěz,25-WINNER_NWAY-a,30.0
2026-06-10,2591948506,Hakimi Achraf,Vítěz,25-WINNER_NWAY-a,40.0
2026-06-10,2591948514,Martinez Lautaro,Vítěz,25-WINNER_NWAY-a,100.0
2026-06-10,2591948516,Yamal Lamine,Vítěz,25-WINNER_NWAY-a,9.0
2026-06-10,2591948517,Dembele Ousmane,Vítěz,25-WINNER_NWAY-a,4.0
2026-06-10,2591948518,Mbappe Kylian,Vítěz,25-WINNER_NWAY-a,15.0
2026-06-10,2591948519,Ronaldo Cristiano,Vítěz,25-WINNER_NWAY-a,70.0
2026-06-10,2623169588,Doue Desire,Vítěz,25-WINNER_NWAY-a,20.0
2026-06-10,2591948515,Olise Michael,Vítěz,25-WINNER_NWAY-a,11.0
2026-06-09,2591948513,Vitinha Ferreira Vitor,Vítěz,25-WINNER_NWAY-a,12.0
2026-06-09,2591948506,Hakimi Achraf,Vítěz,25-WINNER_NWAY-a,40.0
2026-06-09,2591948507,Kane Harry,Vítěz,25-WINNER_NWAY-a,3.0
2026-06-09,2591948508,Vinicius Junior,Vítěz,25-WINNER_NWAY-a,50.0
2026-06-09,2591948509,Rice Declan,Vítěz,25-WINNER_NWAY-a,8.0
2026-06-09,2591948510,Kvaratskhelia Khvicha,Vítěz,25-WINNER_NWAY-a,10.0
2026-06-09,2591948511,Messi Lionel,Vítěz,25-WINNER_NWAY-a,60.0
2026-06-09,2591948512,Haaland Erling,Vítěz,25-WINNER_NWAY-a,30.0
2026-06-09,2591948514,Martinez Lautaro,Vítěz,25-WINNER_NWAY-a,100.0
2026-06-09,2591948515,Olise Michael,Vítěz,25-WINNER_NWAY-a,11.0
2026-06-09,2591948516,Yamal Lamine,Vítěz,25-WINNER_NWAY-a,9.0
2026-06-09,2591948517,Dembele Ousmane,Vítěz,25-WINNER_NWAY-a,4.0
2026-06-09,2591948518,Mbappe Kylian,Vítěz,25-WINNER_NWAY-a,15.0
2026-06-09,2591948519,Ronaldo Cristiano,Vítěz,25-WINNER_NWAY-a,70.0
2026-06-09,2623169588,Doue Desire,Vítěz,25-WINNER_NWAY-a,20.0
2026-06-08,2591948506,Hakimi Achraf,Vítěz,25-WINNER_NWAY-a,40.0
2026-06-08,2591948507,Kane Harry,Vítěz,25-WINNER_NWAY-a,2.8666666666666667
2026-06-08,2591948508,Vinicius Junior,Vítěz,25-WINNER_NWAY-a,50.0
2026-06-08,2591948509,Rice Declan,Vítěz,25-WINNER_NWAY-a,8.0
2026-06-08,2591948510,Kvaratskhelia Khvicha,Vítěz,25-WINNER_NWAY-a,10.0
2026-06-08,2591948511,Messi Lionel,Vítěz,25-WINNER_NWAY-a,60.0
2026-06-08,2591948512,Haaland Erling,Vítěz,25-WINNER_NWAY-a,30.0
2026-06-08,2591948513,Vitinha Ferreira Vitor,Vítěz,25-WINNER_NWAY-a,12.0
2026-06-08,2591948514,Martinez Lautaro,Vítěz,25-WINNER_NWAY-a,100.0
2026-06-08,2591948515,Olise Michael,Vítěz,25-WINNER_NWAY-a,11.0
2026-06-08,2591948516,Yamal Lamine,Vítěz,25-WINNER_NWAY-a,9.0
2026-06-08,2591948517,Dembele Ousmane,Vítěz,25-WINNER_NWAY-a,4.0
2026-06-08,2591948518,Mbappe Kylian,Vítěz,25-WINNER_NWAY-a,15.0
2026-06-08,2591948519,Ronaldo Cristiano,Vítěz,25-WINNER_NWAY-a,70.0
2026-06-08,2623169588,Doue Desire,Vítěz,25-WINNER_NWAY-a,20.0
2026-06-07,2591948506,Hakimi Achraf,Vítěz,25-WINNER_NWAY-a,40.0
2026-06-07,2591948507,Kane Harry,Vítěz,25-WINNER_NWAY-a,2.9333333333333336
2026-06-07,2591948508,Vinicius Junior,Vítěz,25-WINNER_NWAY-a,50.0
2026-06-07,2591948509,Rice Declan,Vítěz,25-WINNER_NWAY-a,8.0
2026-06-07,2591948510,Kvaratskhelia Khvicha,Vítěz,25-WINNER_NWAY-a,10.0
2026-06-07,2591948511,Messi Lionel,Vítěz,25-WINNER_NWAY-a,60.0
2026-06-07,2591948512,Haaland Erling,Vítěz,25-WINNER_NWAY-a,30.0
2026-06-07,2591948513,Vitinha Ferreira Vitor,Vítěz,25-WINNER_NWAY-a,12.0
2026-06-07,2591948514,Martinez Lautaro,Vítěz,25-WINNER_NWAY-a,100.0
2026-06-07,2591948515,Olise Michael,Vítěz,25-WINNER_NWAY-a,11.0
2026-06-07,2591948516,Yamal Lamine,Vítěz,25-WINNER_NWAY-a,9.0
2026-06-07,2591948517,Dembele Ousmane,Vítěz,25-WINNER_NWAY-a,4.0
2026-06-07,2591948518,Mbappe Kylian,Vítěz,25-WINNER_NWAY-a,15.0
2026-06-07,2591948519,Ronaldo Cristiano,Vítěz,25-WINNER_NWAY-a,70.0
2026-06-07,2623169588,Doue Desire,Vítěz,25-WINNER_NWAY-a,20.0
2026-06-06,2591948513,Vitinha Ferreira Vitor,Vítěz,25-WINNER_NWAY-a,12.0
2026-06-06,2591948507,Kane Harry,Vítěz,25-WINNER_NWAY-a,3.0
2026-06-06,2591948508,Vinicius Junior,Vítěz,25-WINNER_NWAY-a,50.0
2026-06-06,2591948509,Rice Declan,Vítěz,25-WINNER_NWAY-a,8.0
2026-06-06,2591948510,Kvaratskhelia Khvicha,Vítěz,25-WINNER_NWAY-a,10.0
2026-06-06,2591948511,Messi Lionel,Vítěz,25-WINNER_NWAY-a,60.0
2026-06-06,2591948506,Hakimi Achraf,Vítěz,25-WINNER_NWAY-a,40.0
2026-06-06,2591948512,Haaland Erling,Vítěz,25-WINNER_NWAY-a,30.0
2026-06-06,2591948515,Olise Michael,Vítěz,25-WINNER_NWAY-a,11.0
2026-06-06,2591948514,Martinez Lautaro,Vítěz,25-WINNER_NWAY-a,100.0
2026-06-06,2591948517,Dembele Ousmane,Vítěz,25-WINNER_NWAY-a,4.0
2026-06-06,2591948518,Mbappe Kylian,Vítěz,25-WINNER_NWAY-a,15.0
2026-06-06,2591948519,Ronaldo Cristiano,Vítěz,25-WINNER_NWAY-a,70.0
2026-06-06,2623169588,Doue Desire,Vítěz,25-WINNER_NWAY-a,20.0
2026-06-06,2591948516,Yamal Lamine,Vítěz,25-WINNER_NWAY-a,9.0
2026-06-05,2591948512,Haaland Erling,Vítěz,25-WINNER_NWAY-a,30.0
2026-06-05,2591948506,Hakimi Achraf,Vítěz,25-WINNER_NWAY-a,40.0
2026-06-05,2591948507,Kane Harry,Vítěz,25-WINNER_NWAY-a,3.0
2026-06-05,2591948508,Vinicius Junior,Vítěz,25-WINNER_NWAY-a,50.0
2026-06-05,2591948509,Rice Declan,Vítěz,25-WINNER_NWAY-a,8.0
2026-06-05,2591948510,Kvaratskhelia Khvicha,Vítěz,25-WINNER_NWAY-a,10.0
2026-06-05,2591948511,Messi Lionel,Vítěz,25-WINNER_NWAY-a,60.0
2026-06-05,2591948513,Vitinha Ferreira Vitor,Vítěz,25-WINNER_NWAY-a,12.0
2026-06-05,2591948514,Martinez Lautaro,Vítěz,25-WINNER_NWAY-a,100.0
2026-06-05,2591948515,Olise Michael,Vítěz,25-WINNER_NWAY-a,11.0
2026-06-05,2591948516,Yamal Lamine,Vítěz,25-WINNER_NWAY-a,9.0
2026-06-05,2591948517,Dembele Ousmane,Vítěz,25-WINNER_NWAY-a,4.0
2026-06-05,2591948518,Mbappe Kylian,Vítěz,25-WINNER_NWAY-a,15.0
2026-06-05,2591948519,Ronaldo Cristiano,Vítěz,25-WINNER_NWAY-a,70.0
2026-06-05,2623169588,Doue Desire,Vítěz,25-WINNER_NWAY-a,20.0
2026-06-04,2591948513,Vitinha Ferreira Vitor,Vítěz,25-WINNER_NWAY-a,12.0
2026-06-04,2591948506,Hakimi Achraf,Vítěz,25-WINNER_NWAY-a,40.0
2026-06-04,2591948507,Kane Harry,Vítěz,25-WINNER_NWAY-a,3.0
2026-06-04,2591948508,Vinicius Junior,Vítěz,25-WINNER_NWAY-a,50.0
2026-06-04,2591948509,Rice Declan,Vítěz,25-WINNER_NWAY-a,8.0
2026-06-04,2591948510,Kvaratskhelia Khvicha,Vítěz,25-WINNER_NWAY-a,10.0
2026-06-04,2591948511,Messi Lionel,Vítěz,25-WINNER_NWAY-a,60.0
2026-06-04,2591948512,Haaland Erling,Vítěz,25-WINNER_NWAY-a,30.0
2026-06-04,2623169588,Doue Desire,Vítěz,25-WINNER_NWAY-a,20.0
2026-06-04,2591948514,Martinez Lautaro,Vítěz,25-WINNER_NWAY-a,100.0
2026-06-04,2591948515,Olise Michael,Vítěz,25-WINNER_NWAY-a,11.0
2026-06-04,2591948516,Yamal Lamine,Vítěz,25-WINNER_NWAY-a,9.0
2026-06-04,2591948517,Dembele Ousmane,Vítěz,25-WINNER_NWAY-a,4.0
2026-06-04,2591948518,Mbappe Kylian,Vítěz,25-WINNER_NWAY-a,15.0
2026-06-04,2591948519,Ronaldo Cristiano,Vítěz,25-WINNER_NWAY-a,70.0
2026-06-03,2591948514,Martinez Lautaro,Vítěz,25-WINNER_NWAY-a,100.0
2026-06-03,2591948507,Kane Harry,Vítěz,25-WINNER_NWAY-a,3.1
2026-06-03,2591948508,Vinicius Junior,Vítěz,25-WINNER_NWAY-a,50.0
2026-06-03,2591948508,Vinícius Júnior,Vítěz,25-WINNER_NWAY-a,50.0
2026-06-03,2591948506,Hakimi Achraf,Vítěz,25-WINNER_NWAY-a,40.0
2026-06-03,2591948510,Kvaratskhelia Khvicha,Vítěz,25-WINNER_NWAY-a,9.666666666666666
2026-06-03,2591948511,Messi Lionel,Vítěz,25-WINNER_NWAY-a,60.0
2026-06-03,2591948512,Haaland Erling,Vítěz,25-WINNER_NWAY-a,30.0
2026-06-03,2591948513,Vitinha Ferreira Vitor,Vítěz,25-WINNER_NWAY-a,12.0
2026-06-03,2591948509,Rice Declan,Vítěz,25-WINNER_NWAY-a,7.666666666666667
2026-06-03,2591948514,Martínez Lautaro,Vítěz,25-WINNER_NWAY-a,100.0
2026-06-03,2591948516,Yamal Lamine,Vítěz,25-WINNER_NWAY-a,8.666666666666666
2026-06-03,2591948517,Dembele Ousmane,Vítěz,25-WINNER_NWAY-a,4.0
2026-06-03,2591948518,Mbappe Kylian,Vítěz,25-WINNER_NWAY-a,15.0
2026-06-03,2591948518,Mbappé Kylian,Vítěz,25-WINNER_NWAY-a,15.0
2026-06-03,2591948519,Ronaldo Cristiano,Vítěz,25-WINNER_NWAY-a,70.0
2026-06-03,2623169588,Doue Desire,Vítěz,25-WINNER_NWAY-a,20.0
2026-06-03,2591948515,Olise Michael,Vítěz,25-WINNER_NWAY-a,10.666666666666666
2026-06-02,2591948513,Vitinha Ferreira Vitor,Vítěz,25-WINNER_NWAY-a,12.0
2026-06-02,2591948506,Hakimi Achraf,Vítěz,25-WINNER_NWAY-a,40.0
2026-06-02,2591948507,Kane Harry,Vítěz,25-WINNER_NWAY-a,3.2999999999999994
2026-06-02,2591948508,Vinícius Júnior,Vítěz,25-WINNER_NWAY-a,50.0
2026-06-02,2591948509,Rice Declan,Vítěz,25-WINNER_NWAY-a,7.0
2026-06-02,2591948510,Kvaratskhelia Khvicha,Vítěz,25-WINNER_NWAY-a,9.0
2026-06-02,2591948511,Messi Lionel,Vítěz,25-WINNER_NWAY-a,60.0
2026-06-02,2591948512,Haaland Erling,Vítěz,25-WINNER_NWAY-a,30.0
2026-06-02,2591948514,Martínez Lautaro,Vítěz,25-WINNER_NWAY-a,100.0
2026-06-02,2591948515,Olise Michael,Vítěz,25-WINNER_NWAY-a,10.0
2026-06-02,2591948516,Yamal Lamine,Vítěz,25-WINNER_NWAY-a,8.0
2026-06-02,2591948517,Dembele Ousmane,Vítěz,25-WINNER_NWAY-a,4.0
2026-06-02,2591948518,Mbappé Kylian,Vítěz,25-WINNER_NWAY-a,15.0
2026-06-02,2591948519,Ronaldo Cristiano,Vítěz,25-WINNER_NWAY-a,70.0
2026-06-02,2623169588,Doue Desire,Vítěz,25-WINNER_NWAY-a,20.0
2026-06-01,2591948513,Vitinha Ferreira Vitor,Vítěz,25-WINNER_NWAY-a,12.0
2026-06-01,2591948507,Kane Harry,Vítěz,25-WINNER_NWAY-a,3.3
2026-06-01,2591948508,Vinícius Júnior,Vítěz,25-WINNER_NWAY-a,50.0
2026-06-01,2591948509,Rice Declan,Vítěz,25-WINNER_NWAY-a,7.0
2026-06-01,2591948506,Hakimi Achraf,Vítěz,25-WINNER_NWAY-a,40.0
2026-06-01,2591948510,Kvaratskhelia Khvicha,Vítěz,25-WINNER_NWAY-a,9.0
2026-06-01,2591948511,Messi Lionel,Vítěz,25-WINNER_NWAY-a,60.0
2026-06-01,2591948512,Haaland Erling,Vítěz,25-WINNER_NWAY-a,30.0
2026-06-01,2591948517,Dembele Ousmane,Vítěz,25-WINNER_NWAY-a,4.0
2026-06-01,2591948514,Martínez Lautaro,Vítěz,25-WINNER_NWAY-a,100.0
2026-06-01,2591948516,Yamal Lamine,Vítěz,25-WINNER_NWAY-a,8.0
2026-06-01,2591948518,Mbappé Kylian,Vítěz,25-WINNER_NWAY-a,15.0
2026-06-01,2591948519,Ronaldo Cristiano,Vítěz,25-WINNER_NWAY-a,70.0
2026-06-01,2623169588,Doue Desire,Vítěz,25-WINNER_NWAY-a,20.0
2026-06-01,2591948515,Olise Michael,Vítěz,25-WINNER_NWAY-a,10.0
2026-05-30,2591948512,Haaland Erling,Vítěz,25-WINNER_NWAY-a,30.0
2026-05-30,2591948506,Hakimi Achraf,Vítěz,25-WINNER_NWAY-a,50.0
2026-05-30,2591948507,Kane Harry,Vítěz,25-WINNER_NWAY-a,3.3
2026-05-30,2591948508,Vinícius Júnior,Vítěz,25-WINNER_NWAY-a,30.0
2026-05-30,2591948509,Rice Declan,Vítěz,25-WINNER_NWAY-a,10.0
2026-05-30,2591948510,Kvaratskhelia Khvicha,Vítěz,25-WINNER_NWAY-a,17.0
2026-05-30,2591948511,Messi Lionel,Vítěz,25-WINNER_NWAY-a,60.0
2026-05-30,2591948515,Olise Michael,Vítěz,25-WINNER_NWAY-a,15.0
2026-05-30,2591948513,Vitinha Ferreira Vitor,Vítěz,25-WINNER_NWAY-a,20.0
2026-05-30,2591948514,Martínez Lautaro,Vítěz,25-WINNER_NWAY-a,100.0
2026-05-30,2591948516,Yamal Lamine,Vítěz,25-WINNER_NWAY-a,8.0
2026-05-30,2591948517,Dembele Ousmane,Vítěz,25-WINNER_NWAY-a,4.0
2026-05-30,2591948518,Mbappé Kylian,Vítěz,25-WINNER_NWAY-a,13.0
2026-05-30,2591948519,Ronaldo Cristiano,Vítěz,25-WINNER_NWAY-a,70.0
2026-05-29,2591948510,Kvaratskhelia Khvicha,Vítěz,25-WINNER_NWAY-a,17.0
2026-05-29,2591948509,Rice Declan,Vítěz,25-WINNER_NWAY-a,10.0
2026-05-29,2591948508,Vinícius Júnior,Vítěz,25-WINNER_NWAY-a,30.0
2026-05-29,2591948507,Kane Harry,Vítěz,25-WINNER_NWAY-a,3.2999999999999994
2026-05-29,2591948506,Hakimi Achraf,Vítěz,25-WINNER_NWAY-a,50.0
2026-05-29,2591948513,Vitinha Ferreira Vitor,Vítěz,25-WINNER_NWAY-a,20.0
2026-05-29,2591948511,Messi Lionel,Vítěz,25-WINNER_NWAY-a,60.0
2026-05-29,2591948512,Haaland Erling,Vítěz,25-WINNER_NWAY-a,30.0
2026-05-29,2591948514,Martínez Lautaro,Vítěz,25-WINNER_NWAY-a,100.0
2026-05-29,2591948515,Olise Michael,Vítěz,25-WINNER_NWAY-a,15.0
2026-05-29,2591948516,Yamal Lamine,Vítěz,25-WINNER_NWAY-a,8.0
2026-05-29,2591948517,Dembele Ousmane,Vítěz,25-WINNER_NWAY-a,4.0
2026-05-29,2591948518,Mbappé Kylian,Vítěz,25-WINNER_NWAY-a,13.0
2026-05-29,2591948519,Ronaldo Cristiano,Vítěz,25-WINNER_NWAY-a,70.0
2026-05-28,2591948512,Haaland Erling,Vítěz,25-WINNER_NWAY-a,30.0
2026-05-28,2591948506,Hakimi Achraf,Vítěz,25-WINNER_NWAY-a,50.0
2026-05-28,2591948507,Kane Harry,Vítěz,25-WINNER_NWAY-a,3.2999999999999994
2026-05-28,2591948508,Vinícius Júnior,Vítěz,25-WINNER_NWAY-a,30.0
2026-05-28,2591948509,Rice Declan,Vítěz,25-WINNER_NWAY-a,10.0
2026-05-28,2591948510,Kvaratskhelia Khvicha,Vítěz,25-WINNER_NWAY-a,17.0
2026-05-28,2591948511,Messi Lionel,Vítěz,25-WINNER_NWAY-a,60.0
2026-05-28,2591948513,Vitinha Ferreira Vitor,Vítěz,25-WINNER_NWAY-a,20.0
2026-05-28,2591948514,Martínez Lautaro,Vítěz,25-WINNER_NWAY-a,100.0
2026-05-28,2591948515,Olise Michael,Vítěz,25-WINNER_NWAY-a,15.0
2026-05-28,2591948516,Yamal Lamine,Vítěz,25-WINNER_NWAY-a,8.0
2026-05-28,2591948517,Dembele Ousmane,Vítěz,25-WINNER_NWAY-a,4.0
2026-05-28,2591948518,Mbappé Kylian,Vítěz,25-WINNER_NWAY-a,13.0
2026-05-28,2591948519,Ronaldo Cristiano,Vítěz,25-WINNER_NWAY-a,70.0
2026-05-27,2591948512,Haaland Erling,Vítěz,25-WINNER_NWAY-a,30.0
2026-05-27,2591948506,Hakimi Achraf,Vítěz,25-WINNER_NWAY-a,50.0
2026-05-27,2591948507,Kane Harry,Vítěz,25-WINNER_NWAY-a,3.2999999999999994
2026-05-27,2591948508,Vinícius Júnior,Vítěz,25-WINNER_NWAY-a,30.0
2026-05-27,2591948509,Rice Declan,Vítěz,25-WINNER_NWAY-a,10.0
2026-05-27,2591948510,Kvaratskhelia Khvicha,Vítěz,25-WINNER_NWAY-a,17.0
2026-05-27,2591948511,Messi Lionel,Vítěz,25-WINNER_NWAY-a,60.0
2026-05-27,2591948513,Vitinha Ferreira Vitor,Vítěz,25-WINNER_NWAY-a,20.0
2026-05-27,2591948515,Olise Michael,Vítěz,25-WINNER_NWAY-a,15.0
2026-05-27,2591948516,Yamal Lamine,Vítěz,25-WINNER_NWAY-a,8.0
2026-05-27,2591948517,Dembele Ousmane,Vítěz,25-WINNER_NWAY-a,4.0
2026-05-27,2591948518,Mbappé Kylian,Vítěz,25-WINNER_NWAY-a,13.0
2026-05-27,2591948519,Ronaldo Cristiano,Vítěz,25-WINNER_NWAY-a,70.0
2026-05-27,2591948514,Martínez Lautaro,Vítěz,25-WINNER_NWAY-a,100.0
2026-05-26,2591948513,Vitinha Ferreira Vitor,Vítěz,25-WINNER_NWAY-a,20.0
2026-05-26,2591948512,Haaland Erling,Vítěz,25-WINNER_NWAY-a,30.0
2026-05-26,2591948506,Hakimi Achraf,Vítěz,25-WINNER_NWAY-a,50.0
2026-05-26,2591948507,Kane Harry,Vítěz,25-WINNER_NWAY-a,3.2999999999999994
2026-05-26,2591948508,Vinícius Júnior,Vítěz,25-WINNER_NWAY-a,30.0
2026-05-26,2591948509,Rice Declan,Vítěz,25-WINNER_NWAY-a,10.0
2026-05-26,2591948510,Kvaratskhelia Khvicha,Vítěz,25-WINNER_NWAY-a,17.0
2026-05-26,2591948511,Messi Lionel,Vítěz,25-WINNER_NWAY-a,60.0
2026-05-26,2591948515,Olise Michael,Vítěz,25-WINNER_NWAY-a,15.0
2026-05-26,2591948514,Martínez Lautaro,Vítěz,25-WINNER_NWAY-a,100.0
2026-05-26,2591948516,Yamal Lamine,Vítěz,25-WINNER_NWAY-a,8.0
2026-05-26,2591948517,Dembele Ousmane,Vítěz,25-WINNER_NWAY-a,4.0
2026-05-26,2591948518,Mbappé Kylian,Vítěz,25-WINNER_NWAY-a,13.0
2026-05-26,2591948519,Ronaldo Cristiano,Vítěz,25-WINNER_NWAY-a,70.0
2026-05-25,2591948508,Vinícius Júnior,Vítěz,25-WINNER_NWAY-a,30.0
2026-05-25,2591948510,Kvaratskhelia Khvicha,Vítěz,25-WINNER_NWAY-a,14.666666666666666
2026-05-25,2591948509,Rice Declan,Vítěz,25-WINNER_NWAY-a,9.0
2026-05-25,2591948512,Haaland Erling,Vítěz,25-WINNER_NWAY-a,30.0
2026-05-25,2591948507,Kane Harry,Vítěz,25-WINNER_NWAY-a,3.3666666666666667
2026-05-25,2591948506,Hakimi Achraf,Vítěz,25-WINNER_NWAY-a,50.0
2026-05-25,2591948511,Messi Lionel,Vítěz,25-WINNER_NWAY-a,60.0
2026-05-25,2591948513,Vitinha Ferreira Vitor,Vítěz,25-WINNER_NWAY-a,20.0
2026-05-25,2591948514,Martínez Lautaro,Vítěz,25-WINNER_NWAY-a,100.0
2026-05-25,2591948515,Olise Michael,Vítěz,25-WINNER_NWAY-a,12.0
2026-05-25,2591948516,Yamal Lamine,Vítěz,25-WINNER_NWAY-a,8.0
2026-05-25,2591948517,Dembele Ousmane,Vítěz,25-WINNER_NWAY-a,4.333333333333333
2026-05-25,2591948518,Mbappé Kylian,Vítěz,25-WINNER_NWAY-a,13.666666666666666
2026-05-25,2591948519,Ronaldo Cristiano,Vítěz,25-WINNER_NWAY-a,70.0
2026-05-24,2591948513,Vitinha Ferreira Vitor,Vítěz,25-WINNER_NWAY-a,20.0
2026-05-24,2591948506,Hakimi Achraf,Vítěz,25-WINNER_NWAY-a,50.0
2026-05-24,2591948507,Kane Harry,Vítěz,25-WINNER_NWAY-a,3.5
2026-05-24,2591948508,Vinícius Júnior,Vítěz,25-WINNER_NWAY-a,30.0
2026-05-24,2591948509,Rice Declan,Vítěz,25-WINNER_NWAY-a,7.0
2026-05-24,2591948510,Kvaratskhelia Khvicha,Vítěz,25-WINNER_NWAY-a,10.0
2026-05-24,2591948511,Messi Lionel,Vítěz,25-WINNER_NWAY-a,60.0
2026-05-24,2591948512,Haaland Erling,Vítěz,25-WINNER_NWAY-a,30.0
2026-05-24,2591948514,Martínez Lautaro,Vítěz,25-WINNER_NWAY-a,100.0
2026-05-24,2591948515,Olise Michael,Vítěz,25-WINNER_NWAY-a,6.0
2026-05-24,2591948516,Yamal Lamine,Vítěz,25-WINNER_NWAY-a,8.0
2026-05-24,2591948517,Dembele Ousmane,Vítěz,25-WINNER_NWAY-a,5.0
2026-05-24,2591948518,Mbappé Kylian,Vítěz,25-WINNER_NWAY-a,15.0
2026-05-24,2591948519,Ronaldo Cristiano,Vítěz,25-WINNER_NWAY-a,70.0
2026-05-23,2591948512,Haaland Erling,Vítěz,25-WINNER_NWAY-a,30.0
2026-05-23,2591948506,Hakimi Achraf,Vítěz,25-WINNER_NWAY-a,50.0
2026-05-23,2591948507,Kane Harry,Vítěz,25-WINNER_NWAY-a,3.5
2026-05-23,2591948508,Vinícius Júnior,Vítěz,25-WINNER_NWAY-a,30.0
2026-05-23,2591948509,Rice Declan,Vítěz,25-WINNER_NWAY-a,7.0
2026-05-23,2591948510,Kvaratskhelia Khvicha,Vítěz,25-WINNER_NWAY-a,10.0
2026-05-23,2591948511,Messi Lionel,Vítěz,25-WINNER_NWAY-a,60.0
2026-05-23,2591948513,Vitinha Ferreira Vitor,Vítěz,25-WINNER_NWAY-a,20.0
2026-05-23,2591948515,Olise Michael,Vítěz,25-WINNER_NWAY-a,6.0
2026-05-23,2591948514,Martínez Lautaro,Vítěz,25-WINNER_NWAY-a,100.0
2026-05-23,2591948516,Yamal Lamine,Vítěz,25-WINNER_NWAY-a,8.0
2026-05-23,2591948517,Dembele Ousmane,Vítěz,25-WINNER_NWAY-a,5.0
2026-05-23,2591948518,Mbappé Kylian,Vítěz,25-WINNER_NWAY-a,15.0
2026-05-23,2591948519,Ronaldo Cristiano,Vítěz,25-WINNER_NWAY-a,70.0
2026-05-22,2591948512,Haaland Erling,Vítěz,25-WINNER_NWAY-a,30.0
2026-05-22,2591948506,Hakimi Achraf,Vítěz,25-WINNER_NWAY-a,50.0
2026-05-22,2591948507,Kane Harry,Vítěz,25-WINNER_NWAY-a,3.5
2026-05-22,2591948508,Vinícius Júnior,Vítěz,25-WINNER_NWAY-a,30.0
2026-05-22,2591948509,Rice Declan,Vítěz,25-WINNER_NWAY-a,7.0
2026-05-22,2591948510,Kvaratskhelia Khvicha,Vítěz,25-WINNER_NWAY-a,10.0
2026-05-22,2591948511,Messi Lionel,Vítěz,25-WINNER_NWAY-a,60.0
2026-05-22,2591948514,Martínez Lautaro,Vítěz,25-WINNER_NWAY-a,100.0
2026-05-22,2591948513,Vitinha Ferreira Vitor,Vítěz,25-WINNER_NWAY-a,20.0
2026-05-22,2591948515,Olise Michael,Vítěz,25-WINNER_NWAY-a,6.0
2026-05-22,2591948516,Yamal Lamine,Vítěz,25-WINNER_NWAY-a,8.0
2026-05-22,2591948517,Dembele Ousmane,Vítěz,25-WINNER_NWAY-a,5.0
2026-05-22,2591948518,Mbappé Kylian,Vítěz,25-WINNER_NWAY-a,15.0
2026-05-22,2591948519,Ronaldo Cristiano,Vítěz,25-WINNER_NWAY-a,70.0
2026-05-21,2591948508,Vinícius Júnior,Vítěz,25-WINNER_NWAY-a,30.0
2026-05-21,2591948510,Kvaratskhelia Khvicha,Vítěz,25-WINNER_NWAY-a,10.0
2026-05-21,2591948509,Rice Declan,Vítěz,25-WINNER_NWAY-a,7.0
2026-05-21,2591948512,Haaland Erling,Vítěz,25-WINNER_NWAY-a,30.0
2026-05-21,2591948507,Kane Harry,Vítěz,25-WINNER_NWAY-a,3.5
2026-05-21,2591948506,Hakimi Achraf,Vítěz,25-WINNER_NWAY-a,50.0
2026-05-21,2591948511,Messi Lionel,Vítěz,25-WINNER_NWAY-a,60.0
2026-05-21,2591948519,Ronaldo Cristiano,Vítěz,25-WINNER_NWAY-a,70.0
2026-05-21,2591948513,Vitinha Ferreira Vitor,Vítěz,25-WINNER_NWAY-a,20.0
2026-05-21,2591948515,Olise Michael,Vítěz,25-WINNER_NWAY-a,6.0
2026-05-21,2591948516,Yamal Lamine,Vítěz,25-WINNER_NWAY-a,8.0
2026-05-21,2591948517,Dembele Ousmane,Vítěz,25-WINNER_NWAY-a,5.0
2026-05-21,2591948518,Mbappé Kylian,Vítěz,25-WINNER_NWAY-a,15.0
2026-05-21,2591948514,Martínez Lautaro,Vítěz,25-WINNER_NWAY-a,100.0
2026-05-20,2591948512,Haaland Erling,Vítěz,25-WINNER_NWAY-a,30.0
2026-05-20,2591948506,Hakimi Achraf,Vítěz,25-WINNER_NWAY-a,50.0
2026-05-20,2591948507,Kane Harry,Vítěz,25-WINNER_NWAY-a,3.5
2026-05-20,2591948508,Vinícius Júnior,Vítěz,25-WINNER_NWAY-a,30.0
2026-05-20,2591948509,Rice Declan,Vítěz,25-WINNER_NWAY-a,7.0
2026-05-20,2591948510,Kvaratskhelia Khvicha,Vítěz,25-WINNER_NWAY-a,10.0
2026-05-20,2591948511,Messi Lionel,Vítěz,25-WINNER_NWAY-a,60.0
2026-05-20,2591948513,Vitinha Ferreira Vitor,Vítěz,25-WINNER_NWAY-a,20.0
2026-05-20,2591948514,Martínez Lautaro,Vítěz,25-WINNER_NWAY-a,100.0
2026-05-20,2591948515,Olise Michael,Vítěz,25-WINNER_NWAY-a,6.0
2026-05-20,2591948516,Yamal Lamine,Vítěz,25-WINNER_NWAY-a,8.0
2026-05-20,2591948517,Dembele Ousmane,Vítěz,25-WINNER_NWAY-a,5.0
2026-05-20,2591948518,Mbappé Kylian,Vítěz,25-WINNER_NWAY-a,15.0
2026-05-20,2591948519,Ronaldo Cristiano,Vítěz,25-WINNER_NWAY-a,70.0
2026-05-19,2591948512,Haaland Erling,Vítěz,25-WINNER_NWAY-a,30.0
2026-05-19,2591948506,Hakimi Achraf,Vítěz,25-WINNER_NWAY-a,50.0
2026-05-19,2591948507,Kane Harry,Vítěz,25-WINNER_NWAY-a,3.5
2026-05-19,2591948508,Vinícius Júnior,Vítěz,25-WINNER_NWAY-a,30.0
2026-05-19,2591948509,Rice Declan,Vítěz,25-WINNER_NWAY-a,7.0
2026-05-19,2591948510,Kvaratskhelia Khvicha,Vítěz,25-WINNER_NWAY-a,10.0
2026-05-19,2591948511,Messi Lionel,Vítěz,25-WINNER_NWAY-a,60.0
2026-05-19,2591948513,Vitinha Ferreira Vitor,Vítěz,25-WINNER_NWAY-a,20.0
2026-05-19,2591948515,Olise Michael,Vítěz,25-WINNER_NWAY-a,6.0
2026-05-19,2591948516,Yamal Lamine,Vítěz,25-WINNER_NWAY-a,8.0
2026-05-19,2591948517,Dembele Ousmane,Vítěz,25-WINNER_NWAY-a,5.0
2026-05-19,2591948518,Mbappé Kylian,Vítěz,25-WINNER_NWAY-a,15.0
2026-05-19,2591948519,Ronaldo Cristiano,Vítěz,25-WINNER_NWAY-a,70.0
2026-05-19,2591948514,Martínez Lautaro,Vítěz,25-WINNER_NWAY-a,100.0
2026-05-18,2591948513,Vitinha Ferreira Vitor,Vítěz,25-WINNER_NWAY-a,20.0
2026-05-18,2591948512,Haaland Erling,Vítěz,25-WINNER_NWAY-a,30.0
2026-05-18,2591948506,Hakimi Achraf,Vítěz,25-WINNER_NWAY-a,50.0
2026-05-18,2591948507,Kane Harry,Vítěz,25-WINNER_NWAY-a,3.5
2026-05-18,2591948508,Vinícius Júnior,Vítěz,25-WINNER_NWAY-a,30.0
2026-05-18,2591948509,Rice Declan,Vítěz,25-WINNER_NWAY-a,7.0
2026-05-18,2591948510,Kvaratskhelia Khvicha,Vítěz,25-WINNER_NWAY-a,10.0
2026-05-18,2591948511,Messi Lionel,Vítěz,25-WINNER_NWAY-a,60.0
2026-05-18,2591948515,Olise Michael,Vítěz,25-WINNER_NWAY-a,6.0
2026-05-18,2591948514,Martínez Lautaro,Vítěz,25-WINNER_NWAY-a,100.0
2026-05-18,2591948516,Yamal Lamine,Vítěz,25-WINNER_NWAY-a,8.0
2026-05-18,2591948517,Dembele Ousmane,Vítěz,25-WINNER_NWAY-a,5.0
2026-05-18,2591948518,Mbappé Kylian,Vítěz,25-WINNER_NWAY-a,15.0
2026-05-18,2591948519,Ronaldo Cristiano,Vítěz,25-WINNER_NWAY-a,70.0
2026-05-17,2591948508,Vinícius Júnior,Vítěz,25-WINNER_NWAY-a,30.0
2026-05-17,2591948510,Kvaratskhelia Khvicha,Vítěz,25-WINNER_NWAY-a,10.0
2026-05-17,2591948509,Rice Declan,Vítěz,25-WINNER_NWAY-a,7.0
2026-05-17,2591948512,Haaland Erling,Vítěz,25-WINNER_NWAY-a,30.0
2026-05-17,2591948507,Kane Harry,Vítěz,25-WINNER_NWAY-a,3.5
2026-05-17,2591948506,Hakimi Achraf,Vítěz,25-WINNER_NWAY-a,50.0
2026-05-17,2591948511,Messi Lionel,Vítěz,25-WINNER_NWAY-a,60.0
2026-05-17,2591948519,Ronaldo Cristiano,Vítěz,25-WINNER_NWAY-a,70.0
2026-05-17,2591948513,Vitinha Ferreira Vitor,Vítěz,25-WINNER_NWAY-a,20.0
2026-05-17,2591948515,Olise Michael,Vítěz,25-WINNER_NWAY-a,6.0
2026-05-17,2591948516,Yamal Lamine,Vítěz,25-WINNER_NWAY-a,8.0
2026-05-17,2591948517,Dembele Ousmane,Vítěz,25-WINNER_NWAY-a,5.0
2026-05-17,2591948518,Mbappé Kylian,Vítěz,25-WINNER_NWAY-a,15.0
2026-05-17,2591948514,Martínez Lautaro,Vítěz,25-WINNER_NWAY-a,100.0
2026-05-16,2591948512,Haaland Erling,Vítěz,25-WINNER_NWAY-a,30.0
2026-05-16,2591948506,Hakimi Achraf,Vítěz,25-WINNER_NWAY-a,50.0
2026-05-16,2591948507,Kane Harry,Vítěz,25-WINNER_NWAY-a,3.5
2026-05-16,2591948508,Vinícius Júnior,Vítěz,25-WINNER_NWAY-a,30.0
2026-05-16,2591948509,Rice Declan,Vítěz,25-WINNER_NWAY-a,7.0
2026-05-16,2591948510,Kvaratskhelia Khvicha,Vítěz,25-WINNER_NWAY-a,10.0
2026-05-16,2591948511,Messi Lionel,Vítěz,25-WINNER_NWAY-a,60.0
2026-05-16,2591948513,Vitinha Ferreira Vitor,Vítěz,25-WINNER_NWAY-a,20.0
2026-05-16,2591948514,Martínez Lautaro,Vítěz,25-WINNER_NWAY-a,100.0
2026-05-16,2591948515,Olise Michael,Vítěz,25-WINNER_NWAY-a,6.0
2026-05-16,2591948516,Yamal Lamine,Vítěz,25-WINNER_NWAY-a,8.0
2026-05-16,2591948517,Dembele Ousmane,Vítěz,25-WINNER_NWAY-a,5.0
2026-05-16,2591948518,Mbappé Kylian,Vítěz,25-WINNER_NWAY-a,15.0
2026-05-16,2591948519,Ronaldo Cristiano,Vítěz,25-WINNER_NWAY-a,70.0
2026-05-15,2591948512,Haaland Erling,Vítěz,25-WINNER_NWAY-a,30.0
2026-05-15,2591948506,Hakimi Achraf,Vítěz,25-WINNER_NWAY-a,50.0
2026-05-15,2591948507,Kane Harry,Vítěz,25-WINNER_NWAY-a,3.5
2026-05-15,2591948508,Vinícius Júnior,Vítěz,25-WINNER_NWAY-a,30.0
2026-05-15,2591948509,Rice Declan,Vítěz,25-WINNER_NWAY-a,7.0
2026-05-15,2591948510,Kvaratskhelia Khvicha,Vítěz,25-WINNER_NWAY-a,10.0
2026-05-15,2591948511,Messi Lionel,Vítěz,25-WINNER_NWAY-a,60.0
2026-05-15,2591948519,Ronaldo Cristiano,Vítěz,25-WINNER_NWAY-a,70.0
2026-05-15,2591948513,Vitinha Ferreira Vitor,Vítěz,25-WINNER_NWAY-a,20.0
2026-05-15,2591948514,Martínez Lautaro,Vítěz,25-WINNER_NWAY-a,100.0
2026-05-15,2591948515,Olise Michael,Vítěz,25-WINNER_NWAY-a,6.0
2026-05-15,2591948516,Yamal Lamine,Vítěz,25-WINNER_NWAY-a,8.0
2026-05-15,2591948517,Dembele Ousmane,Vítěz,25-WINNER_NWAY-a,5.0
2026-05-15,2591948518,Mbappé Kylian,Vítěz,25-WINNER_NWAY-a,15.0
2026-05-14,2591948512,Haaland Erling,Vítěz,25-WINNER_NWAY-a,30.0
2026-05-14,2591948506,Hakimi Achraf,Vítěz,25-WINNER_NWAY-a,50.0
2026-05-14,2591948507,Kane Harry,Vítěz,25-WINNER_NWAY-a,3.5
2026-05-14,2591948508,Vinícius Júnior,Vítěz,25-WINNER_NWAY-a,30.0
2026-05-14,2591948509,Rice Declan,Vítěz,25-WINNER_NWAY-a,7.0
2026-05-14,2591948510,Kvaratskhelia Khvicha,Vítěz,25-WINNER_NWAY-a,10.0
2026-05-14,2591948511,Messi Lionel,Vítěz,25-WINNER_NWAY-a,60.0
2026-05-14,2591948513,Vitinha Ferreira Vitor,Vítěz,25-WINNER_NWAY-a,20.0
2026-05-14,2591948515,Olise Michael,Vítěz,25-WINNER_NWAY-a,6.0
2026-05-14,2591948514,Martínez Lautaro,Vítěz,25-WINNER_NWAY-a,100.0
2026-05-14,2591948516,Yamal Lamine,Vítěz,25-WINNER_NWAY-a,8.0
2026-05-14,2591948517,Dembele Ousmane,Vítěz,25-WINNER_NWAY-a,5.0
2026-05-14,2591948518,Mbappé Kylian,Vítěz,25-WINNER_NWAY-a,15.0
2026-05-14,2591948519,Ronaldo Cristiano,Vítěz,25-WINNER_NWAY-a,70.0
2026-05-13,2591948513,Vitinha Ferreira Vitor,Vítěz,25-WINNER_NWAY-a,20.0
2026-05-13,2591948506,Hakimi Achraf,Vítěz,25-WINNER_NWAY-a,50.0
2026-05-13,2591948507,Kane Harry,Vítěz,25-WINNER_NWAY-a,3.5
2026-05-13,2591948508,Vinícius Júnior,Vítěz,25-WINNER_NWAY-a,30.0
2026-05-13,2591948509,Rice Declan,Vítěz,25-WINNER_NWAY-a,7.0
2026-05-13,2591948510,Kvaratskhelia Khvicha,Vítěz,25-WINNER_NWAY-a,10.0
2026-05-13,2591948511,Messi Lionel,Vítěz,25-WINNER_NWAY-a,60.0
2026-05-13,2591948512,Haaland Erling,Vítěz,25-WINNER_NWAY-a,30.0
2026-05-13,2591948514,Martínez Lautaro,Vítěz,25-WINNER_NWAY-a,100.0
2026-05-13,2591948515,Olise Michael,Vítěz,25-WINNER_NWAY-a,6.0
2026-05-13,2591948516,Yamal Lamine,Vítěz,25-WINNER_NWAY-a,8.0
2026-05-13,2591948517,Dembele Ousmane,Vítěz,25-WINNER_NWAY-a,5.0
2026-05-13,2591948518,Mbappé Kylian,Vítěz,25-WINNER_NWAY-a,15.0
2026-05-13,2591948519,Ronaldo Cristiano,Vítěz,25-WINNER_NWAY-a,70.0
2026-05-12,2591948513,Vitinha Ferreira Vitor,Vítěz,25-WINNER_NWAY-a,20.0
2026-05-12,2591948506,Hakimi Achraf,Vítěz,25-WINNER_NWAY-a,50.0
2026-05-12,2591948507,Kane Harry,Vítěz,25-WINNER_NWAY-a,3.5
2026-05-12,2591948508,Vinícius Júnior,Vítěz,25-WINNER_NWAY-a,30.0
2026-05-12,2591948509,Rice Declan,Vítěz,25-WINNER_NWAY-a,7.0
2026-05-12,2591948510,Kvaratskhelia Khvicha,Vítěz,25-WINNER_NWAY-a,10.0
2026-05-12,2591948511,Messi Lionel,Vítěz,25-WINNER_NWAY-a,60.0
2026-05-12,2591948512,Haaland Erling,Vítěz,25-WINNER_NWAY-a,30.0
2026-05-12,2591948515,Olise Michael,Vítěz,25-WINNER_NWAY-a,6.0
2026-05-12,2591948516,Yamal Lamine,Vítěz,25-WINNER_NWAY-a,8.0
2026-05-12,2591948517,Dembele Ousmane,Vítěz,25-WINNER_NWAY-a,5.0
2026-05-12,2591948518,Mbappé Kylian,Vítěz,25-WINNER_NWAY-a,15.0
2026-05-12,2591948519,Ronaldo Cristiano,Vítěz,25-WINNER_NWAY-a,70.0
2026-05-12,2591948514,Martínez Lautaro,Vítěz,25-WINNER_NWAY-a,100.0
2026-05-11,2591948513,Vitinha Ferreira Vitor,Vítěz,25-WINNER_NWAY-a,20.0
2026-05-11,2591948512,Haaland Erling,Vítěz,25-WINNER_NWAY-a,30.0
2026-05-11,2591948506,Hakimi Achraf,Vítěz,25-WINNER_NWAY-a,50.0
2026-05-11,2591948507,Kane Harry,Vítěz,25-WINNER_NWAY-a,3.5
2026-05-11,2591948508,Vinícius Júnior,Vítěz,25-WINNER_NWAY-a,30.0
2026-05-11,2591948509,Rice Declan,Vítěz,25-WINNER_NWAY-a,7.0
2026-05-11,2591948510,Kvaratskhelia Khvicha,Vítěz,25-WINNER_NWAY-a,10.0
2026-05-11,2591948511,Messi Lionel,Vítěz,25-WINNER_NWAY-a,60.0
2026-05-11,2591948515,Olise Michael,Vítěz,25-WINNER_NWAY-a,6.0
2026-05-11,2591948514,Martínez Lautaro,Vítěz,25-WINNER_NWAY-a,100.0
2026-05-11,2591948516,Yamal Lamine,Vítěz,25-WINNER_NWAY-a,8.0
2026-05-11,2591948517,Dembele Ousmane,Vítěz,25-WINNER_NWAY-a,5.0
2026-05-11,2591948518,Mbappé Kylian,Vítěz,25-WINNER_NWAY-a,15.0
2026-05-11,2591948519,Ronaldo Cristiano,Vítěz,25-WINNER_NWAY-a,70.0
2026-05-10,2591948508,Vinícius Júnior,Vítěz,25-WINNER_NWAY-a,30.0
2026-05-10,2591948510,Kvaratskhelia Khvicha,Vítěz,25-WINNER_NWAY-a,10.0
2026-05-10,2591948509,Rice Declan,Vítěz,25-WINNER_NWAY-a,7.0
2026-05-10,2591948512,Haaland Erling,Vítěz,25-WINNER_NWAY-a,30.0
2026-05-10,2591948507,Kane Harry,Vítěz,25-WINNER_NWAY-a,3.5
2026-05-10,2591948506,Hakimi Achraf,Vítěz,25-WINNER_NWAY-a,50.0
2026-05-10,2591948511,Messi Lionel,Vítěz,25-WINNER_NWAY-a,60.0
2026-05-10,2591948519,Ronaldo Cristiano,Vítěz,25-WINNER_NWAY-a,70.0
2026-05-10,2591948513,Vitinha Ferreira Vitor,Vítěz,25-WINNER_NWAY-a,20.0
2026-05-10,2591948515,Olise Michael,Vítěz,25-WINNER_NWAY-a,6.0
2026-05-10,2591948516,Yamal Lamine,Vítěz,25-WINNER_NWAY-a,8.0
2026-05-10,2591948517,Dembele Ousmane,Vítěz,25-WINNER_NWAY-a,5.0
2026-05-10,2591948518,Mbappé Kylian,Vítěz,25-WINNER_NWAY-a,15.0
2026-05-10,2591948514,Martínez Lautaro,Vítěz,25-WINNER_NWAY-a,100.0
2026-05-09,2591948513,Vitinha Ferreira Vitor,Vítěz,25-WINNER_NWAY-a,20.0
2026-05-09,2591948507,Kane Harry,Vítěz,25-WINNER_NWAY-a,3.5
2026-05-09,2591948508,Vinícius Júnior,Vítěz,25-WINNER_NWAY-a,40.0
2026-05-09,2591948509,Rice Declan,Vítěz,25-WINNER_NWAY-a,7.0
2026-05-09,2591948510,Kvaratskhelia Khvicha,Vítěz,25-WINNER_NWAY-a,10.0
2026-05-09,2591948511,Messi Lionel,Vítěz,25-WINNER_NWAY-a,60.0
2026-05-09,2591948512,Haaland Erling,Vítěz,25-WINNER_NWAY-a,30.0
2026-05-09,2591948506,Hakimi Achraf,Vítěz,25-WINNER_NWAY-a,50.0
2026-05-09,2591948514,Martínez Lautaro,Vítěz,25-WINNER_NWAY-a,100.0
2026-05-09,2591948515,Olise Michael,Vítěz,25-WINNER_NWAY-a,6.0
2026-05-09,2591948516,Yamal Lamine,Vítěz,25-WINNER_NWAY-a,8.0
2026-05-09,2591948517,Dembele Ousmane,Vítěz,25-WINNER_NWAY-a,5.0
2026-05-09,2591948518,Mbappé Kylian,Vítěz,25-WINNER_NWAY-a,15.0
2026-05-09,2591948519,Ronaldo Cristiano,Vítěz,25-WINNER_NWAY-a,70.0
2026-05-08,2591948506,Hakimi Achraf,Vítěz,25-WINNER_NWAY-a,50.0
2026-05-08,2591948507,Kane Harry,Vítěz,25-WINNER_NWAY-a,3.5
2026-05-08,2591948508,Vinícius Júnior,Vítěz,25-WINNER_NWAY-a,40.0
2026-05-08,2591948509,Rice Declan,Vítěz,25-WINNER_NWAY-a,7.0
2026-05-08,2591948510,Kvaratskhelia Khvicha,Vítěz,25-WINNER_NWAY-a,10.0
2026-05-08,2591948511,Messi Lionel,Vítěz,25-WINNER_NWAY-a,60.0
2026-05-08,2591948512,Haaland Erling,Vítěz,25-WINNER_NWAY-a,30.0
2026-05-08,2591948513,Vitinha Ferreira Vitor,Vítěz,25-WINNER_NWAY-a,20.0
2026-05-08,2591948514,Martínez Lautaro,Vítěz,25-WINNER_NWAY-a,100.0
2026-05-08,2591948515,Olise Michael,Vítěz,25-WINNER_NWAY-a,6.0
2026-05-08,2591948516,Yamal Lamine,Vítěz,25-WINNER_NWAY-a,8.0
2026-05-08,2591948517,Dembele Ousmane,Vítěz,25-WINNER_NWAY-a,5.0
2026-05-08,2591948518,Mbappé Kylian,Vítěz,25-WINNER_NWAY-a,15.0
2026-05-08,2591948519,Ronaldo Cristiano,Vítěz,25-WINNER_NWAY-a,70.0
2026-05-07,2591948513,Vitinha Ferreira Vitor,Vítěz,25-WINNER_NWAY-a,20.0
2026-05-07,2591948506,Hakimi Achraf,Vítěz,25-WINNER_NWAY-a,50.0
2026-05-07,2591948507,Kane Harry,Vítěz,25-WINNER_NWAY-a,3.5
2026-05-07,2591948509,Rice Declan,Vítěz,25-WINNER_NWAY-a,7.0
2026-05-07,2591948510,Kvaratskhelia Khvicha,Vítěz,25-WINNER_NWAY-a,10.0
2026-05-07,2591948511,Messi Lionel,Vítěz,25-WINNER_NWAY-a,60.0
2026-05-07,2591948512,Haaland Erling,Vítěz,25-WINNER_NWAY-a,30.0
2026-05-07,2591948508,Vinícius Júnior,Vítěz,25-WINNER_NWAY-a,40.0
2026-05-07,2591948514,Martínez Lautaro,Vítěz,25-WINNER_NWAY-a,100.0
2026-05-07,2591948516,Yamal Lamine,Vítěz,25-WINNER_NWAY-a,8.0
2026-05-07,2591948517,Dembele Ousmane,Vítěz,25-WINNER_NWAY-a,5.0
2026-05-07,2591948515,Olise Michael,Vítěz,25-WINNER_NWAY-a,6.0
2026-05-07,2591948518,Mbappé Kylian,Vítěz,25-WINNER_NWAY-a,15.0
2026-05-07,2591948519,Ronaldo Cristiano,Vítěz,25-WINNER_NWAY-a,70.0
2026-05-06,2591948512,Haaland Erling,Vítěz,25-WINNER_NWAY-a,25.0
2026-05-06,2591948506,Hakimi Achraf,Vítěz,25-WINNER_NWAY-a,40.0
2026-05-06,2591948507,Kane Harry,Vítěz,25-WINNER_NWAY-a,2.7
2026-05-06,2591948508,Vinícius Júnior,Vítěz,25-WINNER_NWAY-a,30.0
2026-05-06,2591948509,Rice Declan,Vítěz,25-WINNER_NWAY-a,10.0
2026-05-06,2591948510,Kvaratskhelia Khvicha,Vítěz,25-WINNER_NWAY-a,20.0
2026-05-06,2591948511,Messi Lionel,Vítěz,25-WINNER_NWAY-a,50.0
2026-05-06,2591948513,Vitinha Ferreira Vitor,Vítěz,25-WINNER_NWAY-a,35.0
2026-05-06,2591948514,Martínez Lautaro,Vítěz,25-WINNER_NWAY-a,100.0
2026-05-06,2591948515,Olise Michael,Vítěz,25-WINNER_NWAY-a,5.0
2026-05-06,2591948516,Yamal Lamine,Vítěz,25-WINNER_NWAY-a,8.0
2026-05-06,2591948517,Dembele Ousmane,Vítěz,25-WINNER_NWAY-a,7.0
2026-05-06,2591948518,Mbappé Kylian,Vítěz,25-WINNER_NWAY-a,13.0
2026-05-06,2591948519,Ronaldo Cristiano,Vítěz,25-WINNER_NWAY-a,60.0
2026-05-05,2591948512,Haaland Erling,Vítěz,25-WINNER_NWAY-a,25.0
2026-05-05,2591948506,Hakimi Achraf,Vítěz,25-WINNER_NWAY-a,40.0
2026-05-05,2591948507,Kane Harry,Vítěz,25-WINNER_NWAY-a,2.7
2026-05-05,2591948508,Vinícius Júnior,Vítěz,25-WINNER_NWAY-a,30.0
2026-05-05,2591948509,Rice Declan,Vítěz,25-WINNER_NWAY-a,10.0
2026-05-05,2591948510,Kvaratskhelia Khvicha,Vítěz,25-WINNER_NWAY-a,20.0
2026-05-05,2591948511,Messi Lionel,Vítěz,25-WINNER_NWAY-a,50.0
2026-05-05,2591948513,Vitinha Ferreira Vitor,Vítěz,25-WINNER_NWAY-a,35.0
2026-05-05,2591948515,Olise Michael,Vítěz,25-WINNER_NWAY-a,5.0
2026-05-05,2591948516,Yamal Lamine,Vítěz,25-WINNER_NWAY-a,8.0
2026-05-05,2591948517,Dembele Ousmane,Vítěz,25-WINNER_NWAY-a,7.0
2026-05-05,2591948518,Mbappé Kylian,Vítěz,25-WINNER_NWAY-a,13.0
2026-05-05,2591948519,Ronaldo Cristiano,Vítěz,25-WINNER_NWAY-a,60.0
2026-05-05,2591948514,Martínez Lautaro,Vítěz,25-WINNER_NWAY-a,100.0
2026-05-04,2591948513,Vitinha Ferreira Vitor,Vítěz,25-WINNER_NWAY-a,35.0
2026-05-04,2591948512,Haaland Erling,Vítěz,25-WINNER_NWAY-a,25.0
2026-05-04,2591948506,Hakimi Achraf,Vítěz,25-WINNER_NWAY-a,40.0
2026-05-04,2591948507,Kane Harry,Vítěz,25-WINNER_NWAY-a,2.7000000000000006
2026-05-04,2591948508,Vinícius Júnior,Vítěz,25-WINNER_NWAY-a,30.0
2026-05-04,2591948509,Rice Declan,Vítěz,25-WINNER_NWAY-a,10.0
2026-05-04,2591948510,Kvaratskhelia Khvicha,Vítěz,25-WINNER_NWAY-a,20.0
2026-05-04,2591948511,Messi Lionel,Vítěz,25-WINNER_NWAY-a,50.0
2026-05-04,2591948515,Olise Michael,Vítěz,25-WINNER_NWAY-a,5.0
2026-05-04,2591948514,Martínez Lautaro,Vítěz,25-WINNER_NWAY-a,100.0
2026-05-04,2591948516,Yamal Lamine,Vítěz,25-WINNER_NWAY-a,8.0
2026-05-04,2591948517,Dembele Ousmane,Vítěz,25-WINNER_NWAY-a,7.0
2026-05-04,2591948518,Mbappé Kylian,Vítěz,25-WINNER_NWAY-a,13.0
2026-05-04,2591948519,Ronaldo Cristiano,Vítěz,25-WINNER_NWAY-a,60.0
2026-05-03,2591948509,Rice Declan,Vítěz,25-WINNER_NWAY-a,10.0
2026-05-03,2591948506,Hakimi Achraf,Vítěz,25-WINNER_NWAY-a,40.0
2026-05-03,2591948510,Kvaratskhelia Khvicha,Vítěz,25-WINNER_NWAY-a,20.0
2026-05-03,2591948512,Haaland Erling,Vítěz,25-WINNER_NWAY-a,25.0
2026-05-03,2591948508,Vinícius Júnior,Vítěz,25-WINNER_NWAY-a,30.0
2026-05-03,2591948507,Kane Harry,Vítěz,25-WINNER_NWAY-a,2.7000000000000006
2026-05-03,2591948511,Messi Lionel,Vítěz,25-WINNER_NWAY-a,50.0
2026-05-03,2591948515,Olise Michael,Vítěz,25-WINNER_NWAY-a,5.0
2026-05-03,2591948513,Vitinha Ferreira Vitor,Vítěz,25-WINNER_NWAY-a,35.0
2026-05-03,2591948516,Yamal Lamine,Vítěz,25-WINNER_NWAY-a,8.0
2026-05-03,2591948517,Dembele Ousmane,Vítěz,25-WINNER_NWAY-a,7.0
2026-05-03,2591948518,Mbappé Kylian,Vítěz,25-WINNER_NWAY-a,13.0
2026-05-03,2591948519,Ronaldo Cristiano,Vítěz,25-WINNER_NWAY-a,60.0
2026-05-03,2591948514,Martínez Lautaro,Vítěz,25-WINNER_NWAY-a,100.0
2026-05-02,2591948512,Haaland Erling,Vítěz,25-WINNER_NWAY-a,25.0
2026-05-02,2591948506,Hakimi Achraf,Vítěz,25-WINNER_NWAY-a,40.0
2026-05-02,2591948507,Kane Harry,Vítěz,25-WINNER_NWAY-a,2.7000000000000006
2026-05-02,2591948508,Vinícius Júnior,Vítěz,25-WINNER_NWAY-a,30.0
2026-05-02,2591948509,Rice Declan,Vítěz,25-WINNER_NWAY-a,10.0
2026-05-02,2591948510,Kvaratskhelia Khvicha,Vítěz,25-WINNER_NWAY-a,20.0
2026-05-02,2591948511,Messi Lionel,Vítěz,25-WINNER_NWAY-a,50.0
2026-05-02,2591948513,Vitinha Ferreira Vitor,Vítěz,25-WINNER_NWAY-a,35.0
2026-05-02,2591948514,Martínez Lautaro,Vítěz,25-WINNER_NWAY-a,100.0
2026-05-02,2591948515,Olise Michael,Vítěz,25-WINNER_NWAY-a,5.0
2026-05-02,2591948516,Yamal Lamine,Vítěz,25-WINNER_NWAY-a,8.0
2026-05-02,2591948517,Dembele Ousmane,Vítěz,25-WINNER_NWAY-a,7.0
2026-05-02,2591948518,Mbappé Kylian,Vítěz,25-WINNER_NWAY-a,13.0
2026-05-02,2591948519,Ronaldo Cristiano,Vítěz,25-WINNER_NWAY-a,60.0
2026-05-01,2591948512,Haaland Erling,Vítěz,25-WINNER_NWAY-a,25.0
2026-05-01,2591948507,Kane Harry,Vítěz,25-WINNER_NWAY-a,2.7000000000000006
2026-05-01,2591948508,Vinícius Júnior,Vítěz,25-WINNER_NWAY-a,30.0
2026-05-01,2591948509,Rice Declan,Vítěz,25-WINNER_NWAY-a,10.0
2026-05-01,2591948510,Kvaratskhelia Khvicha,Vítěz,25-WINNER_NWAY-a,20.0
2026-05-01,2591948506,Hakimi Achraf,Vítěz,25-WINNER_NWAY-a,40.0
2026-05-01,2591948511,Messi Lionel,Vítěz,25-WINNER_NWAY-a,50.0
2026-05-01,2591948515,Olise Michael,Vítěz,25-WINNER_NWAY-a,5.0
2026-05-01,2591948513,Vitinha Ferreira Vitor,Vítěz,25-WINNER_NWAY-a,35.0
2026-05-01,2591948516,Yamal Lamine,Vítěz,25-WINNER_NWAY-a,8.0
2026-05-01,2591948517,Dembele Ousmane,Vítěz,25-WINNER_NWAY-a,7.0
2026-05-01,2591948518,Mbappé Kylian,Vítěz,25-WINNER_NWAY-a,13.0
2026-05-01,2591948519,Ronaldo Cristiano,Vítěz,25-WINNER_NWAY-a,60.0
2026-05-01,2591948514,Martínez Lautaro,Vítěz,25-WINNER_NWAY-a,100.0
2026-04-30,2591948512,Haaland Erling,Vítěz,25-WINNER_NWAY-a,25.0
2026-04-30,2591948506,Hakimi Achraf,Vítěz,25-WINNER_NWAY-a,40.0
2026-04-30,2591948507,Kane Harry,Vítěz,25-WINNER_NWAY-a,2.6666666666666665
2026-04-30,2591948508,Vinícius Júnior,Vítěz,25-WINNER_NWAY-a,30.0
2026-04-30,2591948509,Rice Declan,Vítěz,25-WINNER_NWAY-a,9.666666666666666
2026-04-30,2591948510,Kvaratskhelia Khvicha,Vítěz,25-WINNER_NWAY-a,20.0
2026-04-30,2591948511,Messi Lionel,Vítěz,25-WINNER_NWAY-a,50.0
2026-04-30,2591948515,Olise Michael,Vítěz,25-WINNER_NWAY-a,5.0
2026-04-30,2591948513,Vitinha Ferreira Vitor,Vítěz,25-WINNER_NWAY-a,35.0
2026-04-30,2591948514,Martínez Lautaro,Vítěz,25-WINNER_NWAY-a,100.0
2026-04-30,2591948516,Yamal Lamine,Vítěz,25-WINNER_NWAY-a,7.666666666666667
2026-04-30,2591948517,Dembele Ousmane,Vítěz,25-WINNER_NWAY-a,8.0
2026-04-30,2591948518,Mbappé Kylian,Vítěz,25-WINNER_NWAY-a,13.0
2026-04-30,2591948519,Ronaldo Cristiano,Vítěz,25-WINNER_NWAY-a,60.0
2026-04-29,2591948510,Kvaratskhelia Khvicha,Vítěz,25-WINNER_NWAY-a,20.0
2026-04-29,2591948511,Messi Lionel,Vítěz,25-WINNER_NWAY-a,50.0
2026-04-29,2591948513,Vitinha Ferreira Vitor,Vítěz,25-WINNER_NWAY-a,35.0
2026-04-29,2591948509,Rice Declan,Vítěz,25-WINNER_NWAY-a,9.0
2026-04-29,2591948508,Vinícius Júnior,Vítěz,25-WINNER_NWAY-a,30.0
2026-04-29,2591948512,Haaland Erling,Vítěz,25-WINNER_NWAY-a,25.0
2026-04-29,2591948507,Kane Harry,Vítěz,25-WINNER_NWAY-a,2.6
2026-04-29,2591948514,Martínez Lautaro,Vítěz,25-WINNER_NWAY-a,100.0
2026-04-29,2591948515,Olise Michael,Vítěz,25-WINNER_NWAY-a,5.0
2026-04-29,2591948516,Yamal Lamine,Vítěz,25-WINNER_NWAY-a,7.0
2026-04-29,2591948517,Dembele Ousmane,Vítěz,25-WINNER_NWAY-a,10.0
2026-04-29,2591948518,Mbappé Kylian,Vítěz,25-WINNER_NWAY-a,13.0
2026-04-29,2591948519,Ronaldo Cristiano,Vítěz,25-WINNER_NWAY-a,60.0
2026-04-29,2591948506,Hakimi Achraf,Vítěz,25-WINNER_NWAY-a,40.0
