date,id,name,odd,event_name,selection_id
2026-08-05T08:20:16,2591948506,Hakimi Achraf,200.0,Vítěz,25-WINNER_NWAY-a
2026-08-05T08:20:16,2591948507,Kane Harry,1.85,Vítěz,25-WINNER_NWAY-a
2026-08-05T08:20:16,2591948508,Vinicius Junior,100.0,Vítěz,25-WINNER_NWAY-a
2026-08-05T08:20:16,2591948509,Rice Declan,80.0,Vítěz,25-WINNER_NWAY-a
2026-08-05T08:20:16,2591948510,Kvaratskhelia Khvicha,35.0,Vítěz,25-WINNER_NWAY-a
2026-08-05T08:20:16,2591948511,Messi Lionel,15.0,Vítěz,25-WINNER_NWAY-a
2026-08-05T08:20:16,2591948512,Haaland Erling,40.0,Vítěz,25-WINNER_NWAY-a
2026-08-05T08:20:16,2591948513,Vitinha Ferreira Vitor,60.0,Vítěz,25-WINNER_NWAY-a
2026-08-05T08:20:16,2591948514,Martinez Lautaro,150.0,Vítěz,25-WINNER_NWAY-a
2026-08-05T08:20:16,2591948515,Olise Michael,20.0,Vítěz,25-WINNER_NWAY-a
2026-08-05T08:20:16,2591948516,Yamal Lamine,4.0,Vítěz,25-WINNER_NWAY-a
2026-08-05T08:20:16,2591948517,Dembele Ousmane,17.0,Vítěz,25-WINNER_NWAY-a
2026-08-05T08:20:16,2591948518,Mbappe Kylian,7.0,Vítěz,25-WINNER_NWAY-a
2026-08-05T08:20:16,2591948519,Ronaldo Cristiano,500.0,Vítěz,25-WINNER_NWAY-a
2026-08-05T08:20:16,2623169588,Doue Desire,300.0,Vítěz,25-WINNER_NWAY-a
2026-08-05T08:20:16,2659741494,Bellingham Jude,25.0,Vítěz,25-WINNER_NWAY-a
2026-08-05T08:20:16,2659741495,Rodrigo Hernandez,6.0,Vítěz,25-WINNER_NWAY-a
2026-08-05T08:20:16,2664666606,Cubarsi Pau,30.0,Vítěz,25-WINNER_NWAY-a
2026-08-04T22:23:11,2591948506,Hakimi Achraf,200.0,Vítěz,25-WINNER_NWAY-a
2026-08-04T22:23:11,2591948507,Kane Harry,1.85,Vítěz,25-WINNER_NWAY-a
2026-08-04T22:23:11,2591948508,Vinicius Junior,100.0,Vítěz,25-WINNER_NWAY-a
2026-08-04T22:23:11,2591948509,Rice Declan,80.0,Vítěz,25-WINNER_NWAY-a
2026-08-04T22:23:11,2591948510,Kvaratskhelia Khvicha,35.0,Vítěz,25-WINNER_NWAY-a
2026-08-04T22:23:11,2591948511,Messi Lionel,15.0,Vítěz,25-WINNER_NWAY-a
2026-08-04T22:23:11,2591948512,Haaland Erling,40.0,Vítěz,25-WINNER_NWAY-a
2026-08-04T22:23:11,2591948513,Vitinha Ferreira Vitor,60.0,Vítěz,25-WINNER_NWAY-a
2026-08-04T22:23:11,2591948514,Martinez Lautaro,150.0,Vítěz,25-WINNER_NWAY-a
2026-08-04T22:23:11,2591948515,Olise Michael,20.0,Vítěz,25-WINNER_NWAY-a
2026-08-04T22:23:11,2591948516,Yamal Lamine,4.0,Vítěz,25-WINNER_NWAY-a
2026-08-04T22:23:11,2591948517,Dembele Ousmane,17.0,Vítěz,25-WINNER_NWAY-a
2026-08-04T22:23:11,2591948518,Mbappe Kylian,7.0,Vítěz,25-WINNER_NWAY-a
2026-08-04T22:23:11,2591948519,Ronaldo Cristiano,500.0,Vítěz,25-WINNER_NWAY-a
2026-08-04T22:23:11,2623169588,Doue Desire,300.0,Vítěz,25-WINNER_NWAY-a
2026-08-04T22:23:11,2659741494,Bellingham Jude,25.0,Vítěz,25-WINNER_NWAY-a
2026-08-04T22:23:11,2659741495,Rodrigo Hernandez,6.0,Vítěz,25-WINNER_NWAY-a
2026-08-04T22:23:11,2664666606,Cubarsi Pau,30.0,Vítěz,25-WINNER_NWAY-a
2026-08-04T14:48:27,2591948506,Hakimi Achraf,200.0,Vítěz,25-WINNER_NWAY-a
2026-08-04T14:48:27,2591948507,Kane Harry,1.85,Vítěz,25-WINNER_NWAY-a
2026-08-04T14:48:27,2591948508,Vinicius Junior,100.0,Vítěz,25-WINNER_NWAY-a
2026-08-04T14:48:27,2591948509,Rice Declan,80.0,Vítěz,25-WINNER_NWAY-a
2026-08-04T14:48:27,2591948510,Kvaratskhelia Khvicha,35.0,Vítěz,25-WINNER_NWAY-a
2026-08-04T14:48:27,2591948511,Messi Lionel,15.0,Vítěz,25-WINNER_NWAY-a
2026-08-04T14:48:27,2591948512,Haaland Erling,40.0,Vítěz,25-WINNER_NWAY-a
2026-08-04T14:48:27,2591948513,Vitinha Ferreira Vitor,60.0,Vítěz,25-WINNER_NWAY-a
2026-08-04T14:48:27,2591948514,Martinez Lautaro,150.0,Vítěz,25-WINNER_NWAY-a
2026-08-04T14:48:27,2591948515,Olise Michael,20.0,Vítěz,25-WINNER_NWAY-a
2026-08-04T14:48:27,2591948516,Yamal Lamine,4.0,Vítěz,25-WINNER_NWAY-a
2026-08-04T14:48:27,2591948517,Dembele Ousmane,17.0,Vítěz,25-WINNER_NWAY-a
2026-08-04T14:48:27,2591948518,Mbappe Kylian,7.0,Vítěz,25-WINNER_NWAY-a
2026-08-04T14:48:27,2591948519,Ronaldo Cristiano,500.0,Vítěz,25-WINNER_NWAY-a
2026-08-04T14:48:27,2623169588,Doue Desire,300.0,Vítěz,25-WINNER_NWAY-a
2026-08-04T14:48:27,2659741494,Bellingham Jude,25.0,Vítěz,25-WINNER_NWAY-a
2026-08-04T14:48:27,2659741495,Rodrigo Hernandez,6.0,Vítěz,25-WINNER_NWAY-a
2026-08-04T14:48:27,2664666606,Cubarsi Pau,30.0,Vítěz,25-WINNER_NWAY-a
2026-08-04T06:49:47,2591948506,Hakimi Achraf,200.0,Vítěz,25-WINNER_NWAY-a
2026-08-04T06:49:47,2591948507,Kane Harry,1.85,Vítěz,25-WINNER_NWAY-a
2026-08-04T06:49:47,2591948508,Vinicius Junior,100.0,Vítěz,25-WINNER_NWAY-a
2026-08-04T06:49:47,2591948509,Rice Declan,80.0,Vítěz,25-WINNER_NWAY-a
2026-08-04T06:49:47,2591948510,Kvaratskhelia Khvicha,35.0,Vítěz,25-WINNER_NWAY-a
2026-08-04T06:49:47,2591948511,Messi Lionel,15.0,Vítěz,25-WINNER_NWAY-a
2026-08-04T06:49:47,2591948512,Haaland Erling,40.0,Vítěz,25-WINNER_NWAY-a
2026-08-04T06:49:47,2591948513,Vitinha Ferreira Vitor,60.0,Vítěz,25-WINNER_NWAY-a
2026-08-04T06:49:47,2591948514,Martinez Lautaro,150.0,Vítěz,25-WINNER_NWAY-a
2026-08-04T06:49:47,2591948515,Olise Michael,20.0,Vítěz,25-WINNER_NWAY-a
2026-08-04T06:49:47,2591948516,Yamal Lamine,4.0,Vítěz,25-WINNER_NWAY-a
2026-08-04T06:49:47,2591948517,Dembele Ousmane,17.0,Vítěz,25-WINNER_NWAY-a
2026-08-04T06:49:47,2591948518,Mbappe Kylian,7.0,Vítěz,25-WINNER_NWAY-a
2026-08-04T06:49:47,2591948519,Ronaldo Cristiano,500.0,Vítěz,25-WINNER_NWAY-a
2026-08-04T06:49:47,2623169588,Doue Desire,300.0,Vítěz,25-WINNER_NWAY-a
2026-08-04T06:49:47,2659741494,Bellingham Jude,25.0,Vítěz,25-WINNER_NWAY-a
2026-08-04T06:49:47,2659741495,Rodrigo Hernandez,6.0,Vítěz,25-WINNER_NWAY-a
2026-08-04T06:49:47,2664666606,Cubarsi Pau,30.0,Vítěz,25-WINNER_NWAY-a
2026-08-03T22:21:24,2591948506,Hakimi Achraf,200.0,Vítěz,25-WINNER_NWAY-a
2026-08-03T22:21:24,2591948507,Kane Harry,1.85,Vítěz,25-WINNER_NWAY-a
2026-08-03T22:21:24,2591948508,Vinicius Junior,100.0,Vítěz,25-WINNER_NWAY-a
2026-08-03T22:21:24,2591948509,Rice Declan,80.0,Vítěz,25-WINNER_NWAY-a
2026-08-03T22:21:24,2591948510,Kvaratskhelia Khvicha,35.0,Vítěz,25-WINNER_NWAY-a
2026-08-03T22:21:24,2591948511,Messi Lionel,15.0,Vítěz,25-WINNER_NWAY-a
2026-08-03T22:21:24,2591948512,Haaland Erling,40.0,Vítěz,25-WINNER_NWAY-a
2026-08-03T22:21:24,2591948513,Vitinha Ferreira Vitor,60.0,Vítěz,25-WINNER_NWAY-a
2026-08-03T22:21:24,2591948514,Martinez Lautaro,150.0,Vítěz,25-WINNER_NWAY-a
2026-08-03T22:21:24,2591948515,Olise Michael,20.0,Vítěz,25-WINNER_NWAY-a
2026-08-03T22:21:24,2591948516,Yamal Lamine,4.0,Vítěz,25-WINNER_NWAY-a
2026-08-03T22:21:24,2591948517,Dembele Ousmane,17.0,Vítěz,25-WINNER_NWAY-a
2026-08-03T22:21:24,2591948518,Mbappe Kylian,7.0,Vítěz,25-WINNER_NWAY-a
2026-08-03T22:21:24,2591948519,Ronaldo Cristiano,500.0,Vítěz,25-WINNER_NWAY-a
2026-08-03T22:21:24,2623169588,Doue Desire,300.0,Vítěz,25-WINNER_NWAY-a
2026-08-03T22:21:24,2659741494,Bellingham Jude,25.0,Vítěz,25-WINNER_NWAY-a
2026-08-03T22:21:24,2659741495,Rodrigo Hernandez,6.0,Vítěz,25-WINNER_NWAY-a
2026-08-03T22:21:24,2664666606,Cubarsi Pau,30.0,Vítěz,25-WINNER_NWAY-a
2026-08-03T14:59:23,2591948506,Hakimi Achraf,200.0,Vítěz,25-WINNER_NWAY-a
2026-08-03T14:59:23,2591948507,Kane Harry,1.85,Vítěz,25-WINNER_NWAY-a
2026-08-03T14:59:23,2591948508,Vinicius Junior,100.0,Vítěz,25-WINNER_NWAY-a
2026-08-03T14:59:23,2591948509,Rice Declan,80.0,Vítěz,25-WINNER_NWAY-a
2026-08-03T14:59:23,2591948510,Kvaratskhelia Khvicha,35.0,Vítěz,25-WINNER_NWAY-a
2026-08-03T14:59:23,2591948511,Messi Lionel,15.0,Vítěz,25-WINNER_NWAY-a
2026-08-03T14:59:23,2591948512,Haaland Erling,40.0,Vítěz,25-WINNER_NWAY-a
2026-08-03T14:59:23,2591948513,Vitinha Ferreira Vitor,60.0,Vítěz,25-WINNER_NWAY-a
2026-08-03T14:59:23,2591948514,Martinez Lautaro,150.0,Vítěz,25-WINNER_NWAY-a
2026-08-03T14:59:23,2591948515,Olise Michael,20.0,Vítěz,25-WINNER_NWAY-a
2026-08-03T14:59:23,2591948516,Yamal Lamine,4.0,Vítěz,25-WINNER_NWAY-a
2026-08-03T14:59:23,2591948517,Dembele Ousmane,17.0,Vítěz,25-WINNER_NWAY-a
2026-08-03T14:59:23,2591948518,Mbappe Kylian,7.0,Vítěz,25-WINNER_NWAY-a
2026-08-03T14:59:23,2591948519,Ronaldo Cristiano,500.0,Vítěz,25-WINNER_NWAY-a
2026-08-03T14:59:23,2623169588,Doue Desire,300.0,Vítěz,25-WINNER_NWAY-a
2026-08-03T14:59:23,2659741494,Bellingham Jude,25.0,Vítěz,25-WINNER_NWAY-a
2026-08-03T14:59:23,2659741495,Rodrigo Hernandez,6.0,Vítěz,25-WINNER_NWAY-a
2026-08-03T14:59:23,2664666606,Cubarsi Pau,30.0,Vítěz,25-WINNER_NWAY-a
2026-08-03T07:03:47,2591948506,Hakimi Achraf,200.0,Vítěz,25-WINNER_NWAY-a
2026-08-03T07:03:47,2591948507,Kane Harry,1.85,Vítěz,25-WINNER_NWAY-a
2026-08-03T07:03:47,2591948508,Vinicius Junior,100.0,Vítěz,25-WINNER_NWAY-a
2026-08-03T07:03:47,2591948509,Rice Declan,80.0,Vítěz,25-WINNER_NWAY-a
2026-08-03T07:03:47,2591948510,Kvaratskhelia Khvicha,35.0,Vítěz,25-WINNER_NWAY-a
2026-08-03T07:03:47,2591948511,Messi Lionel,15.0,Vítěz,25-WINNER_NWAY-a
2026-08-03T07:03:47,2591948512,Haaland Erling,40.0,Vítěz,25-WINNER_NWAY-a
2026-08-03T07:03:47,2591948513,Vitinha Ferreira Vitor,60.0,Vítěz,25-WINNER_NWAY-a
2026-08-03T07:03:47,2591948514,Martinez Lautaro,150.0,Vítěz,25-WINNER_NWAY-a
2026-08-03T07:03:47,2591948515,Olise Michael,20.0,Vítěz,25-WINNER_NWAY-a
2026-08-03T07:03:47,2591948516,Yamal Lamine,4.0,Vítěz,25-WINNER_NWAY-a
2026-08-03T07:03:47,2591948517,Dembele Ousmane,17.0,Vítěz,25-WINNER_NWAY-a
2026-08-03T07:03:47,2591948518,Mbappe Kylian,7.0,Vítěz,25-WINNER_NWAY-a
2026-08-03T07:03:47,2591948519,Ronaldo Cristiano,500.0,Vítěz,25-WINNER_NWAY-a
2026-08-03T07:03:47,2623169588,Doue Desire,300.0,Vítěz,25-WINNER_NWAY-a
2026-08-03T07:03:47,2659741494,Bellingham Jude,25.0,Vítěz,25-WINNER_NWAY-a
2026-08-03T07:03:47,2659741495,Rodrigo Hernandez,6.0,Vítěz,25-WINNER_NWAY-a
2026-08-03T07:03:47,2664666606,Cubarsi Pau,30.0,Vítěz,25-WINNER_NWAY-a
2026-08-02T22:17:13,2591948506,Hakimi Achraf,200.0,Vítěz,25-WINNER_NWAY-a
2026-08-02T22:17:13,2591948507,Kane Harry,1.85,Vítěz,25-WINNER_NWAY-a
2026-08-02T22:17:13,2591948508,Vinicius Junior,100.0,Vítěz,25-WINNER_NWAY-a
2026-08-02T22:17:13,2591948509,Rice Declan,80.0,Vítěz,25-WINNER_NWAY-a
2026-08-02T22:17:13,2591948510,Kvaratskhelia Khvicha,35.0,Vítěz,25-WINNER_NWAY-a
2026-08-02T22:17:13,2591948511,Messi Lionel,15.0,Vítěz,25-WINNER_NWAY-a
2026-08-02T22:17:13,2591948512,Haaland Erling,40.0,Vítěz,25-WINNER_NWAY-a
2026-08-02T22:17:13,2591948513,Vitinha Ferreira Vitor,60.0,Vítěz,25-WINNER_NWAY-a
2026-08-02T22:17:13,2591948514,Martinez Lautaro,150.0,Vítěz,25-WINNER_NWAY-a
2026-08-02T22:17:13,2591948515,Olise Michael,20.0,Vítěz,25-WINNER_NWAY-a
2026-08-02T22:17:13,2591948516,Yamal Lamine,4.0,Vítěz,25-WINNER_NWAY-a
2026-08-02T22:17:13,2591948517,Dembele Ousmane,17.0,Vítěz,25-WINNER_NWAY-a
2026-08-02T22:17:13,2591948518,Mbappe Kylian,7.0,Vítěz,25-WINNER_NWAY-a
2026-08-02T22:17:13,2591948519,Ronaldo Cristiano,500.0,Vítěz,25-WINNER_NWAY-a
2026-08-02T22:17:13,2623169588,Doue Desire,300.0,Vítěz,25-WINNER_NWAY-a
2026-08-02T22:17:13,2659741494,Bellingham Jude,25.0,Vítěz,25-WINNER_NWAY-a
2026-08-02T22:17:13,2659741495,Rodrigo Hernandez,6.0,Vítěz,25-WINNER_NWAY-a
2026-08-02T22:17:13,2664666606,Cubarsi Pau,30.0,Vítěz,25-WINNER_NWAY-a
2026-08-02T14:29:52,2591948506,Hakimi Achraf,200.0,Vítěz,25-WINNER_NWAY-a
2026-08-02T14:29:52,2591948507,Kane Harry,1.85,Vítěz,25-WINNER_NWAY-a
2026-08-02T14:29:52,2591948508,Vinicius Junior,100.0,Vítěz,25-WINNER_NWAY-a
2026-08-02T14:29:52,2591948509,Rice Declan,80.0,Vítěz,25-WINNER_NWAY-a
2026-08-02T14:29:52,2591948510,Kvaratskhelia Khvicha,35.0,Vítěz,25-WINNER_NWAY-a
2026-08-02T14:29:52,2591948511,Messi Lionel,15.0,Vítěz,25-WINNER_NWAY-a
2026-08-02T14:29:52,2591948512,Haaland Erling,40.0,Vítěz,25-WINNER_NWAY-a
2026-08-02T14:29:52,2591948513,Vitinha Ferreira Vitor,60.0,Vítěz,25-WINNER_NWAY-a
2026-08-02T14:29:52,2591948514,Martinez Lautaro,150.0,Vítěz,25-WINNER_NWAY-a
2026-08-02T14:29:52,2591948515,Olise Michael,20.0,Vítěz,25-WINNER_NWAY-a
2026-08-02T14:29:52,2591948516,Yamal Lamine,4.0,Vítěz,25-WINNER_NWAY-a
2026-08-02T14:29:52,2591948517,Dembele Ousmane,17.0,Vítěz,25-WINNER_NWAY-a
2026-08-02T14:29:52,2591948518,Mbappe Kylian,7.0,Vítěz,25-WINNER_NWAY-a
2026-08-02T14:29:52,2591948519,Ronaldo Cristiano,500.0,Vítěz,25-WINNER_NWAY-a
2026-08-02T14:29:52,2623169588,Doue Desire,300.0,Vítěz,25-WINNER_NWAY-a
2026-08-02T14:29:52,2659741494,Bellingham Jude,25.0,Vítěz,25-WINNER_NWAY-a
2026-08-02T14:29:52,2659741495,Rodrigo Hernandez,6.0,Vítěz,25-WINNER_NWAY-a
2026-08-02T14:29:52,2664666606,Cubarsi Pau,30.0,Vítěz,25-WINNER_NWAY-a
2026-08-01T14:29:18,2591948506,Hakimi Achraf,200.0,Vítěz,25-WINNER_NWAY-a
2026-08-01T14:29:18,2591948507,Kane Harry,2.1,Vítěz,25-WINNER_NWAY-a
2026-08-01T14:29:18,2591948508,Vinicius Junior,100.0,Vítěz,25-WINNER_NWAY-a
2026-08-01T14:29:18,2591948509,Rice Declan,80.0,Vítěz,25-WINNER_NWAY-a
2026-08-01T14:29:18,2591948510,Kvaratskhelia Khvicha,35.0,Vítěz,25-WINNER_NWAY-a
2026-08-01T14:29:18,2591948511,Messi Lionel,12.0,Vítěz,25-WINNER_NWAY-a
2026-08-01T14:29:18,2591948512,Haaland Erling,40.0,Vítěz,25-WINNER_NWAY-a
2026-08-01T14:29:18,2591948513,Vitinha Ferreira Vitor,60.0,Vítěz,25-WINNER_NWAY-a
2026-08-01T14:29:18,2591948514,Martinez Lautaro,150.0,Vítěz,25-WINNER_NWAY-a
2026-08-01T14:29:18,2591948515,Olise Michael,20.0,Vítěz,25-WINNER_NWAY-a
2026-08-01T14:29:18,2591948516,Yamal Lamine,2.8,Vítěz,25-WINNER_NWAY-a
2026-08-01T14:29:18,2591948517,Dembele Ousmane,17.0,Vítěz,25-WINNER_NWAY-a
2026-08-01T14:29:18,2591948518,Mbappe Kylian,6.5,Vítěz,25-WINNER_NWAY-a
2026-08-01T14:29:18,2591948519,Ronaldo Cristiano,500.0,Vítěz,25-WINNER_NWAY-a
2026-08-01T14:29:18,2623169588,Doue Desire,300.0,Vítěz,25-WINNER_NWAY-a
2026-08-01T14:29:18,2659741494,Bellingham Jude,25.0,Vítěz,25-WINNER_NWAY-a
2026-08-01T14:29:18,2659741495,Rodrigo Hernandez,5.5,Vítěz,25-WINNER_NWAY-a
2026-08-01T14:29:18,2664666606,Cubarsi Pau,27.0,Vítěz,25-WINNER_NWAY-a
2026-08-01T06:48:07,2591948506,Hakimi Achraf,200.0,Vítěz,25-WINNER_NWAY-a
2026-08-01T06:48:07,2591948507,Kane Harry,2.1,Vítěz,25-WINNER_NWAY-a
2026-08-01T06:48:07,2591948508,Vinicius Junior,100.0,Vítěz,25-WINNER_NWAY-a
2026-08-01T06:48:07,2591948509,Rice Declan,80.0,Vítěz,25-WINNER_NWAY-a
2026-08-01T06:48:07,2591948510,Kvaratskhelia Khvicha,35.0,Vítěz,25-WINNER_NWAY-a
2026-08-01T06:48:07,2591948511,Messi Lionel,12.0,Vítěz,25-WINNER_NWAY-a
2026-08-01T06:48:07,2591948512,Haaland Erling,40.0,Vítěz,25-WINNER_NWAY-a
2026-08-01T06:48:07,2591948513,Vitinha Ferreira Vitor,60.0,Vítěz,25-WINNER_NWAY-a
2026-08-01T06:48:07,2591948514,Martinez Lautaro,150.0,Vítěz,25-WINNER_NWAY-a
2026-08-01T06:48:07,2591948515,Olise Michael,20.0,Vítěz,25-WINNER_NWAY-a
2026-08-01T06:48:07,2591948516,Yamal Lamine,2.8,Vítěz,25-WINNER_NWAY-a
2026-08-01T06:48:07,2591948517,Dembele Ousmane,17.0,Vítěz,25-WINNER_NWAY-a
2026-08-01T06:48:07,2591948518,Mbappe Kylian,6.5,Vítěz,25-WINNER_NWAY-a
2026-08-01T06:48:07,2591948519,Ronaldo Cristiano,500.0,Vítěz,25-WINNER_NWAY-a
2026-08-01T06:48:07,2623169588,Doue Desire,300.0,Vítěz,25-WINNER_NWAY-a
2026-08-01T06:48:07,2659741494,Bellingham Jude,25.0,Vítěz,25-WINNER_NWAY-a
2026-08-01T06:48:07,2659741495,Rodrigo Hernandez,5.5,Vítěz,25-WINNER_NWAY-a
2026-08-01T06:48:07,2664666606,Cubarsi Pau,27.0,Vítěz,25-WINNER_NWAY-a
2026-07-31T22:19:38,2591948506,Hakimi Achraf,200.0,Vítěz,25-WINNER_NWAY-a
2026-07-31T22:19:38,2591948507,Kane Harry,2.1,Vítěz,25-WINNER_NWAY-a
2026-07-31T22:19:38,2591948508,Vinicius Junior,100.0,Vítěz,25-WINNER_NWAY-a
2026-07-31T22:19:38,2591948509,Rice Declan,80.0,Vítěz,25-WINNER_NWAY-a
2026-07-31T22:19:38,2591948510,Kvaratskhelia Khvicha,35.0,Vítěz,25-WINNER_NWAY-a
2026-07-31T22:19:38,2591948511,Messi Lionel,12.0,Vítěz,25-WINNER_NWAY-a
2026-07-31T22:19:38,2591948512,Haaland Erling,40.0,Vítěz,25-WINNER_NWAY-a
2026-07-31T22:19:38,2591948513,Vitinha Ferreira Vitor,60.0,Vítěz,25-WINNER_NWAY-a
2026-07-31T22:19:38,2591948514,Martinez Lautaro,150.0,Vítěz,25-WINNER_NWAY-a
2026-07-31T22:19:38,2591948515,Olise Michael,20.0,Vítěz,25-WINNER_NWAY-a
2026-07-31T22:19:38,2591948516,Yamal Lamine,2.8,Vítěz,25-WINNER_NWAY-a
2026-07-31T22:19:38,2591948517,Dembele Ousmane,17.0,Vítěz,25-WINNER_NWAY-a
2026-07-31T22:19:38,2591948518,Mbappe Kylian,6.5,Vítěz,25-WINNER_NWAY-a
2026-07-31T22:19:38,2591948519,Ronaldo Cristiano,500.0,Vítěz,25-WINNER_NWAY-a
2026-07-31T22:19:38,2623169588,Doue Desire,300.0,Vítěz,25-WINNER_NWAY-a
2026-07-31T22:19:38,2659741494,Bellingham Jude,25.0,Vítěz,25-WINNER_NWAY-a
2026-07-31T22:19:38,2659741495,Rodrigo Hernandez,5.5,Vítěz,25-WINNER_NWAY-a
2026-07-31T22:19:38,2664666606,Cubarsi Pau,27.0,Vítěz,25-WINNER_NWAY-a
2026-07-31T14:47:09,2591948506,Hakimi Achraf,200.0,Vítěz,25-WINNER_NWAY-a
2026-07-31T14:47:09,2591948507,Kane Harry,2.1,Vítěz,25-WINNER_NWAY-a
2026-07-31T14:47:09,2591948508,Vinicius Junior,100.0,Vítěz,25-WINNER_NWAY-a
2026-07-31T14:47:09,2591948509,Rice Declan,80.0,Vítěz,25-WINNER_NWAY-a
2026-07-31T14:47:09,2591948510,Kvaratskhelia Khvicha,35.0,Vítěz,25-WINNER_NWAY-a
2026-07-31T14:47:09,2591948511,Messi Lionel,12.0,Vítěz,25-WINNER_NWAY-a
2026-07-31T14:47:09,2591948512,Haaland Erling,40.0,Vítěz,25-WINNER_NWAY-a
2026-07-31T14:47:09,2591948513,Vitinha Ferreira Vitor,60.0,Vítěz,25-WINNER_NWAY-a
2026-07-31T14:47:09,2591948514,Martinez Lautaro,150.0,Vítěz,25-WINNER_NWAY-a
2026-07-31T14:47:09,2591948515,Olise Michael,20.0,Vítěz,25-WINNER_NWAY-a
2026-07-31T14:47:09,2591948516,Yamal Lamine,2.8,Vítěz,25-WINNER_NWAY-a
2026-07-31T14:47:09,2591948517,Dembele Ousmane,17.0,Vítěz,25-WINNER_NWAY-a
2026-07-31T14:47:09,2591948518,Mbappe Kylian,6.5,Vítěz,25-WINNER_NWAY-a
2026-07-31T14:47:09,2591948519,Ronaldo Cristiano,500.0,Vítěz,25-WINNER_NWAY-a
2026-07-31T14:47:09,2623169588,Doue Desire,300.0,Vítěz,25-WINNER_NWAY-a
2026-07-31T14:47:09,2659741494,Bellingham Jude,25.0,Vítěz,25-WINNER_NWAY-a
2026-07-31T14:47:09,2659741495,Rodrigo Hernandez,5.5,Vítěz,25-WINNER_NWAY-a
2026-07-31T14:47:09,2664666606,Cubarsi Pau,27.0,Vítěz,25-WINNER_NWAY-a
2026-07-31T06:56:24,2591948506,Hakimi Achraf,200.0,Vítěz,25-WINNER_NWAY-a
2026-07-31T06:56:24,2591948507,Kane Harry,2.1,Vítěz,25-WINNER_NWAY-a
2026-07-31T06:56:24,2591948508,Vinicius Junior,100.0,Vítěz,25-WINNER_NWAY-a
2026-07-31T06:56:24,2591948509,Rice Declan,80.0,Vítěz,25-WINNER_NWAY-a
2026-07-31T06:56:24,2591948510,Kvaratskhelia Khvicha,35.0,Vítěz,25-WINNER_NWAY-a
2026-07-31T06:56:24,2591948511,Messi Lionel,12.0,Vítěz,25-WINNER_NWAY-a
2026-07-31T06:56:24,2591948512,Haaland Erling,40.0,Vítěz,25-WINNER_NWAY-a
2026-07-31T06:56:24,2591948513,Vitinha Ferreira Vitor,60.0,Vítěz,25-WINNER_NWAY-a
2026-07-31T06:56:24,2591948514,Martinez Lautaro,150.0,Vítěz,25-WINNER_NWAY-a
2026-07-31T06:56:24,2591948515,Olise Michael,20.0,Vítěz,25-WINNER_NWAY-a
2026-07-31T06:56:24,2591948516,Yamal Lamine,2.8,Vítěz,25-WINNER_NWAY-a
2026-07-31T06:56:24,2591948517,Dembele Ousmane,17.0,Vítěz,25-WINNER_NWAY-a
2026-07-31T06:56:24,2591948518,Mbappe Kylian,6.5,Vítěz,25-WINNER_NWAY-a
2026-07-31T06:56:24,2591948519,Ronaldo Cristiano,500.0,Vítěz,25-WINNER_NWAY-a
2026-07-31T06:56:24,2623169588,Doue Desire,300.0,Vítěz,25-WINNER_NWAY-a
2026-07-31T06:56:24,2659741494,Bellingham Jude,25.0,Vítěz,25-WINNER_NWAY-a
2026-07-31T06:56:24,2659741495,Rodrigo Hernandez,5.5,Vítěz,25-WINNER_NWAY-a
2026-07-31T06:56:24,2664666606,Cubarsi Pau,27.0,Vítěz,25-WINNER_NWAY-a
2026-07-30T22:21:50,2591948506,Hakimi Achraf,200.0,Vítěz,25-WINNER_NWAY-a
2026-07-30T22:21:50,2591948507,Kane Harry,2.1,Vítěz,25-WINNER_NWAY-a
2026-07-30T22:21:50,2591948508,Vinicius Junior,100.0,Vítěz,25-WINNER_NWAY-a
2026-07-30T22:21:50,2591948509,Rice Declan,80.0,Vítěz,25-WINNER_NWAY-a
2026-07-30T22:21:50,2591948510,Kvaratskhelia Khvicha,35.0,Vítěz,25-WINNER_NWAY-a
2026-07-30T22:21:50,2591948511,Messi Lionel,12.0,Vítěz,25-WINNER_NWAY-a
2026-07-30T22:21:50,2591948512,Haaland Erling,40.0,Vítěz,25-WINNER_NWAY-a
2026-07-30T22:21:50,2591948513,Vitinha Ferreira Vitor,60.0,Vítěz,25-WINNER_NWAY-a
2026-07-30T22:21:50,2591948514,Martinez Lautaro,150.0,Vítěz,25-WINNER_NWAY-a
2026-07-30T22:21:50,2591948515,Olise Michael,20.0,Vítěz,25-WINNER_NWAY-a
2026-07-30T22:21:50,2591948516,Yamal Lamine,2.8,Vítěz,25-WINNER_NWAY-a
2026-07-30T22:21:50,2591948517,Dembele Ousmane,17.0,Vítěz,25-WINNER_NWAY-a
2026-07-30T22:21:50,2591948518,Mbappe Kylian,6.5,Vítěz,25-WINNER_NWAY-a
2026-07-30T22:21:50,2591948519,Ronaldo Cristiano,500.0,Vítěz,25-WINNER_NWAY-a
2026-07-30T22:21:50,2623169588,Doue Desire,300.0,Vítěz,25-WINNER_NWAY-a
2026-07-30T22:21:50,2659741494,Bellingham Jude,25.0,Vítěz,25-WINNER_NWAY-a
2026-07-30T22:21:50,2659741495,Rodrigo Hernandez,5.5,Vítěz,25-WINNER_NWAY-a
2026-07-30T22:21:50,2664666606,Cubarsi Pau,27.0,Vítěz,25-WINNER_NWAY-a
2026-07-30T14:44:32,2591948506,Hakimi Achraf,200.0,Vítěz,25-WINNER_NWAY-a
2026-07-30T14:44:32,2591948507,Kane Harry,2.1,Vítěz,25-WINNER_NWAY-a
2026-07-30T14:44:32,2591948508,Vinicius Junior,100.0,Vítěz,25-WINNER_NWAY-a
2026-07-30T14:44:32,2591948509,Rice Declan,80.0,Vítěz,25-WINNER_NWAY-a
2026-07-30T14:44:32,2591948510,Kvaratskhelia Khvicha,35.0,Vítěz,25-WINNER_NWAY-a
2026-07-30T14:44:32,2591948511,Messi Lionel,12.0,Vítěz,25-WINNER_NWAY-a
2026-07-30T14:44:32,2591948512,Haaland Erling,40.0,Vítěz,25-WINNER_NWAY-a
2026-07-30T14:44:32,2591948513,Vitinha Ferreira Vitor,60.0,Vítěz,25-WINNER_NWAY-a
2026-07-30T14:44:32,2591948514,Martinez Lautaro,150.0,Vítěz,25-WINNER_NWAY-a
2026-07-30T14:44:32,2591948515,Olise Michael,20.0,Vítěz,25-WINNER_NWAY-a
2026-07-30T14:44:32,2591948516,Yamal Lamine,2.8,Vítěz,25-WINNER_NWAY-a
2026-07-30T14:44:32,2591948517,Dembele Ousmane,17.0,Vítěz,25-WINNER_NWAY-a
2026-07-30T14:44:32,2591948518,Mbappe Kylian,6.5,Vítěz,25-WINNER_NWAY-a
2026-07-30T14:44:32,2591948519,Ronaldo Cristiano,500.0,Vítěz,25-WINNER_NWAY-a
2026-07-30T14:44:32,2623169588,Doue Desire,300.0,Vítěz,25-WINNER_NWAY-a
2026-07-30T14:44:32,2659741494,Bellingham Jude,25.0,Vítěz,25-WINNER_NWAY-a
2026-07-30T14:44:32,2659741495,Rodrigo Hernandez,5.5,Vítěz,25-WINNER_NWAY-a
2026-07-30T14:44:32,2664666606,Cubarsi Pau,27.0,Vítěz,25-WINNER_NWAY-a
2026-07-30T06:50:39,2591948506,Hakimi Achraf,200.0,Vítěz,25-WINNER_NWAY-a
2026-07-30T06:50:39,2591948507,Kane Harry,2.2,Vítěz,25-WINNER_NWAY-a
2026-07-30T06:50:39,2591948508,Vinicius Junior,100.0,Vítěz,25-WINNER_NWAY-a
2026-07-30T06:50:39,2591948509,Rice Declan,80.0,Vítěz,25-WINNER_NWAY-a
2026-07-30T06:50:39,2591948510,Kvaratskhelia Khvicha,35.0,Vítěz,25-WINNER_NWAY-a
2026-07-30T06:50:39,2591948511,Messi Lionel,10.0,Vítěz,25-WINNER_NWAY-a
2026-07-30T06:50:39,2591948512,Haaland Erling,40.0,Vítěz,25-WINNER_NWAY-a
2026-07-30T06:50:39,2591948513,Vitinha Ferreira Vitor,60.0,Vítěz,25-WINNER_NWAY-a
2026-07-30T06:50:39,2591948514,Martinez Lautaro,150.0,Vítěz,25-WINNER_NWAY-a
2026-07-30T06:50:39,2591948515,Olise Michael,20.0,Vítěz,25-WINNER_NWAY-a
2026-07-30T06:50:39,2591948516,Yamal Lamine,2.7,Vítěz,25-WINNER_NWAY-a
2026-07-30T06:50:39,2591948517,Dembele Ousmane,17.0,Vítěz,25-WINNER_NWAY-a
2026-07-30T06:50:39,2591948518,Mbappe Kylian,6.0,Vítěz,25-WINNER_NWAY-a
2026-07-30T06:50:39,2591948519,Ronaldo Cristiano,500.0,Vítěz,25-WINNER_NWAY-a
2026-07-30T06:50:39,2623169588,Doue Desire,300.0,Vítěz,25-WINNER_NWAY-a
2026-07-30T06:50:39,2659741494,Bellingham Jude,25.0,Vítěz,25-WINNER_NWAY-a
2026-07-30T06:50:39,2659741495,Rodrigo Hernandez,5.5,Vítěz,25-WINNER_NWAY-a
2026-07-30T06:50:39,2664666606,Cubarsi Pau,30.0,Vítěz,25-WINNER_NWAY-a
2026-07-29T22:18:17,2591948506,Hakimi Achraf,200.0,Vítěz,25-WINNER_NWAY-a
2026-07-29T22:18:17,2591948507,Kane Harry,2.2,Vítěz,25-WINNER_NWAY-a
2026-07-29T22:18:17,2591948508,Vinicius Junior,100.0,Vítěz,25-WINNER_NWAY-a
2026-07-29T22:18:17,2591948509,Rice Declan,80.0,Vítěz,25-WINNER_NWAY-a
2026-07-29T22:18:17,2591948510,Kvaratskhelia Khvicha,35.0,Vítěz,25-WINNER_NWAY-a
2026-07-29T22:18:17,2591948511,Messi Lionel,10.0,Vítěz,25-WINNER_NWAY-a
2026-07-29T22:18:17,2591948512,Haaland Erling,40.0,Vítěz,25-WINNER_NWAY-a
2026-07-29T22:18:17,2591948513,Vitinha Ferreira Vitor,60.0,Vítěz,25-WINNER_NWAY-a
2026-07-29T22:18:17,2591948514,Martinez Lautaro,150.0,Vítěz,25-WINNER_NWAY-a
2026-07-29T22:18:17,2591948515,Olise Michael,20.0,Vítěz,25-WINNER_NWAY-a
2026-07-29T22:18:17,2591948516,Yamal Lamine,2.7,Vítěz,25-WINNER_NWAY-a
2026-07-29T22:18:17,2591948517,Dembele Ousmane,17.0,Vítěz,25-WINNER_NWAY-a
2026-07-29T22:18:17,2591948518,Mbappe Kylian,6.0,Vítěz,25-WINNER_NWAY-a
2026-07-29T22:18:17,2591948519,Ronaldo Cristiano,500.0,Vítěz,25-WINNER_NWAY-a
2026-07-29T22:18:17,2623169588,Doue Desire,300.0,Vítěz,25-WINNER_NWAY-a
2026-07-29T22:18:17,2659741494,Bellingham Jude,25.0,Vítěz,25-WINNER_NWAY-a
2026-07-29T22:18:17,2659741495,Rodrigo Hernandez,5.5,Vítěz,25-WINNER_NWAY-a
2026-07-29T22:18:17,2664666606,Cubarsi Pau,30.0,Vítěz,25-WINNER_NWAY-a
2026-07-29T14:45:17,2591948506,Hakimi Achraf,200.0,Vítěz,25-WINNER_NWAY-a
2026-07-29T14:45:17,2591948507,Kane Harry,2.2,Vítěz,25-WINNER_NWAY-a
2026-07-29T14:45:17,2591948508,Vinicius Junior,100.0,Vítěz,25-WINNER_NWAY-a
2026-07-29T14:45:17,2591948509,Rice Declan,80.0,Vítěz,25-WINNER_NWAY-a
2026-07-29T14:45:17,2591948510,Kvaratskhelia Khvicha,35.0,Vítěz,25-WINNER_NWAY-a
2026-07-29T14:45:17,2591948511,Messi Lionel,10.0,Vítěz,25-WINNER_NWAY-a
2026-07-29T14:45:17,2591948512,Haaland Erling,40.0,Vítěz,25-WINNER_NWAY-a
2026-07-29T14:45:17,2591948513,Vitinha Ferreira Vitor,60.0,Vítěz,25-WINNER_NWAY-a
2026-07-29T14:45:17,2591948514,Martinez Lautaro,150.0,Vítěz,25-WINNER_NWAY-a
2026-07-29T14:45:17,2591948515,Olise Michael,20.0,Vítěz,25-WINNER_NWAY-a
2026-07-29T14:45:17,2591948516,Yamal Lamine,2.7,Vítěz,25-WINNER_NWAY-a
2026-07-29T14:45:17,2591948517,Dembele Ousmane,17.0,Vítěz,25-WINNER_NWAY-a
2026-07-29T14:45:17,2591948518,Mbappe Kylian,6.0,Vítěz,25-WINNER_NWAY-a
2026-07-29T14:45:17,2591948519,Ronaldo Cristiano,500.0,Vítěz,25-WINNER_NWAY-a
2026-07-29T14:45:17,2623169588,Doue Desire,300.0,Vítěz,25-WINNER_NWAY-a
2026-07-29T14:45:17,2659741494,Bellingham Jude,25.0,Vítěz,25-WINNER_NWAY-a
2026-07-29T14:45:17,2659741495,Rodrigo Hernandez,5.5,Vítěz,25-WINNER_NWAY-a
2026-07-29T14:45:17,2664666606,Cubarsi Pau,30.0,Vítěz,25-WINNER_NWAY-a
2026-07-29T06:51:41,2591948506,Hakimi Achraf,200.0,Vítěz,25-WINNER_NWAY-a
2026-07-29T06:51:41,2591948507,Kane Harry,2.2,Vítěz,25-WINNER_NWAY-a
2026-07-29T06:51:41,2591948508,Vinicius Junior,100.0,Vítěz,25-WINNER_NWAY-a
2026-07-29T06:51:41,2591948509,Rice Declan,80.0,Vítěz,25-WINNER_NWAY-a
2026-07-29T06:51:41,2591948510,Kvaratskhelia Khvicha,35.0,Vítěz,25-WINNER_NWAY-a
2026-07-29T06:51:41,2591948511,Messi Lionel,10.0,Vítěz,25-WINNER_NWAY-a
2026-07-29T06:51:41,2591948512,Haaland Erling,40.0,Vítěz,25-WINNER_NWAY-a
2026-07-29T06:51:41,2591948513,Vitinha Ferreira Vitor,60.0,Vítěz,25-WINNER_NWAY-a
2026-07-29T06:51:41,2591948514,Martinez Lautaro,150.0,Vítěz,25-WINNER_NWAY-a
2026-07-29T06:51:41,2591948515,Olise Michael,20.0,Vítěz,25-WINNER_NWAY-a
2026-07-29T06:51:41,2591948516,Yamal Lamine,2.7,Vítěz,25-WINNER_NWAY-a
2026-07-29T06:51:41,2591948517,Dembele Ousmane,17.0,Vítěz,25-WINNER_NWAY-a
2026-07-29T06:51:41,2591948518,Mbappe Kylian,6.0,Vítěz,25-WINNER_NWAY-a
2026-07-29T06:51:41,2591948519,Ronaldo Cristiano,500.0,Vítěz,25-WINNER_NWAY-a
2026-07-29T06:51:41,2623169588,Doue Desire,300.0,Vítěz,25-WINNER_NWAY-a
2026-07-29T06:51:41,2659741494,Bellingham Jude,25.0,Vítěz,25-WINNER_NWAY-a
2026-07-29T06:51:41,2659741495,Rodrigo Hernandez,5.5,Vítěz,25-WINNER_NWAY-a
2026-07-29T06:51:41,2664666606,Cubarsi Pau,30.0,Vítěz,25-WINNER_NWAY-a
2026-07-28T22:20:34,2591948506,Hakimi Achraf,200.0,Vítěz,25-WINNER_NWAY-a
2026-07-28T22:20:34,2591948507,Kane Harry,2.3,Vítěz,25-WINNER_NWAY-a
2026-07-28T22:20:34,2591948508,Vinicius Junior,100.0,Vítěz,25-WINNER_NWAY-a
2026-07-28T22:20:34,2591948509,Rice Declan,80.0,Vítěz,25-WINNER_NWAY-a
2026-07-28T22:20:34,2591948510,Kvaratskhelia Khvicha,35.0,Vítěz,25-WINNER_NWAY-a
2026-07-28T22:20:34,2591948511,Messi Lionel,10.0,Vítěz,25-WINNER_NWAY-a
2026-07-28T22:20:34,2591948512,Haaland Erling,40.0,Vítěz,25-WINNER_NWAY-a
2026-07-28T22:20:34,2591948513,Vitinha Ferreira Vitor,60.0,Vítěz,25-WINNER_NWAY-a
2026-07-28T22:20:34,2591948514,Martinez Lautaro,150.0,Vítěz,25-WINNER_NWAY-a
2026-07-28T22:20:34,2591948515,Olise Michael,20.0,Vítěz,25-WINNER_NWAY-a
2026-07-28T22:20:34,2591948516,Yamal Lamine,2.7,Vítěz,25-WINNER_NWAY-a
2026-07-28T22:20:34,2591948517,Dembele Ousmane,17.0,Vítěz,25-WINNER_NWAY-a
2026-07-28T22:20:34,2591948518,Mbappe Kylian,6.0,Vítěz,25-WINNER_NWAY-a
2026-07-28T22:20:34,2591948519,Ronaldo Cristiano,500.0,Vítěz,25-WINNER_NWAY-a
2026-07-28T22:20:34,2623169588,Doue Desire,300.0,Vítěz,25-WINNER_NWAY-a
2026-07-28T22:20:34,2659741494,Bellingham Jude,25.0,Vítěz,25-WINNER_NWAY-a
2026-07-28T22:20:34,2659741495,Rodrigo Hernandez,5.5,Vítěz,25-WINNER_NWAY-a
2026-07-28T22:20:34,2664666606,Cubarsi Pau,30.0,Vítěz,25-WINNER_NWAY-a
2026-07-28T14:48:04,2591948506,Hakimi Achraf,200.0,Vítěz,25-WINNER_NWAY-a
2026-07-28T14:48:04,2591948507,Kane Harry,2.35,Vítěz,25-WINNER_NWAY-a
2026-07-28T14:48:04,2591948508,Vinicius Junior,100.0,Vítěz,25-WINNER_NWAY-a
2026-07-28T14:48:04,2591948509,Rice Declan,80.0,Vítěz,25-WINNER_NWAY-a
2026-07-28T14:48:04,2591948510,Kvaratskhelia Khvicha,35.0,Vítěz,25-WINNER_NWAY-a
2026-07-28T14:48:04,2591948511,Messi Lionel,10.0,Vítěz,25-WINNER_NWAY-a
2026-07-28T14:48:04,2591948512,Haaland Erling,40.0,Vítěz,25-WINNER_NWAY-a
2026-07-28T14:48:04,2591948513,Vitinha Ferreira Vitor,60.0,Vítěz,25-WINNER_NWAY-a
2026-07-28T14:48:04,2591948514,Martinez Lautaro,150.0,Vítěz,25-WINNER_NWAY-a
2026-07-28T14:48:04,2591948515,Olise Michael,20.0,Vítěz,25-WINNER_NWAY-a
2026-07-28T14:48:04,2591948516,Yamal Lamine,2.7,Vítěz,25-WINNER_NWAY-a
2026-07-28T14:48:04,2591948517,Dembele Ousmane,15.0,Vítěz,25-WINNER_NWAY-a
2026-07-28T14:48:04,2591948518,Mbappe Kylian,6.0,Vítěz,25-WINNER_NWAY-a
2026-07-28T14:48:04,2591948519,Ronaldo Cristiano,500.0,Vítěz,25-WINNER_NWAY-a
2026-07-28T14:48:04,2623169588,Doue Desire,300.0,Vítěz,25-WINNER_NWAY-a
2026-07-28T14:48:04,2659741494,Bellingham Jude,25.0,Vítěz,25-WINNER_NWAY-a
2026-07-28T14:48:04,2659741495,Rodrigo Hernandez,5.0,Vítěz,25-WINNER_NWAY-a
2026-07-28T14:48:04,2664666606,Cubarsi Pau,30.0,Vítěz,25-WINNER_NWAY-a
2026-07-28T06:50:01,2591948506,Hakimi Achraf,200.0,Vítěz,25-WINNER_NWAY-a
2026-07-28T06:50:01,2591948507,Kane Harry,2.5,Vítěz,25-WINNER_NWAY-a
2026-07-28T06:50:01,2591948508,Vinicius Junior,100.0,Vítěz,25-WINNER_NWAY-a
2026-07-28T06:50:01,2591948509,Rice Declan,80.0,Vítěz,25-WINNER_NWAY-a
2026-07-28T06:50:01,2591948510,Kvaratskhelia Khvicha,35.0,Vítěz,25-WINNER_NWAY-a
2026-07-28T06:50:01,2591948511,Messi Lionel,10.0,Vítěz,25-WINNER_NWAY-a
2026-07-28T06:50:01,2591948512,Haaland Erling,40.0,Vítěz,25-WINNER_NWAY-a
2026-07-28T06:50:01,2591948513,Vitinha Ferreira Vitor,60.0,Vítěz,25-WINNER_NWAY-a
2026-07-28T06:50:01,2591948514,Martinez Lautaro,150.0,Vítěz,25-WINNER_NWAY-a
2026-07-28T06:50:01,2591948515,Olise Michael,20.0,Vítěz,25-WINNER_NWAY-a
2026-07-28T06:50:01,2591948516,Yamal Lamine,2.7,Vítěz,25-WINNER_NWAY-a
2026-07-28T06:50:01,2591948517,Dembele Ousmane,15.0,Vítěz,25-WINNER_NWAY-a
2026-07-28T06:50:01,2591948518,Mbappe Kylian,6.0,Vítěz,25-WINNER_NWAY-a
2026-07-28T06:50:01,2591948519,Ronaldo Cristiano,500.0,Vítěz,25-WINNER_NWAY-a
2026-07-28T06:50:01,2623169588,Doue Desire,300.0,Vítěz,25-WINNER_NWAY-a
2026-07-28T06:50:01,2659741494,Bellingham Jude,25.0,Vítěz,25-WINNER_NWAY-a
2026-07-28T06:50:01,2659741495,Rodrigo Hernandez,5.0,Vítěz,25-WINNER_NWAY-a
2026-07-28T06:50:01,2664666606,Cubarsi Pau,30.0,Vítěz,25-WINNER_NWAY-a
2026-07-27T22:21:39,2591948506,Hakimi Achraf,200.0,Vítěz,25-WINNER_NWAY-a
2026-07-27T22:21:39,2591948507,Kane Harry,2.5,Vítěz,25-WINNER_NWAY-a
2026-07-27T22:21:39,2591948508,Vinicius Junior,100.0,Vítěz,25-WINNER_NWAY-a
2026-07-27T22:21:39,2591948509,Rice Declan,80.0,Vítěz,25-WINNER_NWAY-a
2026-07-27T22:21:39,2591948510,Kvaratskhelia Khvicha,35.0,Vítěz,25-WINNER_NWAY-a
2026-07-27T22:21:39,2591948511,Messi Lionel,10.0,Vítěz,25-WINNER_NWAY-a
2026-07-27T22:21:39,2591948512,Haaland Erling,40.0,Vítěz,25-WINNER_NWAY-a
2026-07-27T22:21:39,2591948513,Vitinha Ferreira Vitor,60.0,Vítěz,25-WINNER_NWAY-a
2026-07-27T22:21:39,2591948514,Martinez Lautaro,150.0,Vítěz,25-WINNER_NWAY-a
2026-07-27T22:21:39,2591948515,Olise Michael,20.0,Vítěz,25-WINNER_NWAY-a
2026-07-27T22:21:39,2591948516,Yamal Lamine,2.7,Vítěz,25-WINNER_NWAY-a
2026-07-27T22:21:39,2591948517,Dembele Ousmane,15.0,Vítěz,25-WINNER_NWAY-a
2026-07-27T22:21:39,2591948518,Mbappe Kylian,6.0,Vítěz,25-WINNER_NWAY-a
2026-07-27T22:21:39,2591948519,Ronaldo Cristiano,500.0,Vítěz,25-WINNER_NWAY-a
2026-07-27T22:21:39,2623169588,Doue Desire,300.0,Vítěz,25-WINNER_NWAY-a
2026-07-27T22:21:39,2659741494,Bellingham Jude,25.0,Vítěz,25-WINNER_NWAY-a
2026-07-27T22:21:39,2659741495,Rodrigo Hernandez,5.0,Vítěz,25-WINNER_NWAY-a
2026-07-27T22:21:39,2664666606,Cubarsi Pau,30.0,Vítěz,25-WINNER_NWAY-a
2026-07-27T14:58:22,2591948506,Hakimi Achraf,200.0,Vítěz,25-WINNER_NWAY-a
2026-07-27T14:58:22,2591948507,Kane Harry,2.5,Vítěz,25-WINNER_NWAY-a
2026-07-27T14:58:22,2591948508,Vinicius Junior,100.0,Vítěz,25-WINNER_NWAY-a
2026-07-27T14:58:22,2591948509,Rice Declan,80.0,Vítěz,25-WINNER_NWAY-a
2026-07-27T14:58:22,2591948510,Kvaratskhelia Khvicha,35.0,Vítěz,25-WINNER_NWAY-a
2026-07-27T14:58:22,2591948511,Messi Lionel,10.0,Vítěz,25-WINNER_NWAY-a
2026-07-27T14:58:22,2591948512,Haaland Erling,40.0,Vítěz,25-WINNER_NWAY-a
2026-07-27T14:58:22,2591948513,Vitinha Ferreira Vitor,60.0,Vítěz,25-WINNER_NWAY-a
2026-07-27T14:58:22,2591948514,Martinez Lautaro,150.0,Vítěz,25-WINNER_NWAY-a
2026-07-27T14:58:22,2591948515,Olise Michael,20.0,Vítěz,25-WINNER_NWAY-a
2026-07-27T14:58:22,2591948516,Yamal Lamine,2.7,Vítěz,25-WINNER_NWAY-a
2026-07-27T14:58:22,2591948517,Dembele Ousmane,15.0,Vítěz,25-WINNER_NWAY-a
2026-07-27T14:58:22,2591948518,Mbappe Kylian,6.0,Vítěz,25-WINNER_NWAY-a
2026-07-27T14:58:22,2591948519,Ronaldo Cristiano,500.0,Vítěz,25-WINNER_NWAY-a
2026-07-27T14:58:22,2623169588,Doue Desire,300.0,Vítěz,25-WINNER_NWAY-a
2026-07-27T14:58:22,2659741494,Bellingham Jude,25.0,Vítěz,25-WINNER_NWAY-a
2026-07-27T14:58:22,2659741495,Rodrigo Hernandez,5.0,Vítěz,25-WINNER_NWAY-a
2026-07-27T14:58:22,2664666606,Cubarsi Pau,30.0,Vítěz,25-WINNER_NWAY-a
2026-07-27T07:04:17,2591948506,Hakimi Achraf,200.0,Vítěz,25-WINNER_NWAY-a
2026-07-27T07:04:17,2591948507,Kane Harry,2.5,Vítěz,25-WINNER_NWAY-a
2026-07-27T07:04:17,2591948508,Vinicius Junior,100.0,Vítěz,25-WINNER_NWAY-a
2026-07-27T07:04:17,2591948509,Rice Declan,80.0,Vítěz,25-WINNER_NWAY-a
2026-07-27T07:04:17,2591948510,Kvaratskhelia Khvicha,35.0,Vítěz,25-WINNER_NWAY-a
2026-07-27T07:04:17,2591948511,Messi Lionel,10.0,Vítěz,25-WINNER_NWAY-a
2026-07-27T07:04:17,2591948512,Haaland Erling,40.0,Vítěz,25-WINNER_NWAY-a
2026-07-27T07:04:17,2591948513,Vitinha Ferreira Vitor,60.0,Vítěz,25-WINNER_NWAY-a
2026-07-27T07:04:17,2591948514,Martinez Lautaro,150.0,Vítěz,25-WINNER_NWAY-a
2026-07-27T07:04:17,2591948515,Olise Michael,20.0,Vítěz,25-WINNER_NWAY-a
2026-07-27T07:04:17,2591948516,Yamal Lamine,2.7,Vítěz,25-WINNER_NWAY-a
2026-07-27T07:04:17,2591948517,Dembele Ousmane,15.0,Vítěz,25-WINNER_NWAY-a
2026-07-27T07:04:17,2591948518,Mbappe Kylian,6.0,Vítěz,25-WINNER_NWAY-a
2026-07-27T07:04:17,2591948519,Ronaldo Cristiano,500.0,Vítěz,25-WINNER_NWAY-a
2026-07-27T07:04:17,2623169588,Doue Desire,300.0,Vítěz,25-WINNER_NWAY-a
2026-07-27T07:04:17,2659741494,Bellingham Jude,25.0,Vítěz,25-WINNER_NWAY-a
2026-07-27T07:04:17,2659741495,Rodrigo Hernandez,5.0,Vítěz,25-WINNER_NWAY-a
2026-07-27T07:04:17,2664666606,Cubarsi Pau,30.0,Vítěz,25-WINNER_NWAY-a
2026-07-26T22:18:16,2591948506,Hakimi Achraf,200.0,Vítěz,25-WINNER_NWAY-a
2026-07-26T22:18:16,2591948507,Kane Harry,2.5,Vítěz,25-WINNER_NWAY-a
2026-07-26T22:18:16,2591948508,Vinicius Junior,100.0,Vítěz,25-WINNER_NWAY-a
2026-07-26T22:18:16,2591948509,Rice Declan,80.0,Vítěz,25-WINNER_NWAY-a
2026-07-26T22:18:16,2591948510,Kvaratskhelia Khvicha,35.0,Vítěz,25-WINNER_NWAY-a
2026-07-26T22:18:16,2591948511,Messi Lionel,10.0,Vítěz,25-WINNER_NWAY-a
2026-07-26T22:18:16,2591948512,Haaland Erling,40.0,Vítěz,25-WINNER_NWAY-a
2026-07-26T22:18:16,2591948513,Vitinha Ferreira Vitor,60.0,Vítěz,25-WINNER_NWAY-a
2026-07-26T22:18:16,2591948514,Martinez Lautaro,150.0,Vítěz,25-WINNER_NWAY-a
2026-07-26T22:18:16,2591948515,Olise Michael,20.0,Vítěz,25-WINNER_NWAY-a
2026-07-26T22:18:16,2591948516,Yamal Lamine,2.7,Vítěz,25-WINNER_NWAY-a
2026-07-26T22:18:16,2591948517,Dembele Ousmane,15.0,Vítěz,25-WINNER_NWAY-a
2026-07-26T22:18:16,2591948518,Mbappe Kylian,6.0,Vítěz,25-WINNER_NWAY-a
2026-07-26T22:18:16,2591948519,Ronaldo Cristiano,500.0,Vítěz,25-WINNER_NWAY-a
2026-07-26T22:18:16,2623169588,Doue Desire,300.0,Vítěz,25-WINNER_NWAY-a
2026-07-26T22:18:16,2659741494,Bellingham Jude,25.0,Vítěz,25-WINNER_NWAY-a
2026-07-26T22:18:16,2659741495,Rodrigo Hernandez,5.0,Vítěz,25-WINNER_NWAY-a
2026-07-26T22:18:16,2664666606,Cubarsi Pau,30.0,Vítěz,25-WINNER_NWAY-a
2026-07-26T14:29:52,2591948506,Hakimi Achraf,200.0,Vítěz,25-WINNER_NWAY-a
2026-07-26T14:29:52,2591948507,Kane Harry,2.5,Vítěz,25-WINNER_NWAY-a
2026-07-26T14:29:52,2591948508,Vinicius Junior,100.0,Vítěz,25-WINNER_NWAY-a
2026-07-26T14:29:52,2591948509,Rice Declan,80.0,Vítěz,25-WINNER_NWAY-a
2026-07-26T14:29:52,2591948510,Kvaratskhelia Khvicha,35.0,Vítěz,25-WINNER_NWAY-a
2026-07-26T14:29:52,2591948511,Messi Lionel,10.0,Vítěz,25-WINNER_NWAY-a
2026-07-26T14:29:52,2591948512,Haaland Erling,40.0,Vítěz,25-WINNER_NWAY-a
2026-07-26T14:29:52,2591948513,Vitinha Ferreira Vitor,60.0,Vítěz,25-WINNER_NWAY-a
2026-07-26T14:29:52,2591948514,Martinez Lautaro,150.0,Vítěz,25-WINNER_NWAY-a
2026-07-26T14:29:52,2591948515,Olise Michael,20.0,Vítěz,25-WINNER_NWAY-a
2026-07-26T14:29:52,2591948516,Yamal Lamine,2.7,Vítěz,25-WINNER_NWAY-a
2026-07-26T14:29:52,2591948517,Dembele Ousmane,15.0,Vítěz,25-WINNER_NWAY-a
2026-07-26T14:29:52,2591948518,Mbappe Kylian,6.0,Vítěz,25-WINNER_NWAY-a
2026-07-26T14:29:52,2591948519,Ronaldo Cristiano,500.0,Vítěz,25-WINNER_NWAY-a
2026-07-26T14:29:52,2623169588,Doue Desire,300.0,Vítěz,25-WINNER_NWAY-a
2026-07-26T14:29:52,2659741494,Bellingham Jude,25.0,Vítěz,25-WINNER_NWAY-a
2026-07-26T14:29:52,2659741495,Rodrigo Hernandez,5.0,Vítěz,25-WINNER_NWAY-a
2026-07-26T14:29:52,2664666606,Cubarsi Pau,30.0,Vítěz,25-WINNER_NWAY-a
2026-07-26T06:52:29,2591948506,Hakimi Achraf,200.0,Vítěz,25-WINNER_NWAY-a
2026-07-26T06:52:29,2591948507,Kane Harry,2.5,Vítěz,25-WINNER_NWAY-a
2026-07-26T06:52:29,2591948508,Vinicius Junior,100.0,Vítěz,25-WINNER_NWAY-a
2026-07-26T06:52:29,2591948509,Rice Declan,80.0,Vítěz,25-WINNER_NWAY-a
2026-07-26T06:52:29,2591948510,Kvaratskhelia Khvicha,35.0,Vítěz,25-WINNER_NWAY-a
2026-07-26T06:52:29,2591948511,Messi Lionel,10.0,Vítěz,25-WINNER_NWAY-a
2026-07-26T06:52:29,2591948512,Haaland Erling,40.0,Vítěz,25-WINNER_NWAY-a
2026-07-26T06:52:29,2591948513,Vitinha Ferreira Vitor,60.0,Vítěz,25-WINNER_NWAY-a
2026-07-26T06:52:29,2591948514,Martinez Lautaro,150.0,Vítěz,25-WINNER_NWAY-a
2026-07-26T06:52:29,2591948515,Olise Michael,20.0,Vítěz,25-WINNER_NWAY-a
2026-07-26T06:52:29,2591948516,Yamal Lamine,2.7,Vítěz,25-WINNER_NWAY-a
2026-07-26T06:52:29,2591948517,Dembele Ousmane,15.0,Vítěz,25-WINNER_NWAY-a
2026-07-26T06:52:29,2591948518,Mbappe Kylian,6.0,Vítěz,25-WINNER_NWAY-a
2026-07-26T06:52:29,2591948519,Ronaldo Cristiano,500.0,Vítěz,25-WINNER_NWAY-a
2026-07-26T06:52:29,2623169588,Doue Desire,300.0,Vítěz,25-WINNER_NWAY-a
2026-07-26T06:52:29,2659741494,Bellingham Jude,25.0,Vítěz,25-WINNER_NWAY-a
2026-07-26T06:52:29,2659741495,Rodrigo Hernandez,5.0,Vítěz,25-WINNER_NWAY-a
2026-07-26T06:52:29,2664666606,Cubarsi Pau,30.0,Vítěz,25-WINNER_NWAY-a
2026-07-25T22:17:21,2591948506,Hakimi Achraf,200.0,Vítěz,25-WINNER_NWAY-a
2026-07-25T22:17:21,2591948507,Kane Harry,2.5,Vítěz,25-WINNER_NWAY-a
2026-07-25T22:17:21,2591948508,Vinicius Junior,100.0,Vítěz,25-WINNER_NWAY-a
2026-07-25T22:17:21,2591948509,Rice Declan,80.0,Vítěz,25-WINNER_NWAY-a
2026-07-25T22:17:21,2591948510,Kvaratskhelia Khvicha,35.0,Vítěz,25-WINNER_NWAY-a
2026-07-25T22:17:21,2591948511,Messi Lionel,10.0,Vítěz,25-WINNER_NWAY-a
2026-07-25T22:17:21,2591948512,Haaland Erling,40.0,Vítěz,25-WINNER_NWAY-a
2026-07-25T22:17:21,2591948513,Vitinha Ferreira Vitor,60.0,Vítěz,25-WINNER_NWAY-a
2026-07-25T22:17:21,2591948514,Martinez Lautaro,150.0,Vítěz,25-WINNER_NWAY-a
2026-07-25T22:17:21,2591948515,Olise Michael,20.0,Vítěz,25-WINNER_NWAY-a
2026-07-25T22:17:21,2591948516,Yamal Lamine,2.7,Vítěz,25-WINNER_NWAY-a
2026-07-25T22:17:21,2591948517,Dembele Ousmane,15.0,Vítěz,25-WINNER_NWAY-a
2026-07-25T22:17:21,2591948518,Mbappe Kylian,6.0,Vítěz,25-WINNER_NWAY-a
2026-07-25T22:17:21,2591948519,Ronaldo Cristiano,500.0,Vítěz,25-WINNER_NWAY-a
2026-07-25T22:17:21,2623169588,Doue Desire,300.0,Vítěz,25-WINNER_NWAY-a
2026-07-25T22:17:21,2659741494,Bellingham Jude,25.0,Vítěz,25-WINNER_NWAY-a
2026-07-25T22:17:21,2659741495,Rodrigo Hernandez,5.0,Vítěz,25-WINNER_NWAY-a
2026-07-25T22:17:21,2664666606,Cubarsi Pau,30.0,Vítěz,25-WINNER_NWAY-a
2026-07-25T14:30:27,2591948506,Hakimi Achraf,200.0,Vítěz,25-WINNER_NWAY-a
2026-07-25T14:30:27,2591948507,Kane Harry,2.5,Vítěz,25-WINNER_NWAY-a
2026-07-25T14:30:27,2591948508,Vinicius Junior,100.0,Vítěz,25-WINNER_NWAY-a
2026-07-25T14:30:27,2591948509,Rice Declan,80.0,Vítěz,25-WINNER_NWAY-a
2026-07-25T14:30:27,2591948510,Kvaratskhelia Khvicha,35.0,Vítěz,25-WINNER_NWAY-a
2026-07-25T14:30:27,2591948511,Messi Lionel,10.0,Vítěz,25-WINNER_NWAY-a
2026-07-25T14:30:27,2591948512,Haaland Erling,40.0,Vítěz,25-WINNER_NWAY-a
2026-07-25T14:30:27,2591948513,Vitinha Ferreira Vitor,60.0,Vítěz,25-WINNER_NWAY-a
2026-07-25T14:30:27,2591948514,Martinez Lautaro,150.0,Vítěz,25-WINNER_NWAY-a
2026-07-25T14:30:27,2591948515,Olise Michael,20.0,Vítěz,25-WINNER_NWAY-a
2026-07-25T14:30:27,2591948516,Yamal Lamine,2.7,Vítěz,25-WINNER_NWAY-a
2026-07-25T14:30:27,2591948517,Dembele Ousmane,15.0,Vítěz,25-WINNER_NWAY-a
2026-07-25T14:30:27,2591948518,Mbappe Kylian,6.0,Vítěz,25-WINNER_NWAY-a
2026-07-25T14:30:27,2591948519,Ronaldo Cristiano,500.0,Vítěz,25-WINNER_NWAY-a
2026-07-25T14:30:27,2623169588,Doue Desire,300.0,Vítěz,25-WINNER_NWAY-a
2026-07-25T14:30:27,2659741494,Bellingham Jude,25.0,Vítěz,25-WINNER_NWAY-a
2026-07-25T14:30:27,2659741495,Rodrigo Hernandez,5.0,Vítěz,25-WINNER_NWAY-a
2026-07-25T14:30:27,2664666606,Cubarsi Pau,30.0,Vítěz,25-WINNER_NWAY-a
2026-07-25T06:44:34,2591948506,Hakimi Achraf,200.0,Vítěz,25-WINNER_NWAY-a
2026-07-25T06:44:34,2591948507,Kane Harry,2.5,Vítěz,25-WINNER_NWAY-a
2026-07-25T06:44:34,2591948508,Vinicius Junior,100.0,Vítěz,25-WINNER_NWAY-a
2026-07-25T06:44:34,2591948509,Rice Declan,80.0,Vítěz,25-WINNER_NWAY-a
2026-07-25T06:44:34,2591948510,Kvaratskhelia Khvicha,35.0,Vítěz,25-WINNER_NWAY-a
2026-07-25T06:44:34,2591948511,Messi Lionel,10.0,Vítěz,25-WINNER_NWAY-a
2026-07-25T06:44:34,2591948512,Haaland Erling,40.0,Vítěz,25-WINNER_NWAY-a
2026-07-25T06:44:34,2591948513,Vitinha Ferreira Vitor,60.0,Vítěz,25-WINNER_NWAY-a
2026-07-25T06:44:34,2591948514,Martinez Lautaro,150.0,Vítěz,25-WINNER_NWAY-a
2026-07-25T06:44:34,2591948515,Olise Michael,20.0,Vítěz,25-WINNER_NWAY-a
2026-07-25T06:44:34,2591948516,Yamal Lamine,2.7,Vítěz,25-WINNER_NWAY-a
2026-07-25T06:44:34,2591948517,Dembele Ousmane,15.0,Vítěz,25-WINNER_NWAY-a
2026-07-25T06:44:34,2591948518,Mbappe Kylian,6.0,Vítěz,25-WINNER_NWAY-a
2026-07-25T06:44:34,2591948519,Ronaldo Cristiano,500.0,Vítěz,25-WINNER_NWAY-a
2026-07-25T06:44:34,2623169588,Doue Desire,300.0,Vítěz,25-WINNER_NWAY-a
2026-07-25T06:44:34,2659741494,Bellingham Jude,25.0,Vítěz,25-WINNER_NWAY-a
2026-07-25T06:44:34,2659741495,Rodrigo Hernandez,5.0,Vítěz,25-WINNER_NWAY-a
2026-07-25T06:44:34,2664666606,Cubarsi Pau,30.0,Vítěz,25-WINNER_NWAY-a
2026-07-24T22:21:40,2591948506,Hakimi Achraf,200.0,Vítěz,25-WINNER_NWAY-a
2026-07-24T22:21:40,2591948507,Kane Harry,2.5,Vítěz,25-WINNER_NWAY-a
2026-07-24T22:21:40,2591948508,Vinicius Junior,100.0,Vítěz,25-WINNER_NWAY-a
2026-07-24T22:21:40,2591948509,Rice Declan,80.0,Vítěz,25-WINNER_NWAY-a
2026-07-24T22:21:40,2591948510,Kvaratskhelia Khvicha,35.0,Vítěz,25-WINNER_NWAY-a
2026-07-24T22:21:40,2591948511,Messi Lionel,10.0,Vítěz,25-WINNER_NWAY-a
2026-07-24T22:21:40,2591948512,Haaland Erling,40.0,Vítěz,25-WINNER_NWAY-a
2026-07-24T22:21:40,2591948513,Vitinha Ferreira Vitor,60.0,Vítěz,25-WINNER_NWAY-a
2026-07-24T22:21:40,2591948514,Martinez Lautaro,150.0,Vítěz,25-WINNER_NWAY-a
2026-07-24T22:21:40,2591948515,Olise Michael,20.0,Vítěz,25-WINNER_NWAY-a
2026-07-24T22:21:40,2591948516,Yamal Lamine,2.7,Vítěz,25-WINNER_NWAY-a
2026-07-24T22:21:40,2591948517,Dembele Ousmane,15.0,Vítěz,25-WINNER_NWAY-a
2026-07-24T22:21:40,2591948518,Mbappe Kylian,6.0,Vítěz,25-WINNER_NWAY-a
2026-07-24T22:21:40,2591948519,Ronaldo Cristiano,500.0,Vítěz,25-WINNER_NWAY-a
2026-07-24T22:21:40,2623169588,Doue Desire,300.0,Vítěz,25-WINNER_NWAY-a
2026-07-24T22:21:40,2659741494,Bellingham Jude,25.0,Vítěz,25-WINNER_NWAY-a
2026-07-24T22:21:40,2659741495,Rodrigo Hernandez,5.0,Vítěz,25-WINNER_NWAY-a
2026-07-24T22:21:40,2664666606,Cubarsi Pau,30.0,Vítěz,25-WINNER_NWAY-a
2026-07-24T14:33:04,2591948506,Hakimi Achraf,200.0,Vítěz,25-WINNER_NWAY-a
2026-07-24T14:33:04,2591948507,Kane Harry,2.5,Vítěz,25-WINNER_NWAY-a
2026-07-24T14:33:04,2591948508,Vinicius Junior,100.0,Vítěz,25-WINNER_NWAY-a
2026-07-24T14:33:04,2591948509,Rice Declan,80.0,Vítěz,25-WINNER_NWAY-a
2026-07-24T14:33:04,2591948510,Kvaratskhelia Khvicha,35.0,Vítěz,25-WINNER_NWAY-a
2026-07-24T14:33:04,2591948511,Messi Lionel,10.0,Vítěz,25-WINNER_NWAY-a
2026-07-24T14:33:04,2591948512,Haaland Erling,40.0,Vítěz,25-WINNER_NWAY-a
2026-07-24T14:33:04,2591948513,Vitinha Ferreira Vitor,60.0,Vítěz,25-WINNER_NWAY-a
2026-07-24T14:33:04,2591948514,Martinez Lautaro,150.0,Vítěz,25-WINNER_NWAY-a
2026-07-24T14:33:04,2591948515,Olise Michael,20.0,Vítěz,25-WINNER_NWAY-a
2026-07-24T14:33:04,2591948516,Yamal Lamine,2.7,Vítěz,25-WINNER_NWAY-a
2026-07-24T14:33:04,2591948517,Dembele Ousmane,15.0,Vítěz,25-WINNER_NWAY-a
2026-07-24T14:33:04,2591948518,Mbappe Kylian,6.0,Vítěz,25-WINNER_NWAY-a
2026-07-24T14:33:04,2591948519,Ronaldo Cristiano,500.0,Vítěz,25-WINNER_NWAY-a
2026-07-24T14:33:04,2623169588,Doue Desire,300.0,Vítěz,25-WINNER_NWAY-a
2026-07-24T14:33:04,2659741494,Bellingham Jude,25.0,Vítěz,25-WINNER_NWAY-a
2026-07-24T14:33:04,2659741495,Rodrigo Hernandez,5.0,Vítěz,25-WINNER_NWAY-a
2026-07-24T14:33:04,2664666606,Cubarsi Pau,30.0,Vítěz,25-WINNER_NWAY-a
2026-07-24T06:48:19,2591948506,Hakimi Achraf,200.0,Vítěz,25-WINNER_NWAY-a
2026-07-24T06:48:19,2591948507,Kane Harry,2.5,Vítěz,25-WINNER_NWAY-a
2026-07-24T06:48:19,2591948508,Vinicius Junior,100.0,Vítěz,25-WINNER_NWAY-a
2026-07-24T06:48:19,2591948509,Rice Declan,80.0,Vítěz,25-WINNER_NWAY-a
2026-07-24T06:48:19,2591948510,Kvaratskhelia Khvicha,35.0,Vítěz,25-WINNER_NWAY-a
2026-07-24T06:48:19,2591948511,Messi Lionel,10.0,Vítěz,25-WINNER_NWAY-a
2026-07-24T06:48:19,2591948512,Haaland Erling,40.0,Vítěz,25-WINNER_NWAY-a
2026-07-24T06:48:19,2591948513,Vitinha Ferreira Vitor,60.0,Vítěz,25-WINNER_NWAY-a
2026-07-24T06:48:19,2591948514,Martinez Lautaro,150.0,Vítěz,25-WINNER_NWAY-a
2026-07-24T06:48:19,2591948515,Olise Michael,20.0,Vítěz,25-WINNER_NWAY-a
2026-07-24T06:48:19,2591948516,Yamal Lamine,2.7,Vítěz,25-WINNER_NWAY-a
2026-07-24T06:48:19,2591948517,Dembele Ousmane,15.0,Vítěz,25-WINNER_NWAY-a
2026-07-24T06:48:19,2591948518,Mbappe Kylian,6.0,Vítěz,25-WINNER_NWAY-a
2026-07-24T06:48:19,2591948519,Ronaldo Cristiano,500.0,Vítěz,25-WINNER_NWAY-a
2026-07-24T06:48:19,2623169588,Doue Desire,300.0,Vítěz,25-WINNER_NWAY-a
2026-07-24T06:48:19,2659741494,Bellingham Jude,25.0,Vítěz,25-WINNER_NWAY-a
2026-07-24T06:48:19,2659741495,Rodrigo Hernandez,5.0,Vítěz,25-WINNER_NWAY-a
2026-07-24T06:48:19,2664666606,Cubarsi Pau,30.0,Vítěz,25-WINNER_NWAY-a
2026-07-23T22:19:59,2591948506,Hakimi Achraf,200.0,Vítěz,25-WINNER_NWAY-a
2026-07-23T22:19:59,2591948507,Kane Harry,2.45,Vítěz,25-WINNER_NWAY-a
2026-07-23T22:19:59,2591948508,Vinicius Junior,70.0,Vítěz,25-WINNER_NWAY-a
2026-07-23T22:19:59,2591948509,Rice Declan,60.0,Vítěz,25-WINNER_NWAY-a
2026-07-23T22:19:59,2591948510,Kvaratskhelia Khvicha,80.0,Vítěz,25-WINNER_NWAY-a
2026-07-23T22:19:59,2591948511,Messi Lionel,8.0,Vítěz,25-WINNER_NWAY-a
2026-07-23T22:19:59,2591948512,Haaland Erling,35.0,Vítěz,25-WINNER_NWAY-a
2026-07-23T22:19:59,2591948513,Vitinha Ferreira Vitor,50.0,Vítěz,25-WINNER_NWAY-a
2026-07-23T22:19:59,2591948514,Martinez Lautaro,100.0,Vítěz,25-WINNER_NWAY-a
2026-07-23T22:19:59,2591948515,Olise Michael,30.0,Vítěz,25-WINNER_NWAY-a
2026-07-23T22:19:59,2591948516,Yamal Lamine,2.7,Vítěz,25-WINNER_NWAY-a
2026-07-23T22:19:59,2591948517,Dembele Ousmane,15.0,Vítěz,25-WINNER_NWAY-a
2026-07-23T22:19:59,2591948518,Mbappe Kylian,6.0,Vítěz,25-WINNER_NWAY-a
2026-07-23T22:19:59,2591948519,Ronaldo Cristiano,500.0,Vítěz,25-WINNER_NWAY-a
2026-07-23T22:19:59,2623169588,Doue Desire,200.0,Vítěz,25-WINNER_NWAY-a
2026-07-23T22:19:59,2659741494,Bellingham Jude,30.0,Vítěz,25-WINNER_NWAY-a
2026-07-23T22:19:59,2659741495,Rodrigo Hernandez,5.0,Vítěz,25-WINNER_NWAY-a
2026-07-23T22:19:59,2664666606,Cubarsi Pau,30.0,Vítěz,25-WINNER_NWAY-a
2026-07-23T14:44:04,2591948506,Hakimi Achraf,200.0,Vítěz,25-WINNER_NWAY-a
2026-07-23T14:44:04,2591948507,Kane Harry,2.45,Vítěz,25-WINNER_NWAY-a
2026-07-23T14:44:04,2591948508,Vinicius Junior,70.0,Vítěz,25-WINNER_NWAY-a
2026-07-23T14:44:04,2591948509,Rice Declan,60.0,Vítěz,25-WINNER_NWAY-a
2026-07-23T14:44:04,2591948510,Kvaratskhelia Khvicha,80.0,Vítěz,25-WINNER_NWAY-a
2026-07-23T14:44:04,2591948511,Messi Lionel,8.0,Vítěz,25-WINNER_NWAY-a
2026-07-23T14:44:04,2591948512,Haaland Erling,35.0,Vítěz,25-WINNER_NWAY-a
2026-07-23T14:44:04,2591948513,Vitinha Ferreira Vitor,50.0,Vítěz,25-WINNER_NWAY-a
2026-07-23T14:44:04,2591948514,Martinez Lautaro,100.0,Vítěz,25-WINNER_NWAY-a
2026-07-23T14:44:04,2591948515,Olise Michael,30.0,Vítěz,25-WINNER_NWAY-a
2026-07-23T14:44:04,2591948516,Yamal Lamine,2.7,Vítěz,25-WINNER_NWAY-a
2026-07-23T14:44:04,2591948517,Dembele Ousmane,15.0,Vítěz,25-WINNER_NWAY-a
2026-07-23T14:44:04,2591948518,Mbappe Kylian,6.0,Vítěz,25-WINNER_NWAY-a
2026-07-23T14:44:04,2591948519,Ronaldo Cristiano,500.0,Vítěz,25-WINNER_NWAY-a
2026-07-23T14:44:04,2623169588,Doue Desire,200.0,Vítěz,25-WINNER_NWAY-a
2026-07-23T14:44:04,2659741494,Bellingham Jude,30.0,Vítěz,25-WINNER_NWAY-a
2026-07-23T14:44:04,2659741495,Rodrigo Hernandez,5.0,Vítěz,25-WINNER_NWAY-a
2026-07-23T14:44:04,2664666606,Cubarsi Pau,30.0,Vítěz,25-WINNER_NWAY-a
2026-07-23T06:48:19,2591948506,Hakimi Achraf,200.0,Vítěz,25-WINNER_NWAY-a
2026-07-23T06:48:19,2591948507,Kane Harry,2.45,Vítěz,25-WINNER_NWAY-a
2026-07-23T06:48:19,2591948508,Vinicius Junior,70.0,Vítěz,25-WINNER_NWAY-a
2026-07-23T06:48:19,2591948509,Rice Declan,60.0,Vítěz,25-WINNER_NWAY-a
2026-07-23T06:48:19,2591948510,Kvaratskhelia Khvicha,80.0,Vítěz,25-WINNER_NWAY-a
2026-07-23T06:48:19,2591948511,Messi Lionel,8.0,Vítěz,25-WINNER_NWAY-a
2026-07-23T06:48:19,2591948512,Haaland Erling,35.0,Vítěz,25-WINNER_NWAY-a
2026-07-23T06:48:19,2591948513,Vitinha Ferreira Vitor,50.0,Vítěz,25-WINNER_NWAY-a
2026-07-23T06:48:19,2591948514,Martinez Lautaro,100.0,Vítěz,25-WINNER_NWAY-a
2026-07-23T06:48:19,2591948515,Olise Michael,30.0,Vítěz,25-WINNER_NWAY-a
2026-07-23T06:48:19,2591948516,Yamal Lamine,2.7,Vítěz,25-WINNER_NWAY-a
2026-07-23T06:48:19,2591948517,Dembele Ousmane,15.0,Vítěz,25-WINNER_NWAY-a
2026-07-23T06:48:19,2591948518,Mbappe Kylian,6.0,Vítěz,25-WINNER_NWAY-a
2026-07-23T06:48:19,2591948519,Ronaldo Cristiano,500.0,Vítěz,25-WINNER_NWAY-a
2026-07-23T06:48:19,2623169588,Doue Desire,200.0,Vítěz,25-WINNER_NWAY-a
2026-07-23T06:48:19,2659741494,Bellingham Jude,30.0,Vítěz,25-WINNER_NWAY-a
2026-07-23T06:48:19,2659741495,Rodrigo Hernandez,5.0,Vítěz,25-WINNER_NWAY-a
2026-07-23T06:48:19,2664666606,Cubarsi Pau,30.0,Vítěz,25-WINNER_NWAY-a
2026-07-22T22:20:18,2591948506,Hakimi Achraf,200.0,Vítěz,25-WINNER_NWAY-a
2026-07-22T22:20:18,2591948507,Kane Harry,2.45,Vítěz,25-WINNER_NWAY-a
2026-07-22T22:20:18,2591948508,Vinicius Junior,70.0,Vítěz,25-WINNER_NWAY-a
2026-07-22T22:20:18,2591948509,Rice Declan,60.0,Vítěz,25-WINNER_NWAY-a
2026-07-22T22:20:18,2591948510,Kvaratskhelia Khvicha,80.0,Vítěz,25-WINNER_NWAY-a
2026-07-22T22:20:18,2591948511,Messi Lionel,8.0,Vítěz,25-WINNER_NWAY-a
2026-07-22T22:20:18,2591948512,Haaland Erling,35.0,Vítěz,25-WINNER_NWAY-a
2026-07-22T22:20:18,2591948513,Vitinha Ferreira Vitor,50.0,Vítěz,25-WINNER_NWAY-a
2026-07-22T22:20:18,2591948514,Martinez Lautaro,100.0,Vítěz,25-WINNER_NWAY-a
2026-07-22T22:20:18,2591948515,Olise Michael,30.0,Vítěz,25-WINNER_NWAY-a
2026-07-22T22:20:18,2591948516,Yamal Lamine,2.7,Vítěz,25-WINNER_NWAY-a
2026-07-22T22:20:18,2591948517,Dembele Ousmane,15.0,Vítěz,25-WINNER_NWAY-a
2026-07-22T22:20:18,2591948518,Mbappe Kylian,6.0,Vítěz,25-WINNER_NWAY-a
2026-07-22T22:20:18,2591948519,Ronaldo Cristiano,500.0,Vítěz,25-WINNER_NWAY-a
2026-07-22T22:20:18,2623169588,Doue Desire,200.0,Vítěz,25-WINNER_NWAY-a
2026-07-22T22:20:18,2659741494,Bellingham Jude,30.0,Vítěz,25-WINNER_NWAY-a
2026-07-22T22:20:18,2659741495,Rodrigo Hernandez,5.0,Vítěz,25-WINNER_NWAY-a
2026-07-22T22:20:18,2664666606,Cubarsi Pau,30.0,Vítěz,25-WINNER_NWAY-a
2026-07-22T14:39:07,2591948506,Hakimi Achraf,200.0,Vítěz,25-WINNER_NWAY-a
2026-07-22T14:39:07,2591948507,Kane Harry,2.45,Vítěz,25-WINNER_NWAY-a
2026-07-22T14:39:07,2591948508,Vinicius Junior,70.0,Vítěz,25-WINNER_NWAY-a
2026-07-22T14:39:07,2591948509,Rice Declan,60.0,Vítěz,25-WINNER_NWAY-a
2026-07-22T14:39:07,2591948510,Kvaratskhelia Khvicha,80.0,Vítěz,25-WINNER_NWAY-a
2026-07-22T14:39:07,2591948511,Messi Lionel,8.0,Vítěz,25-WINNER_NWAY-a
2026-07-22T14:39:07,2591948512,Haaland Erling,35.0,Vítěz,25-WINNER_NWAY-a
2026-07-22T14:39:07,2591948513,Vitinha Ferreira Vitor,50.0,Vítěz,25-WINNER_NWAY-a
2026-07-22T14:39:07,2591948514,Martinez Lautaro,100.0,Vítěz,25-WINNER_NWAY-a
2026-07-22T14:39:07,2591948515,Olise Michael,30.0,Vítěz,25-WINNER_NWAY-a
2026-07-22T14:39:07,2591948516,Yamal Lamine,2.7,Vítěz,25-WINNER_NWAY-a
2026-07-22T14:39:07,2591948517,Dembele Ousmane,15.0,Vítěz,25-WINNER_NWAY-a
2026-07-22T14:39:07,2591948518,Mbappe Kylian,6.0,Vítěz,25-WINNER_NWAY-a
2026-07-22T14:39:07,2591948519,Ronaldo Cristiano,500.0,Vítěz,25-WINNER_NWAY-a
2026-07-22T14:39:07,2623169588,Doue Desire,200.0,Vítěz,25-WINNER_NWAY-a
2026-07-22T14:39:07,2659741494,Bellingham Jude,30.0,Vítěz,25-WINNER_NWAY-a
2026-07-22T14:39:07,2659741495,Rodrigo Hernandez,5.0,Vítěz,25-WINNER_NWAY-a
2026-07-22T14:39:07,2664666606,Cubarsi Pau,30.0,Vítěz,25-WINNER_NWAY-a
2026-07-22T06:49:34,2591948506,Hakimi Achraf,200.0,Vítěz,25-WINNER_NWAY-a
2026-07-22T06:49:34,2591948507,Kane Harry,2.45,Vítěz,25-WINNER_NWAY-a
2026-07-22T06:49:34,2591948508,Vinicius Junior,70.0,Vítěz,25-WINNER_NWAY-a
2026-07-22T06:49:34,2591948509,Rice Declan,60.0,Vítěz,25-WINNER_NWAY-a
2026-07-22T06:49:34,2591948510,Kvaratskhelia Khvicha,80.0,Vítěz,25-WINNER_NWAY-a
2026-07-22T06:49:34,2591948511,Messi Lionel,8.0,Vítěz,25-WINNER_NWAY-a
2026-07-22T06:49:34,2591948512,Haaland Erling,35.0,Vítěz,25-WINNER_NWAY-a
2026-07-22T06:49:34,2591948513,Vitinha Ferreira Vitor,50.0,Vítěz,25-WINNER_NWAY-a
2026-07-22T06:49:34,2591948514,Martinez Lautaro,100.0,Vítěz,25-WINNER_NWAY-a
2026-07-22T06:49:34,2591948515,Olise Michael,30.0,Vítěz,25-WINNER_NWAY-a
2026-07-22T06:49:34,2591948516,Yamal Lamine,2.7,Vítěz,25-WINNER_NWAY-a
2026-07-22T06:49:34,2591948517,Dembele Ousmane,15.0,Vítěz,25-WINNER_NWAY-a
2026-07-22T06:49:34,2591948518,Mbappe Kylian,6.0,Vítěz,25-WINNER_NWAY-a
2026-07-22T06:49:34,2591948519,Ronaldo Cristiano,500.0,Vítěz,25-WINNER_NWAY-a
2026-07-22T06:49:34,2623169588,Doue Desire,200.0,Vítěz,25-WINNER_NWAY-a
2026-07-22T06:49:34,2659741494,Bellingham Jude,30.0,Vítěz,25-WINNER_NWAY-a
2026-07-22T06:49:34,2659741495,Rodrigo Hernandez,5.0,Vítěz,25-WINNER_NWAY-a
2026-07-22T06:49:34,2664666606,Cubarsi Pau,30.0,Vítěz,25-WINNER_NWAY-a
2026-07-21T22:17:43,2591948506,Hakimi Achraf,200.0,Vítěz,25-WINNER_NWAY-a
2026-07-21T22:17:43,2591948507,Kane Harry,2.45,Vítěz,25-WINNER_NWAY-a
2026-07-21T22:17:43,2591948508,Vinicius Junior,70.0,Vítěz,25-WINNER_NWAY-a
2026-07-21T22:17:43,2591948509,Rice Declan,60.0,Vítěz,25-WINNER_NWAY-a
2026-07-21T22:17:43,2591948510,Kvaratskhelia Khvicha,80.0,Vítěz,25-WINNER_NWAY-a
2026-07-21T22:17:43,2591948511,Messi Lionel,8.0,Vítěz,25-WINNER_NWAY-a
2026-07-21T22:17:43,2591948512,Haaland Erling,35.0,Vítěz,25-WINNER_NWAY-a
2026-07-21T22:17:43,2591948513,Vitinha Ferreira Vitor,50.0,Vítěz,25-WINNER_NWAY-a
2026-07-21T22:17:43,2591948514,Martinez Lautaro,100.0,Vítěz,25-WINNER_NWAY-a
2026-07-21T22:17:43,2591948515,Olise Michael,30.0,Vítěz,25-WINNER_NWAY-a
2026-07-21T22:17:43,2591948516,Yamal Lamine,2.7,Vítěz,25-WINNER_NWAY-a
2026-07-21T22:17:43,2591948517,Dembele Ousmane,15.0,Vítěz,25-WINNER_NWAY-a
2026-07-21T22:17:43,2591948518,Mbappe Kylian,6.0,Vítěz,25-WINNER_NWAY-a
2026-07-21T22:17:43,2591948519,Ronaldo Cristiano,500.0,Vítěz,25-WINNER_NWAY-a
2026-07-21T22:17:43,2623169588,Doue Desire,200.0,Vítěz,25-WINNER_NWAY-a
2026-07-21T22:17:43,2659741494,Bellingham Jude,30.0,Vítěz,25-WINNER_NWAY-a
2026-07-21T22:17:43,2659741495,Rodrigo Hernandez,5.0,Vítěz,25-WINNER_NWAY-a
2026-07-21T22:17:43,2664666606,Cubarsi Pau,30.0,Vítěz,25-WINNER_NWAY-a
2026-07-21T14:39:47,2591948506,Hakimi Achraf,200.0,Vítěz,25-WINNER_NWAY-a
2026-07-21T14:39:47,2591948507,Kane Harry,2.45,Vítěz,25-WINNER_NWAY-a
2026-07-21T14:39:47,2591948508,Vinicius Junior,70.0,Vítěz,25-WINNER_NWAY-a
2026-07-21T14:39:47,2591948509,Rice Declan,60.0,Vítěz,25-WINNER_NWAY-a
2026-07-21T14:39:47,2591948510,Kvaratskhelia Khvicha,80.0,Vítěz,25-WINNER_NWAY-a
2026-07-21T14:39:47,2591948511,Messi Lionel,8.0,Vítěz,25-WINNER_NWAY-a
2026-07-21T14:39:47,2591948512,Haaland Erling,35.0,Vítěz,25-WINNER_NWAY-a
2026-07-21T14:39:47,2591948513,Vitinha Ferreira Vitor,50.0,Vítěz,25-WINNER_NWAY-a
2026-07-21T14:39:47,2591948514,Martinez Lautaro,100.0,Vítěz,25-WINNER_NWAY-a
2026-07-21T14:39:47,2591948515,Olise Michael,30.0,Vítěz,25-WINNER_NWAY-a
2026-07-21T14:39:47,2591948516,Yamal Lamine,2.7,Vítěz,25-WINNER_NWAY-a
2026-07-21T14:39:47,2591948517,Dembele Ousmane,15.0,Vítěz,25-WINNER_NWAY-a
2026-07-21T14:39:47,2591948518,Mbappe Kylian,6.0,Vítěz,25-WINNER_NWAY-a
2026-07-21T14:39:47,2591948519,Ronaldo Cristiano,500.0,Vítěz,25-WINNER_NWAY-a
2026-07-21T14:39:47,2623169588,Doue Desire,200.0,Vítěz,25-WINNER_NWAY-a
2026-07-21T14:39:47,2659741494,Bellingham Jude,30.0,Vítěz,25-WINNER_NWAY-a
2026-07-21T14:39:47,2659741495,Rodrigo Hernandez,5.0,Vítěz,25-WINNER_NWAY-a
2026-07-21T14:39:47,2664666606,Cubarsi Pau,30.0,Vítěz,25-WINNER_NWAY-a
2026-07-21T06:48:59,2591948506,Hakimi Achraf,200.0,Vítěz,25-WINNER_NWAY-a
2026-07-21T06:48:59,2591948507,Kane Harry,2.45,Vítěz,25-WINNER_NWAY-a
2026-07-21T06:48:59,2591948508,Vinicius Junior,70.0,Vítěz,25-WINNER_NWAY-a
2026-07-21T06:48:59,2591948509,Rice Declan,60.0,Vítěz,25-WINNER_NWAY-a
2026-07-21T06:48:59,2591948510,Kvaratskhelia Khvicha,80.0,Vítěz,25-WINNER_NWAY-a
2026-07-21T06:48:59,2591948511,Messi Lionel,8.0,Vítěz,25-WINNER_NWAY-a
2026-07-21T06:48:59,2591948512,Haaland Erling,35.0,Vítěz,25-WINNER_NWAY-a
2026-07-21T06:48:59,2591948513,Vitinha Ferreira Vitor,50.0,Vítěz,25-WINNER_NWAY-a
2026-07-21T06:48:59,2591948514,Martinez Lautaro,100.0,Vítěz,25-WINNER_NWAY-a
2026-07-21T06:48:59,2591948515,Olise Michael,30.0,Vítěz,25-WINNER_NWAY-a
2026-07-21T06:48:59,2591948516,Yamal Lamine,2.7,Vítěz,25-WINNER_NWAY-a
2026-07-21T06:48:59,2591948517,Dembele Ousmane,15.0,Vítěz,25-WINNER_NWAY-a
2026-07-21T06:48:59,2591948518,Mbappe Kylian,6.0,Vítěz,25-WINNER_NWAY-a
2026-07-21T06:48:59,2591948519,Ronaldo Cristiano,500.0,Vítěz,25-WINNER_NWAY-a
2026-07-21T06:48:59,2623169588,Doue Desire,200.0,Vítěz,25-WINNER_NWAY-a
2026-07-21T06:48:59,2659741494,Bellingham Jude,30.0,Vítěz,25-WINNER_NWAY-a
2026-07-21T06:48:59,2659741495,Rodrigo Hernandez,5.0,Vítěz,25-WINNER_NWAY-a
2026-07-20T22:18:55,2591948506,Hakimi Achraf,200.0,Vítěz,25-WINNER_NWAY-a
2026-07-20T22:18:55,2591948507,Kane Harry,2.45,Vítěz,25-WINNER_NWAY-a
2026-07-20T22:18:55,2591948508,Vinicius Junior,70.0,Vítěz,25-WINNER_NWAY-a
2026-07-20T22:18:55,2591948509,Rice Declan,60.0,Vítěz,25-WINNER_NWAY-a
2026-07-20T22:18:55,2591948510,Kvaratskhelia Khvicha,80.0,Vítěz,25-WINNER_NWAY-a
2026-07-20T22:18:55,2591948511,Messi Lionel,8.0,Vítěz,25-WINNER_NWAY-a
2026-07-20T22:18:55,2591948512,Haaland Erling,35.0,Vítěz,25-WINNER_NWAY-a
2026-07-20T22:18:55,2591948513,Vitinha Ferreira Vitor,50.0,Vítěz,25-WINNER_NWAY-a
2026-07-20T22:18:55,2591948514,Martinez Lautaro,100.0,Vítěz,25-WINNER_NWAY-a
2026-07-20T22:18:55,2591948515,Olise Michael,30.0,Vítěz,25-WINNER_NWAY-a
2026-07-20T22:18:55,2591948516,Yamal Lamine,2.7,Vítěz,25-WINNER_NWAY-a
2026-07-20T22:18:55,2591948517,Dembele Ousmane,15.0,Vítěz,25-WINNER_NWAY-a
2026-07-20T22:18:55,2591948518,Mbappe Kylian,6.0,Vítěz,25-WINNER_NWAY-a
2026-07-20T22:18:55,2591948519,Ronaldo Cristiano,500.0,Vítěz,25-WINNER_NWAY-a
2026-07-20T22:18:55,2623169588,Doue Desire,200.0,Vítěz,25-WINNER_NWAY-a
2026-07-20T22:18:55,2659741494,Bellingham Jude,30.0,Vítěz,25-WINNER_NWAY-a
2026-07-20T22:18:55,2659741495,Rodrigo Hernandez,5.0,Vítěz,25-WINNER_NWAY-a
2026-07-18T14:24:45,2591948506,Hakimi Achraf,200.0,Vítěz,25-WINNER_NWAY-a
2026-07-18T14:24:45,2591948507,Kane Harry,3.5,Vítěz,25-WINNER_NWAY-a
2026-07-18T14:24:45,2591948508,Vinicius Junior,70.0,Vítěz,25-WINNER_NWAY-a
2026-07-18T14:24:45,2591948509,Rice Declan,60.0,Vítěz,25-WINNER_NWAY-a
2026-07-18T14:24:45,2591948510,Kvaratskhelia Khvicha,80.0,Vítěz,25-WINNER_NWAY-a
2026-07-18T14:24:45,2591948511,Messi Lionel,2.1,Vítěz,25-WINNER_NWAY-a
2026-07-18T14:24:45,2591948512,Haaland Erling,40.0,Vítěz,25-WINNER_NWAY-a
2026-07-18T14:24:45,2591948513,Vitinha Ferreira Vitor,50.0,Vítěz,25-WINNER_NWAY-a
2026-07-18T14:24:45,2591948514,Martinez Lautaro,100.0,Vítěz,25-WINNER_NWAY-a
2026-07-18T14:24:45,2591948515,Olise Michael,25.0,Vítěz,25-WINNER_NWAY-a
2026-07-18T14:24:45,2591948516,Yamal Lamine,3.0,Vítěz,25-WINNER_NWAY-a
2026-07-18T14:24:45,2591948517,Dembele Ousmane,9.0,Vítěz,25-WINNER_NWAY-a
2026-07-18T14:24:45,2591948518,Mbappe Kylian,8.0,Vítěz,25-WINNER_NWAY-a
2026-07-18T14:24:45,2591948519,Ronaldo Cristiano,500.0,Vítěz,25-WINNER_NWAY-a
2026-07-18T14:24:45,2623169588,Doue Desire,200.0,Vítěz,25-WINNER_NWAY-a
2026-07-18T14:24:45,2659741494,Bellingham Jude,15.0,Vítěz,25-WINNER_NWAY-a
2026-07-18T14:24:45,2659741495,Rodri,11.0,Vítěz,25-WINNER_NWAY-a
2026-07-18T06:36:58,2591948506,Hakimi Achraf,200.0,Vítěz,25-WINNER_NWAY-a
2026-07-18T06:36:58,2591948507,Kane Harry,3.5,Vítěz,25-WINNER_NWAY-a
2026-07-18T06:36:58,2591948508,Vinicius Junior,70.0,Vítěz,25-WINNER_NWAY-a
2026-07-18T06:36:58,2591948509,Rice Declan,60.0,Vítěz,25-WINNER_NWAY-a
2026-07-18T06:36:58,2591948510,Kvaratskhelia Khvicha,80.0,Vítěz,25-WINNER_NWAY-a
2026-07-18T06:36:58,2591948511,Messi Lionel,2.1,Vítěz,25-WINNER_NWAY-a
2026-07-18T06:36:58,2591948512,Haaland Erling,40.0,Vítěz,25-WINNER_NWAY-a
2026-07-18T06:36:58,2591948513,Vitinha Ferreira Vitor,50.0,Vítěz,25-WINNER_NWAY-a
2026-07-18T06:36:58,2591948514,Martinez Lautaro,100.0,Vítěz,25-WINNER_NWAY-a
2026-07-18T06:36:58,2591948515,Olise Michael,25.0,Vítěz,25-WINNER_NWAY-a
2026-07-18T06:36:58,2591948516,Yamal Lamine,3.0,Vítěz,25-WINNER_NWAY-a
2026-07-18T06:36:58,2591948517,Dembele Ousmane,9.0,Vítěz,25-WINNER_NWAY-a
2026-07-18T06:36:58,2591948518,Mbappe Kylian,8.0,Vítěz,25-WINNER_NWAY-a
2026-07-18T06:36:58,2591948519,Ronaldo Cristiano,500.0,Vítěz,25-WINNER_NWAY-a
2026-07-18T06:36:58,2623169588,Doue Desire,200.0,Vítěz,25-WINNER_NWAY-a
2026-07-18T06:36:58,2659741494,Bellingham Jude,15.0,Vítěz,25-WINNER_NWAY-a
2026-07-18T06:36:58,2659741495,Rodri,11.0,Vítěz,25-WINNER_NWAY-a
2026-07-17T22:15:19,2591948506,Hakimi Achraf,200.0,Vítěz,25-WINNER_NWAY-a
2026-07-17T22:15:19,2591948507,Kane Harry,3.5,Vítěz,25-WINNER_NWAY-a
2026-07-17T22:15:19,2591948508,Vinicius Junior,70.0,Vítěz,25-WINNER_NWAY-a
2026-07-17T22:15:19,2591948509,Rice Declan,60.0,Vítěz,25-WINNER_NWAY-a
2026-07-17T22:15:19,2591948510,Kvaratskhelia Khvicha,80.0,Vítěz,25-WINNER_NWAY-a
2026-07-17T22:15:19,2591948511,Messi Lionel,2.1,Vítěz,25-WINNER_NWAY-a
2026-07-17T22:15:19,2591948512,Haaland Erling,40.0,Vítěz,25-WINNER_NWAY-a
2026-07-17T22:15:19,2591948513,Vitinha Ferreira Vitor,50.0,Vítěz,25-WINNER_NWAY-a
2026-07-17T22:15:19,2591948514,Martinez Lautaro,100.0,Vítěz,25-WINNER_NWAY-a
2026-07-17T22:15:19,2591948515,Olise Michael,25.0,Vítěz,25-WINNER_NWAY-a
2026-07-17T22:15:19,2591948516,Yamal Lamine,3.0,Vítěz,25-WINNER_NWAY-a
2026-07-17T22:15:19,2591948517,Dembele Ousmane,9.0,Vítěz,25-WINNER_NWAY-a
2026-07-17T22:15:19,2591948518,Mbappe Kylian,8.0,Vítěz,25-WINNER_NWAY-a
2026-07-17T22:15:19,2591948519,Ronaldo Cristiano,500.0,Vítěz,25-WINNER_NWAY-a
2026-07-17T22:15:19,2623169588,Doue Desire,200.0,Vítěz,25-WINNER_NWAY-a
2026-07-17T22:15:19,2659741494,Bellingham Jude,15.0,Vítěz,25-WINNER_NWAY-a
2026-07-17T22:15:19,2659741495,Rodri,11.0,Vítěz,25-WINNER_NWAY-a
2026-07-17T14:31:12,2591948506,Hakimi Achraf,200.0,Vítěz,25-WINNER_NWAY-a
2026-07-17T14:31:12,2591948507,Kane Harry,3.5,Vítěz,25-WINNER_NWAY-a
2026-07-17T14:31:12,2591948508,Vinicius Junior,70.0,Vítěz,25-WINNER_NWAY-a
2026-07-17T14:31:12,2591948509,Rice Declan,60.0,Vítěz,25-WINNER_NWAY-a
2026-07-17T14:31:12,2591948510,Kvaratskhelia Khvicha,80.0,Vítěz,25-WINNER_NWAY-a
2026-07-17T14:31:12,2591948511,Messi Lionel,2.1,Vítěz,25-WINNER_NWAY-a
2026-07-17T14:31:12,2591948512,Haaland Erling,40.0,Vítěz,25-WINNER_NWAY-a
2026-07-17T14:31:12,2591948513,Vitinha Ferreira Vitor,50.0,Vítěz,25-WINNER_NWAY-a
2026-07-17T14:31:12,2591948514,Martinez Lautaro,100.0,Vítěz,25-WINNER_NWAY-a
2026-07-17T14:31:12,2591948515,Olise Michael,25.0,Vítěz,25-WINNER_NWAY-a
2026-07-17T14:31:12,2591948516,Yamal Lamine,3.0,Vítěz,25-WINNER_NWAY-a
2026-07-17T14:31:12,2591948517,Dembele Ousmane,9.0,Vítěz,25-WINNER_NWAY-a
2026-07-17T14:31:12,2591948518,Mbappe Kylian,8.0,Vítěz,25-WINNER_NWAY-a
2026-07-17T14:31:12,2591948519,Ronaldo Cristiano,500.0,Vítěz,25-WINNER_NWAY-a
2026-07-17T14:31:12,2623169588,Doue Desire,200.0,Vítěz,25-WINNER_NWAY-a
2026-07-17T14:31:12,2659741494,Bellingham Jude,15.0,Vítěz,25-WINNER_NWAY-a
2026-07-17T14:31:12,2659741495,Rodri,11.0,Vítěz,25-WINNER_NWAY-a
2026-07-17T06:45:09,2591948506,Hakimi Achraf,200.0,Vítěz,25-WINNER_NWAY-a
2026-07-17T06:45:09,2591948507,Kane Harry,3.5,Vítěz,25-WINNER_NWAY-a
2026-07-17T06:45:09,2591948508,Vinicius Junior,70.0,Vítěz,25-WINNER_NWAY-a
2026-07-17T06:45:09,2591948509,Rice Declan,60.0,Vítěz,25-WINNER_NWAY-a
2026-07-17T06:45:09,2591948510,Kvaratskhelia Khvicha,80.0,Vítěz,25-WINNER_NWAY-a
2026-07-17T06:45:09,2591948511,Messi Lionel,2.1,Vítěz,25-WINNER_NWAY-a
2026-07-17T06:45:09,2591948512,Haaland Erling,40.0,Vítěz,25-WINNER_NWAY-a
2026-07-17T06:45:09,2591948513,Vitinha Ferreira Vitor,50.0,Vítěz,25-WINNER_NWAY-a
2026-07-17T06:45:09,2591948514,Martinez Lautaro,100.0,Vítěz,25-WINNER_NWAY-a
2026-07-17T06:45:09,2591948515,Olise Michael,25.0,Vítěz,25-WINNER_NWAY-a
2026-07-17T06:45:09,2591948516,Yamal Lamine,3.0,Vítěz,25-WINNER_NWAY-a
2026-07-17T06:45:09,2591948517,Dembele Ousmane,9.0,Vítěz,25-WINNER_NWAY-a
2026-07-17T06:45:09,2591948518,Mbappe Kylian,8.0,Vítěz,25-WINNER_NWAY-a
2026-07-17T06:45:09,2591948519,Ronaldo Cristiano,500.0,Vítěz,25-WINNER_NWAY-a
2026-07-17T06:45:09,2623169588,Doue Desire,200.0,Vítěz,25-WINNER_NWAY-a
2026-07-17T06:45:09,2659741494,Bellingham Jude,15.0,Vítěz,25-WINNER_NWAY-a
2026-07-17T06:45:09,2659741495,Rodri,11.0,Vítěz,25-WINNER_NWAY-a
2026-07-16T22:19:34,2591948506,Hakimi Achraf,200.0,Vítěz,25-WINNER_NWAY-a
2026-07-16T22:19:34,2591948507,Kane Harry,3.5,Vítěz,25-WINNER_NWAY-a
2026-07-16T22:19:34,2591948508,Vinicius Junior,70.0,Vítěz,25-WINNER_NWAY-a
2026-07-16T22:19:34,2591948509,Rice Declan,60.0,Vítěz,25-WINNER_NWAY-a
2026-07-16T22:19:34,2591948510,Kvaratskhelia Khvicha,80.0,Vítěz,25-WINNER_NWAY-a
2026-07-16T22:19:34,2591948511,Messi Lionel,2.1,Vítěz,25-WINNER_NWAY-a
2026-07-16T22:19:34,2591948512,Haaland Erling,40.0,Vítěz,25-WINNER_NWAY-a
2026-07-16T22:19:34,2591948513,Vitinha Ferreira Vitor,50.0,Vítěz,25-WINNER_NWAY-a
2026-07-16T22:19:34,2591948514,Martinez Lautaro,100.0,Vítěz,25-WINNER_NWAY-a
2026-07-16T22:19:34,2591948515,Olise Michael,25.0,Vítěz,25-WINNER_NWAY-a
2026-07-16T22:19:34,2591948516,Yamal Lamine,3.0,Vítěz,25-WINNER_NWAY-a
2026-07-16T22:19:34,2591948517,Dembele Ousmane,9.0,Vítěz,25-WINNER_NWAY-a
2026-07-16T22:19:34,2591948518,Mbappe Kylian,8.0,Vítěz,25-WINNER_NWAY-a
2026-07-16T22:19:34,2591948519,Ronaldo Cristiano,500.0,Vítěz,25-WINNER_NWAY-a
2026-07-16T22:19:34,2623169588,Doue Desire,200.0,Vítěz,25-WINNER_NWAY-a
2026-07-16T22:19:34,2659741494,Bellingham Jude,15.0,Vítěz,25-WINNER_NWAY-a
2026-07-16T22:19:34,2659741495,Rodri,11.0,Vítěz,25-WINNER_NWAY-a
2026-07-16T14:38:30,2591948506,Hakimi Achraf,200.0,Vítěz,25-WINNER_NWAY-a
2026-07-16T14:38:30,2591948507,Kane Harry,3.5,Vítěz,25-WINNER_NWAY-a
2026-07-16T14:38:30,2591948508,Vinicius Junior,70.0,Vítěz,25-WINNER_NWAY-a
2026-07-16T14:38:30,2591948509,Rice Declan,60.0,Vítěz,25-WINNER_NWAY-a
2026-07-16T14:38:30,2591948510,Kvaratskhelia Khvicha,80.0,Vítěz,25-WINNER_NWAY-a
2026-07-16T14:38:30,2591948511,Messi Lionel,2.1,Vítěz,25-WINNER_NWAY-a
2026-07-16T14:38:30,2591948512,Haaland Erling,40.0,Vítěz,25-WINNER_NWAY-a
2026-07-16T14:38:30,2591948513,Vitinha Ferreira Vitor,50.0,Vítěz,25-WINNER_NWAY-a
2026-07-16T14:38:30,2591948514,Martinez Lautaro,100.0,Vítěz,25-WINNER_NWAY-a
2026-07-16T14:38:30,2591948515,Olise Michael,25.0,Vítěz,25-WINNER_NWAY-a
2026-07-16T14:38:30,2591948516,Yamal Lamine,3.0,Vítěz,25-WINNER_NWAY-a
2026-07-16T14:38:30,2591948517,Dembele Ousmane,9.0,Vítěz,25-WINNER_NWAY-a
2026-07-16T14:38:30,2591948518,Mbappe Kylian,8.0,Vítěz,25-WINNER_NWAY-a
2026-07-16T14:38:30,2591948519,Ronaldo Cristiano,500.0,Vítěz,25-WINNER_NWAY-a
2026-07-16T14:38:30,2623169588,Doue Desire,200.0,Vítěz,25-WINNER_NWAY-a
2026-07-16T14:38:30,2659741494,Bellingham Jude,15.0,Vítěz,25-WINNER_NWAY-a
2026-07-16T14:38:30,2659741495,Rodri,11.0,Vítěz,25-WINNER_NWAY-a
2026-07-15T14:32:40,2591948506,Hakimi Achraf,200.0,Vítěz,25-WINNER_NWAY-a
2026-07-15T14:32:40,2591948507,Kane Harry,2.7,Vítěz,25-WINNER_NWAY-a
2026-07-15T14:32:40,2591948508,Vinicius Junior,70.0,Vítěz,25-WINNER_NWAY-a
2026-07-15T14:32:40,2591948509,Rice Declan,60.0,Vítěz,25-WINNER_NWAY-a
2026-07-15T14:32:40,2591948510,Kvaratskhelia Khvicha,80.0,Vítěz,25-WINNER_NWAY-a
2026-07-15T14:32:40,2591948511,Messi Lionel,5.5,Vítěz,25-WINNER_NWAY-a
2026-07-15T14:32:40,2591948512,Haaland Erling,40.0,Vítěz,25-WINNER_NWAY-a
2026-07-15T14:32:40,2591948513,Vitinha Ferreira Vitor,50.0,Vítěz,25-WINNER_NWAY-a
2026-07-15T14:32:40,2591948514,Martinez Lautaro,100.0,Vítěz,25-WINNER_NWAY-a
2026-07-15T14:32:40,2591948515,Olise Michael,30.0,Vítěz,25-WINNER_NWAY-a
2026-07-15T14:32:40,2591948516,Yamal Lamine,5.0,Vítěz,25-WINNER_NWAY-a
2026-07-15T14:32:40,2591948517,Dembele Ousmane,12.0,Vítěz,25-WINNER_NWAY-a
2026-07-15T14:32:40,2591948518,Mbappe Kylian,4.5,Vítěz,25-WINNER_NWAY-a
2026-07-15T14:32:40,2591948519,Ronaldo Cristiano,300.0,Vítěz,25-WINNER_NWAY-a
2026-07-15T14:32:40,2623169588,Doue Desire,150.0,Vítěz,25-WINNER_NWAY-a
2026-07-15T14:32:40,2659741494,Bellingham Jude,6.0,Vítěz,25-WINNER_NWAY-a
2026-07-15T14:32:40,2659741495,Rodri,15.0,Vítěz,25-WINNER_NWAY-a
2026-07-14T14:33:06,2591948506,Hakimi Achraf,100.0,Vítěz,25-WINNER_NWAY-a
2026-07-14T14:33:06,2591948507,Kane Harry,3.3,Vítěz,25-WINNER_NWAY-a
2026-07-14T14:33:06,2591948508,Vinicius Junior,50.0,Vítěz,25-WINNER_NWAY-a
2026-07-14T14:33:06,2591948509,Rice Declan,60.0,Vítěz,25-WINNER_NWAY-a
2026-07-14T14:33:06,2591948510,Kvaratskhelia Khvicha,80.0,Vítěz,25-WINNER_NWAY-a
2026-07-14T14:33:06,2591948511,Messi Lionel,6.0,Vítěz,25-WINNER_NWAY-a
2026-07-14T14:33:06,2591948512,Haaland Erling,25.0,Vítěz,25-WINNER_NWAY-a
2026-07-14T14:33:06,2591948513,Vitinha Ferreira Vitor,40.0,Vítěz,25-WINNER_NWAY-a
2026-07-14T14:33:06,2591948514,Martinez Lautaro,70.0,Vítěz,25-WINNER_NWAY-a
2026-07-14T14:33:06,2591948515,Olise Michael,8.0,Vítěz,25-WINNER_NWAY-a
2026-07-14T14:33:06,2591948516,Yamal Lamine,11.0,Vítěz,25-WINNER_NWAY-a
2026-07-14T14:33:06,2591948517,Dembele Ousmane,5.0,Vítěz,25-WINNER_NWAY-a
2026-07-14T14:33:06,2591948518,Mbappe Kylian,3.0,Vítěz,25-WINNER_NWAY-a
2026-07-14T14:33:06,2591948519,Ronaldo Cristiano,150.0,Vítěz,25-WINNER_NWAY-a
2026-07-14T14:33:06,2623169588,Doue Desire,90.0,Vítěz,25-WINNER_NWAY-a
2026-07-14T06:41:50,2591948506,Hakimi Achraf,100.0,Vítěz,25-WINNER_NWAY-a
2026-07-14T06:41:50,2591948507,Kane Harry,3.3,Vítěz,25-WINNER_NWAY-a
2026-07-14T06:41:50,2591948508,Vinicius Junior,50.0,Vítěz,25-WINNER_NWAY-a
2026-07-14T06:41:50,2591948509,Rice Declan,60.0,Vítěz,25-WINNER_NWAY-a
2026-07-14T06:41:50,2591948510,Kvaratskhelia Khvicha,80.0,Vítěz,25-WINNER_NWAY-a
2026-07-14T06:41:50,2591948511,Messi Lionel,6.0,Vítěz,25-WINNER_NWAY-a
2026-07-14T06:41:50,2591948512,Haaland Erling,25.0,Vítěz,25-WINNER_NWAY-a
2026-07-14T06:41:50,2591948513,Vitinha Ferreira Vitor,40.0,Vítěz,25-WINNER_NWAY-a
2026-07-14T06:41:50,2591948514,Martinez Lautaro,70.0,Vítěz,25-WINNER_NWAY-a
2026-07-14T06:41:50,2591948515,Olise Michael,8.0,Vítěz,25-WINNER_NWAY-a
2026-07-14T06:41:50,2591948516,Yamal Lamine,11.0,Vítěz,25-WINNER_NWAY-a
2026-07-14T06:41:50,2591948517,Dembele Ousmane,5.0,Vítěz,25-WINNER_NWAY-a
2026-07-14T06:41:50,2591948518,Mbappe Kylian,3.0,Vítěz,25-WINNER_NWAY-a
2026-07-14T06:41:50,2591948519,Ronaldo Cristiano,150.0,Vítěz,25-WINNER_NWAY-a
2026-07-14T06:41:50,2623169588,Doue Desire,90.0,Vítěz,25-WINNER_NWAY-a
2026-07-13T22:17:22,2591948506,Hakimi Achraf,100.0,Vítěz,25-WINNER_NWAY-a
2026-07-13T22:17:22,2591948507,Kane Harry,3.3,Vítěz,25-WINNER_NWAY-a
2026-07-13T22:17:22,2591948508,Vinicius Junior,50.0,Vítěz,25-WINNER_NWAY-a
2026-07-13T22:17:22,2591948509,Rice Declan,60.0,Vítěz,25-WINNER_NWAY-a
2026-07-13T22:17:22,2591948510,Kvaratskhelia Khvicha,80.0,Vítěz,25-WINNER_NWAY-a
2026-07-13T22:17:22,2591948511,Messi Lionel,6.0,Vítěz,25-WINNER_NWAY-a
2026-07-13T22:17:22,2591948512,Haaland Erling,25.0,Vítěz,25-WINNER_NWAY-a
2026-07-13T22:17:22,2591948513,Vitinha Ferreira Vitor,40.0,Vítěz,25-WINNER_NWAY-a
2026-07-13T22:17:22,2591948514,Martinez Lautaro,70.0,Vítěz,25-WINNER_NWAY-a
2026-07-13T22:17:22,2591948515,Olise Michael,8.0,Vítěz,25-WINNER_NWAY-a
2026-07-13T22:17:22,2591948516,Yamal Lamine,11.0,Vítěz,25-WINNER_NWAY-a
2026-07-13T22:17:22,2591948517,Dembele Ousmane,5.0,Vítěz,25-WINNER_NWAY-a
2026-07-13T22:17:22,2591948518,Mbappe Kylian,3.0,Vítěz,25-WINNER_NWAY-a
2026-07-13T22:17:22,2591948519,Ronaldo Cristiano,150.0,Vítěz,25-WINNER_NWAY-a
2026-07-13T22:17:22,2623169588,Doue Desire,90.0,Vítěz,25-WINNER_NWAY-a
2026-07-13T14:57:38,2591948506,Hakimi Achraf,100.0,Vítěz,25-WINNER_NWAY-a
2026-07-13T14:57:38,2591948507,Kane Harry,3.3,Vítěz,25-WINNER_NWAY-a
2026-07-13T14:57:38,2591948508,Vinicius Junior,50.0,Vítěz,25-WINNER_NWAY-a
2026-07-13T14:57:38,2591948509,Rice Declan,60.0,Vítěz,25-WINNER_NWAY-a
2026-07-13T14:57:38,2591948510,Kvaratskhelia Khvicha,80.0,Vítěz,25-WINNER_NWAY-a
2026-07-13T14:57:38,2591948511,Messi Lionel,6.0,Vítěz,25-WINNER_NWAY-a
2026-07-13T14:57:38,2591948512,Haaland Erling,25.0,Vítěz,25-WINNER_NWAY-a
2026-07-13T14:57:38,2591948513,Vitinha Ferreira Vitor,40.0,Vítěz,25-WINNER_NWAY-a
2026-07-13T14:57:38,2591948514,Martinez Lautaro,70.0,Vítěz,25-WINNER_NWAY-a
2026-07-13T14:57:38,2591948515,Olise Michael,8.0,Vítěz,25-WINNER_NWAY-a
2026-07-13T14:57:38,2591948516,Yamal Lamine,11.0,Vítěz,25-WINNER_NWAY-a
2026-07-13T14:57:38,2591948517,Dembele Ousmane,5.0,Vítěz,25-WINNER_NWAY-a
2026-07-13T14:57:38,2591948518,Mbappe Kylian,3.0,Vítěz,25-WINNER_NWAY-a
2026-07-13T14:57:38,2591948519,Ronaldo Cristiano,150.0,Vítěz,25-WINNER_NWAY-a
2026-07-13T14:57:38,2623169588,Doue Desire,90.0,Vítěz,25-WINNER_NWAY-a
2026-06-22T15:38:33,2591948506,Hakimi Achraf,40.0,Vítěz,25-WINNER_NWAY-a
2026-06-22T15:38:33,2591948507,Kane Harry,2.5,Vítěz,25-WINNER_NWAY-a
2026-06-22T15:38:33,2591948508,Vinicius Junior,50.0,Vítěz,25-WINNER_NWAY-a
2026-06-22T15:38:33,2591948509,Rice Declan,10.0,Vítěz,25-WINNER_NWAY-a
2026-06-22T15:38:33,2591948510,Kvaratskhelia Khvicha,13.0,Vítěz,25-WINNER_NWAY-a
2026-06-22T15:38:33,2591948511,Messi Lionel,30.0,Vítěz,25-WINNER_NWAY-a
2026-06-22T15:38:33,2591948512,Haaland Erling,25.0,Vítěz,25-WINNER_NWAY-a
2026-06-22T15:38:33,2591948513,Vitinha Ferreira Vitor,17.0,Vítěz,25-WINNER_NWAY-a
2026-06-22T15:38:33,2591948514,Martinez Lautaro,100.0,Vítěz,25-WINNER_NWAY-a
2026-06-22T15:38:33,2591948515,Olise Michael,15.0,Vítěz,25-WINNER_NWAY-a
2026-06-22T15:38:33,2591948516,Yamal Lamine,11.0,Vítěz,25-WINNER_NWAY-a
2026-06-22T15:38:33,2591948517,Dembele Ousmane,4.0,Vítěz,25-WINNER_NWAY-a
2026-06-22T15:38:33,2591948518,Mbappe Kylian,12.0,Vítěz,25-WINNER_NWAY-a
2026-06-22T15:38:33,2591948519,Ronaldo Cristiano,70.0,Vítěz,25-WINNER_NWAY-a
2026-06-22T15:38:33,2623169588,Doue Desire,20.0,Vítěz,25-WINNER_NWAY-a
2026-06-22T07:54:33,2591948506,Hakimi Achraf,40.0,Vítěz,25-WINNER_NWAY-a
2026-06-22T07:54:33,2591948507,Kane Harry,2.5,Vítěz,25-WINNER_NWAY-a
2026-06-22T07:54:33,2591948508,Vinicius Junior,50.0,Vítěz,25-WINNER_NWAY-a
2026-06-22T07:54:33,2591948509,Rice Declan,10.0,Vítěz,25-WINNER_NWAY-a
2026-06-22T07:54:33,2591948510,Kvaratskhelia Khvicha,13.0,Vítěz,25-WINNER_NWAY-a
2026-06-22T07:54:33,2591948511,Messi Lionel,30.0,Vítěz,25-WINNER_NWAY-a
2026-06-22T07:54:33,2591948512,Haaland Erling,25.0,Vítěz,25-WINNER_NWAY-a
2026-06-22T07:54:33,2591948513,Vitinha Ferreira Vitor,17.0,Vítěz,25-WINNER_NWAY-a
2026-06-22T07:54:33,2591948514,Martinez Lautaro,100.0,Vítěz,25-WINNER_NWAY-a
2026-06-22T07:54:33,2591948515,Olise Michael,15.0,Vítěz,25-WINNER_NWAY-a
2026-06-22T07:54:33,2591948516,Yamal Lamine,11.0,Vítěz,25-WINNER_NWAY-a
2026-06-22T07:54:33,2591948517,Dembele Ousmane,4.0,Vítěz,25-WINNER_NWAY-a
2026-06-22T07:54:33,2591948518,Mbappe Kylian,12.0,Vítěz,25-WINNER_NWAY-a
2026-06-22T07:54:33,2591948519,Ronaldo Cristiano,70.0,Vítěz,25-WINNER_NWAY-a
2026-06-22T07:54:33,2623169588,Doue Desire,20.0,Vítěz,25-WINNER_NWAY-a
2026-06-21T22:25:07,2591948506,Hakimi Achraf,40.0,Vítěz,25-WINNER_NWAY-a
2026-06-21T22:25:07,2591948507,Kane Harry,2.5,Vítěz,25-WINNER_NWAY-a
2026-06-21T22:25:07,2591948508,Vinicius Junior,50.0,Vítěz,25-WINNER_NWAY-a
2026-06-21T22:25:07,2591948509,Rice Declan,10.0,Vítěz,25-WINNER_NWAY-a
2026-06-21T22:25:07,2591948510,Kvaratskhelia Khvicha,13.0,Vítěz,25-WINNER_NWAY-a
2026-06-21T22:25:07,2591948511,Messi Lionel,30.0,Vítěz,25-WINNER_NWAY-a
2026-06-21T22:25:07,2591948512,Haaland Erling,25.0,Vítěz,25-WINNER_NWAY-a
2026-06-21T22:25:07,2591948513,Vitinha Ferreira Vitor,17.0,Vítěz,25-WINNER_NWAY-a
2026-06-21T22:25:07,2591948514,Martinez Lautaro,100.0,Vítěz,25-WINNER_NWAY-a
2026-06-21T22:25:07,2591948515,Olise Michael,15.0,Vítěz,25-WINNER_NWAY-a
2026-06-21T22:25:07,2591948516,Yamal Lamine,11.0,Vítěz,25-WINNER_NWAY-a
2026-06-21T22:25:07,2591948517,Dembele Ousmane,4.0,Vítěz,25-WINNER_NWAY-a
2026-06-21T22:25:07,2591948518,Mbappe Kylian,12.0,Vítěz,25-WINNER_NWAY-a
2026-06-21T22:25:07,2591948519,Ronaldo Cristiano,70.0,Vítěz,25-WINNER_NWAY-a
2026-06-21T22:25:07,2623169588,Doue Desire,20.0,Vítěz,25-WINNER_NWAY-a
2026-06-21T14:45:19,2591948506,Hakimi Achraf,40.0,Vítěz,25-WINNER_NWAY-a
2026-06-21T14:45:19,2591948507,Kane Harry,2.5,Vítěz,25-WINNER_NWAY-a
2026-06-21T14:45:19,2591948508,Vinicius Junior,50.0,Vítěz,25-WINNER_NWAY-a
2026-06-21T14:45:19,2591948509,Rice Declan,10.0,Vítěz,25-WINNER_NWAY-a
2026-06-21T14:45:19,2591948510,Kvaratskhelia Khvicha,13.0,Vítěz,25-WINNER_NWAY-a
2026-06-21T14:45:19,2591948511,Messi Lionel,30.0,Vítěz,25-WINNER_NWAY-a
2026-06-21T14:45:19,2591948512,Haaland Erling,25.0,Vítěz,25-WINNER_NWAY-a
2026-06-21T14:45:19,2591948513,Vitinha Ferreira Vitor,17.0,Vítěz,25-WINNER_NWAY-a
2026-06-21T14:45:19,2591948514,Martinez Lautaro,100.0,Vítěz,25-WINNER_NWAY-a
2026-06-21T14:45:19,2591948515,Olise Michael,15.0,Vítěz,25-WINNER_NWAY-a
2026-06-21T14:45:19,2591948516,Yamal Lamine,11.0,Vítěz,25-WINNER_NWAY-a
2026-06-21T14:45:19,2591948517,Dembele Ousmane,4.0,Vítěz,25-WINNER_NWAY-a
2026-06-21T14:45:19,2591948518,Mbappe Kylian,12.0,Vítěz,25-WINNER_NWAY-a
2026-06-21T14:45:19,2591948519,Ronaldo Cristiano,70.0,Vítěz,25-WINNER_NWAY-a
2026-06-21T14:45:19,2623169588,Doue Desire,20.0,Vítěz,25-WINNER_NWAY-a
2026-06-21T07:34:46,2591948506,Hakimi Achraf,40.0,Vítěz,25-WINNER_NWAY-a
2026-06-21T07:34:46,2591948507,Kane Harry,2.5,Vítěz,25-WINNER_NWAY-a
2026-06-21T07:34:46,2591948508,Vinicius Junior,50.0,Vítěz,25-WINNER_NWAY-a
2026-06-21T07:34:46,2591948509,Rice Declan,10.0,Vítěz,25-WINNER_NWAY-a
2026-06-21T07:34:46,2591948510,Kvaratskhelia Khvicha,13.0,Vítěz,25-WINNER_NWAY-a
2026-06-21T07:34:46,2591948511,Messi Lionel,30.0,Vítěz,25-WINNER_NWAY-a
2026-06-21T07:34:46,2591948512,Haaland Erling,25.0,Vítěz,25-WINNER_NWAY-a
2026-06-21T07:34:46,2591948513,Vitinha Ferreira Vitor,17.0,Vítěz,25-WINNER_NWAY-a
2026-06-21T07:34:46,2591948514,Martinez Lautaro,100.0,Vítěz,25-WINNER_NWAY-a
2026-06-21T07:34:46,2591948515,Olise Michael,15.0,Vítěz,25-WINNER_NWAY-a
2026-06-21T07:34:46,2591948516,Yamal Lamine,11.0,Vítěz,25-WINNER_NWAY-a
2026-06-21T07:34:46,2591948517,Dembele Ousmane,4.0,Vítěz,25-WINNER_NWAY-a
2026-06-21T07:34:46,2591948518,Mbappe Kylian,12.0,Vítěz,25-WINNER_NWAY-a
2026-06-21T07:34:46,2591948519,Ronaldo Cristiano,70.0,Vítěz,25-WINNER_NWAY-a
2026-06-21T07:34:46,2623169588,Doue Desire,20.0,Vítěz,25-WINNER_NWAY-a
2026-06-20T22:24:25,2591948506,Hakimi Achraf,40.0,Vítěz,25-WINNER_NWAY-a
2026-06-20T22:24:25,2591948507,Kane Harry,2.7,Vítěz,25-WINNER_NWAY-a
2026-06-20T22:24:25,2591948508,Vinicius Junior,50.0,Vítěz,25-WINNER_NWAY-a
2026-06-20T22:24:25,2591948509,Rice Declan,9.0,Vítěz,25-WINNER_NWAY-a
2026-06-20T22:24:25,2591948510,Kvaratskhelia Khvicha,11.0,Vítěz,25-WINNER_NWAY-a
2026-06-20T22:24:25,2591948511,Messi Lionel,30.0,Vítěz,25-WINNER_NWAY-a
2026-06-20T22:24:25,2591948512,Haaland Erling,25.0,Vítěz,25-WINNER_NWAY-a
2026-06-20T22:24:25,2591948513,Vitinha Ferreira Vitor,15.0,Vítěz,25-WINNER_NWAY-a
2026-06-20T22:24:25,2591948514,Martinez Lautaro,100.0,Vítěz,25-WINNER_NWAY-a
2026-06-20T22:24:25,2591948515,Olise Michael,12.0,Vítěz,25-WINNER_NWAY-a
2026-06-20T22:24:25,2591948516,Yamal Lamine,10.0,Vítěz,25-WINNER_NWAY-a
2026-06-20T22:24:25,2591948517,Dembele Ousmane,4.0,Vítěz,25-WINNER_NWAY-a
2026-06-20T22:24:25,2591948518,Mbappe Kylian,13.0,Vítěz,25-WINNER_NWAY-a
2026-06-20T22:24:25,2591948519,Ronaldo Cristiano,70.0,Vítěz,25-WINNER_NWAY-a
2026-06-20T22:24:25,2623169588,Doue Desire,20.0,Vítěz,25-WINNER_NWAY-a
2026-06-20T14:44:37,2591948506,Hakimi Achraf,40.0,Vítěz,25-WINNER_NWAY-a
2026-06-20T14:44:37,2591948507,Kane Harry,2.7,Vítěz,25-WINNER_NWAY-a
2026-06-20T14:44:37,2591948508,Vinicius Junior,50.0,Vítěz,25-WINNER_NWAY-a
2026-06-20T14:44:37,2591948509,Rice Declan,9.0,Vítěz,25-WINNER_NWAY-a
2026-06-20T14:44:37,2591948510,Kvaratskhelia Khvicha,11.0,Vítěz,25-WINNER_NWAY-a
2026-06-20T14:44:37,2591948511,Messi Lionel,30.0,Vítěz,25-WINNER_NWAY-a
2026-06-20T14:44:37,2591948512,Haaland Erling,25.0,Vítěz,25-WINNER_NWAY-a
2026-06-20T14:44:37,2591948513,Vitinha Ferreira Vitor,15.0,Vítěz,25-WINNER_NWAY-a
2026-06-20T14:44:37,2591948514,Martinez Lautaro,100.0,Vítěz,25-WINNER_NWAY-a
2026-06-20T14:44:37,2591948515,Olise Michael,12.0,Vítěz,25-WINNER_NWAY-a
2026-06-20T14:44:37,2591948516,Yamal Lamine,10.0,Vítěz,25-WINNER_NWAY-a
2026-06-20T14:44:37,2591948517,Dembele Ousmane,4.0,Vítěz,25-WINNER_NWAY-a
2026-06-20T14:44:37,2591948518,Mbappe Kylian,13.0,Vítěz,25-WINNER_NWAY-a
2026-06-20T14:44:37,2591948519,Ronaldo Cristiano,70.0,Vítěz,25-WINNER_NWAY-a
2026-06-20T14:44:37,2623169588,Doue Desire,20.0,Vítěz,25-WINNER_NWAY-a
2026-06-20T07:17:10,2591948506,Hakimi Achraf,40.0,Vítěz,25-WINNER_NWAY-a
2026-06-20T07:17:10,2591948507,Kane Harry,2.7,Vítěz,25-WINNER_NWAY-a
2026-06-20T07:17:10,2591948508,Vinicius Junior,50.0,Vítěz,25-WINNER_NWAY-a
2026-06-20T07:17:10,2591948509,Rice Declan,9.0,Vítěz,25-WINNER_NWAY-a
2026-06-20T07:17:10,2591948510,Kvaratskhelia Khvicha,11.0,Vítěz,25-WINNER_NWAY-a
2026-06-20T07:17:10,2591948511,Messi Lionel,30.0,Vítěz,25-WINNER_NWAY-a
2026-06-20T07:17:10,2591948512,Haaland Erling,25.0,Vítěz,25-WINNER_NWAY-a
2026-06-20T07:17:10,2591948513,Vitinha Ferreira Vitor,15.0,Vítěz,25-WINNER_NWAY-a
2026-06-20T07:17:10,2591948514,Martinez Lautaro,100.0,Vítěz,25-WINNER_NWAY-a
2026-06-20T07:17:10,2591948515,Olise Michael,12.0,Vítěz,25-WINNER_NWAY-a
2026-06-20T07:17:10,2591948516,Yamal Lamine,10.0,Vítěz,25-WINNER_NWAY-a
2026-06-20T07:17:10,2591948517,Dembele Ousmane,4.0,Vítěz,25-WINNER_NWAY-a
2026-06-20T07:17:10,2591948518,Mbappe Kylian,13.0,Vítěz,25-WINNER_NWAY-a
2026-06-20T07:17:10,2591948519,Ronaldo Cristiano,70.0,Vítěz,25-WINNER_NWAY-a
2026-06-20T07:17:10,2623169588,Doue Desire,20.0,Vítěz,25-WINNER_NWAY-a
2026-06-19T22:18:51,2591948506,Hakimi Achraf,40.0,Vítěz,25-WINNER_NWAY-a
2026-06-19T22:18:51,2591948507,Kane Harry,2.7,Vítěz,25-WINNER_NWAY-a
2026-06-19T22:18:51,2591948508,Vinicius Junior,50.0,Vítěz,25-WINNER_NWAY-a
2026-06-19T22:18:51,2591948509,Rice Declan,9.0,Vítěz,25-WINNER_NWAY-a
2026-06-19T22:18:51,2591948510,Kvaratskhelia Khvicha,11.0,Vítěz,25-WINNER_NWAY-a
2026-06-19T22:18:51,2591948511,Messi Lionel,30.0,Vítěz,25-WINNER_NWAY-a
2026-06-19T22:18:51,2591948512,Haaland Erling,25.0,Vítěz,25-WINNER_NWAY-a
2026-06-19T22:18:51,2591948513,Vitinha Ferreira Vitor,15.0,Vítěz,25-WINNER_NWAY-a
2026-06-19T22:18:51,2591948514,Martinez Lautaro,100.0,Vítěz,25-WINNER_NWAY-a
2026-06-19T22:18:51,2591948515,Olise Michael,12.0,Vítěz,25-WINNER_NWAY-a
2026-06-19T22:18:51,2591948516,Yamal Lamine,10.0,Vítěz,25-WINNER_NWAY-a
2026-06-19T22:18:51,2591948517,Dembele Ousmane,4.0,Vítěz,25-WINNER_NWAY-a
2026-06-19T22:18:51,2591948518,Mbappe Kylian,13.0,Vítěz,25-WINNER_NWAY-a
2026-06-19T22:18:51,2591948519,Ronaldo Cristiano,70.0,Vítěz,25-WINNER_NWAY-a
2026-06-19T22:18:51,2623169588,Doue Desire,20.0,Vítěz,25-WINNER_NWAY-a
2026-06-19T15:01:34,2591948506,Hakimi Achraf,40.0,Vítěz,25-WINNER_NWAY-a
2026-06-19T15:01:34,2591948507,Kane Harry,2.7,Vítěz,25-WINNER_NWAY-a
2026-06-19T15:01:34,2591948508,Vinicius Junior,50.0,Vítěz,25-WINNER_NWAY-a
2026-06-19T15:01:34,2591948509,Rice Declan,9.0,Vítěz,25-WINNER_NWAY-a
2026-06-19T15:01:34,2591948510,Kvaratskhelia Khvicha,11.0,Vítěz,25-WINNER_NWAY-a
2026-06-19T15:01:34,2591948511,Messi Lionel,30.0,Vítěz,25-WINNER_NWAY-a
2026-06-19T15:01:34,2591948512,Haaland Erling,25.0,Vítěz,25-WINNER_NWAY-a
2026-06-19T15:01:34,2591948513,Vitinha Ferreira Vitor,15.0,Vítěz,25-WINNER_NWAY-a
2026-06-19T15:01:34,2591948514,Martinez Lautaro,100.0,Vítěz,25-WINNER_NWAY-a
2026-06-19T15:01:34,2591948515,Olise Michael,12.0,Vítěz,25-WINNER_NWAY-a
2026-06-19T15:01:34,2591948516,Yamal Lamine,10.0,Vítěz,25-WINNER_NWAY-a
2026-06-19T15:01:34,2591948517,Dembele Ousmane,4.0,Vítěz,25-WINNER_NWAY-a
2026-06-19T15:01:34,2591948518,Mbappe Kylian,13.0,Vítěz,25-WINNER_NWAY-a
2026-06-19T15:01:34,2591948519,Ronaldo Cristiano,70.0,Vítěz,25-WINNER_NWAY-a
2026-06-19T15:01:34,2623169588,Doue Desire,20.0,Vítěz,25-WINNER_NWAY-a
2026-06-19T07:47:38,2591948506,Hakimi Achraf,40.0,Vítěz,25-WINNER_NWAY-a
2026-06-19T07:47:38,2591948507,Kane Harry,2.7,Vítěz,25-WINNER_NWAY-a
2026-06-19T07:47:38,2591948508,Vinicius Junior,50.0,Vítěz,25-WINNER_NWAY-a
2026-06-19T07:47:38,2591948509,Rice Declan,9.0,Vítěz,25-WINNER_NWAY-a
2026-06-19T07:47:38,2591948510,Kvaratskhelia Khvicha,11.0,Vítěz,25-WINNER_NWAY-a
2026-06-19T07:47:38,2591948511,Messi Lionel,30.0,Vítěz,25-WINNER_NWAY-a
2026-06-19T07:47:38,2591948512,Haaland Erling,25.0,Vítěz,25-WINNER_NWAY-a
2026-06-19T07:47:38,2591948513,Vitinha Ferreira Vitor,15.0,Vítěz,25-WINNER_NWAY-a
2026-06-19T07:47:38,2591948514,Martinez Lautaro,100.0,Vítěz,25-WINNER_NWAY-a
2026-06-19T07:47:38,2591948515,Olise Michael,12.0,Vítěz,25-WINNER_NWAY-a
2026-06-19T07:47:38,2591948516,Yamal Lamine,10.0,Vítěz,25-WINNER_NWAY-a
2026-06-19T07:47:38,2591948517,Dembele Ousmane,4.0,Vítěz,25-WINNER_NWAY-a
2026-06-19T07:47:38,2591948518,Mbappe Kylian,13.0,Vítěz,25-WINNER_NWAY-a
2026-06-19T07:47:38,2591948519,Ronaldo Cristiano,70.0,Vítěz,25-WINNER_NWAY-a
2026-06-19T07:47:38,2623169588,Doue Desire,20.0,Vítěz,25-WINNER_NWAY-a
2026-06-18T22:37:05,2591948506,Hakimi Achraf,40.0,Vítěz,25-WINNER_NWAY-a
2026-06-18T22:37:05,2591948507,Kane Harry,2.7,Vítěz,25-WINNER_NWAY-a
2026-06-18T22:37:05,2591948508,Vinicius Junior,50.0,Vítěz,25-WINNER_NWAY-a
2026-06-18T22:37:05,2591948509,Rice Declan,9.0,Vítěz,25-WINNER_NWAY-a
2026-06-18T22:37:05,2591948510,Kvaratskhelia Khvicha,11.0,Vítěz,25-WINNER_NWAY-a
2026-06-18T22:37:05,2591948511,Messi Lionel,30.0,Vítěz,25-WINNER_NWAY-a
2026-06-18T22:37:05,2591948512,Haaland Erling,25.0,Vítěz,25-WINNER_NWAY-a
2026-06-18T22:37:05,2591948513,Vitinha Ferreira Vitor,15.0,Vítěz,25-WINNER_NWAY-a
2026-06-18T22:37:05,2591948514,Martinez Lautaro,100.0,Vítěz,25-WINNER_NWAY-a
2026-06-18T22:37:05,2591948515,Olise Michael,12.0,Vítěz,25-WINNER_NWAY-a
2026-06-18T22:37:05,2591948516,Yamal Lamine,10.0,Vítěz,25-WINNER_NWAY-a
2026-06-18T22:37:05,2591948517,Dembele Ousmane,4.0,Vítěz,25-WINNER_NWAY-a
2026-06-18T22:37:05,2591948518,Mbappe Kylian,13.0,Vítěz,25-WINNER_NWAY-a
2026-06-18T22:37:05,2591948519,Ronaldo Cristiano,70.0,Vítěz,25-WINNER_NWAY-a
2026-06-18T22:37:05,2623169588,Doue Desire,20.0,Vítěz,25-WINNER_NWAY-a
2026-06-18T15:02:04,2591948506,Hakimi Achraf,40.0,Vítěz,25-WINNER_NWAY-a
2026-06-18T15:02:04,2591948507,Kane Harry,2.7,Vítěz,25-WINNER_NWAY-a
2026-06-18T15:02:04,2591948508,Vinicius Junior,50.0,Vítěz,25-WINNER_NWAY-a
2026-06-18T15:02:04,2591948509,Rice Declan,9.0,Vítěz,25-WINNER_NWAY-a
2026-06-18T15:02:04,2591948510,Kvaratskhelia Khvicha,11.0,Vítěz,25-WINNER_NWAY-a
2026-06-18T15:02:04,2591948511,Messi Lionel,30.0,Vítěz,25-WINNER_NWAY-a
2026-06-18T15:02:04,2591948512,Haaland Erling,25.0,Vítěz,25-WINNER_NWAY-a
2026-06-18T15:02:04,2591948513,Vitinha Ferreira Vitor,15.0,Vítěz,25-WINNER_NWAY-a
2026-06-18T15:02:04,2591948514,Martinez Lautaro,100.0,Vítěz,25-WINNER_NWAY-a
2026-06-18T15:02:04,2591948515,Olise Michael,12.0,Vítěz,25-WINNER_NWAY-a
2026-06-18T15:02:04,2591948516,Yamal Lamine,10.0,Vítěz,25-WINNER_NWAY-a
2026-06-18T15:02:04,2591948517,Dembele Ousmane,4.0,Vítěz,25-WINNER_NWAY-a
2026-06-18T15:02:04,2591948518,Mbappe Kylian,13.0,Vítěz,25-WINNER_NWAY-a
2026-06-18T15:02:04,2591948519,Ronaldo Cristiano,70.0,Vítěz,25-WINNER_NWAY-a
2026-06-18T15:02:04,2623169588,Doue Desire,20.0,Vítěz,25-WINNER_NWAY-a
2026-06-18T07:36:32,2591948506,Hakimi Achraf,40.0,Vítěz,25-WINNER_NWAY-a
2026-06-18T07:36:32,2591948507,Kane Harry,2.7,Vítěz,25-WINNER_NWAY-a
2026-06-18T07:36:32,2591948508,Vinicius Junior,50.0,Vítěz,25-WINNER_NWAY-a
2026-06-18T07:36:32,2591948509,Rice Declan,9.0,Vítěz,25-WINNER_NWAY-a
2026-06-18T07:36:32,2591948510,Kvaratskhelia Khvicha,11.0,Vítěz,25-WINNER_NWAY-a
2026-06-18T07:36:32,2591948511,Messi Lionel,30.0,Vítěz,25-WINNER_NWAY-a
2026-06-18T07:36:32,2591948512,Haaland Erling,25.0,Vítěz,25-WINNER_NWAY-a
2026-06-18T07:36:32,2591948513,Vitinha Ferreira Vitor,15.0,Vítěz,25-WINNER_NWAY-a
2026-06-18T07:36:32,2591948514,Martinez Lautaro,100.0,Vítěz,25-WINNER_NWAY-a
2026-06-18T07:36:32,2591948515,Olise Michael,12.0,Vítěz,25-WINNER_NWAY-a
2026-06-18T07:36:32,2591948516,Yamal Lamine,10.0,Vítěz,25-WINNER_NWAY-a
2026-06-18T07:36:32,2591948517,Dembele Ousmane,4.0,Vítěz,25-WINNER_NWAY-a
2026-06-18T07:36:32,2591948518,Mbappe Kylian,13.0,Vítěz,25-WINNER_NWAY-a
2026-06-18T07:36:32,2591948519,Ronaldo Cristiano,70.0,Vítěz,25-WINNER_NWAY-a
2026-06-18T07:36:32,2623169588,Doue Desire,20.0,Vítěz,25-WINNER_NWAY-a
2026-06-17T22:32:56,2591948506,Hakimi Achraf,40.0,Vítěz,25-WINNER_NWAY-a
2026-06-17T22:32:56,2591948507,Kane Harry,3.0,Vítěz,25-WINNER_NWAY-a
2026-06-17T22:32:56,2591948508,Vinicius Junior,50.0,Vítěz,25-WINNER_NWAY-a
2026-06-17T22:32:56,2591948509,Rice Declan,8.0,Vítěz,25-WINNER_NWAY-a
2026-06-17T22:32:56,2591948510,Kvaratskhelia Khvicha,10.0,Vítěz,25-WINNER_NWAY-a
2026-06-17T22:32:56,2591948511,Messi Lionel,30.0,Vítěz,25-WINNER_NWAY-a
2026-06-17T22:32:56,2591948512,Haaland Erling,25.0,Vítěz,25-WINNER_NWAY-a
2026-06-17T22:32:56,2591948513,Vitinha Ferreira Vitor,15.0,Vítěz,25-WINNER_NWAY-a
2026-06-17T22:32:56,2591948514,Martinez Lautaro,100.0,Vítěz,25-WINNER_NWAY-a
2026-06-17T22:32:56,2591948515,Olise Michael,11.0,Vítěz,25-WINNER_NWAY-a
2026-06-17T22:32:56,2591948516,Yamal Lamine,9.0,Vítěz,25-WINNER_NWAY-a
2026-06-17T22:32:56,2591948517,Dembele Ousmane,4.0,Vítěz,25-WINNER_NWAY-a
2026-06-17T22:32:56,2591948518,Mbappe Kylian,12.0,Vítěz,25-WINNER_NWAY-a
2026-06-17T22:32:56,2591948519,Ronaldo Cristiano,70.0,Vítěz,25-WINNER_NWAY-a
2026-06-17T22:32:56,2623169588,Doue Desire,20.0,Vítěz,25-WINNER_NWAY-a
2026-06-17T15:03:39,2591948506,Hakimi Achraf,40.0,Vítěz,25-WINNER_NWAY-a
2026-06-17T15:03:39,2591948507,Kane Harry,3.0,Vítěz,25-WINNER_NWAY-a
2026-06-17T15:03:39,2591948508,Vinicius Junior,50.0,Vítěz,25-WINNER_NWAY-a
2026-06-17T15:03:39,2591948509,Rice Declan,8.0,Vítěz,25-WINNER_NWAY-a
2026-06-17T15:03:39,2591948510,Kvaratskhelia Khvicha,10.0,Vítěz,25-WINNER_NWAY-a
2026-06-17T15:03:39,2591948511,Messi Lionel,30.0,Vítěz,25-WINNER_NWAY-a
2026-06-17T15:03:39,2591948512,Haaland Erling,25.0,Vítěz,25-WINNER_NWAY-a
2026-06-17T15:03:39,2591948513,Vitinha Ferreira Vitor,15.0,Vítěz,25-WINNER_NWAY-a
2026-06-17T15:03:39,2591948514,Martinez Lautaro,100.0,Vítěz,25-WINNER_NWAY-a
2026-06-17T15:03:39,2591948515,Olise Michael,11.0,Vítěz,25-WINNER_NWAY-a
2026-06-17T15:03:39,2591948516,Yamal Lamine,9.0,Vítěz,25-WINNER_NWAY-a
2026-06-17T15:03:39,2591948517,Dembele Ousmane,4.0,Vítěz,25-WINNER_NWAY-a
2026-06-17T15:03:39,2591948518,Mbappe Kylian,12.0,Vítěz,25-WINNER_NWAY-a
2026-06-17T15:03:39,2591948519,Ronaldo Cristiano,70.0,Vítěz,25-WINNER_NWAY-a
2026-06-17T15:03:39,2623169588,Doue Desire,20.0,Vítěz,25-WINNER_NWAY-a
2026-06-17T07:45:07,2591948506,Hakimi Achraf,40.0,Vítěz,25-WINNER_NWAY-a
2026-06-17T07:45:07,2591948507,Kane Harry,3.0,Vítěz,25-WINNER_NWAY-a
2026-06-17T07:45:07,2591948508,Vinicius Junior,50.0,Vítěz,25-WINNER_NWAY-a
2026-06-17T07:45:07,2591948509,Rice Declan,8.0,Vítěz,25-WINNER_NWAY-a
2026-06-17T07:45:07,2591948510,Kvaratskhelia Khvicha,10.0,Vítěz,25-WINNER_NWAY-a
2026-06-17T07:45:07,2591948511,Messi Lionel,30.0,Vítěz,25-WINNER_NWAY-a
2026-06-17T07:45:07,2591948512,Haaland Erling,25.0,Vítěz,25-WINNER_NWAY-a
2026-06-17T07:45:07,2591948513,Vitinha Ferreira Vitor,15.0,Vítěz,25-WINNER_NWAY-a
2026-06-17T07:45:07,2591948514,Martinez Lautaro,100.0,Vítěz,25-WINNER_NWAY-a
2026-06-17T07:45:07,2591948515,Olise Michael,11.0,Vítěz,25-WINNER_NWAY-a
2026-06-17T07:45:07,2591948516,Yamal Lamine,9.0,Vítěz,25-WINNER_NWAY-a
2026-06-17T07:45:07,2591948517,Dembele Ousmane,4.0,Vítěz,25-WINNER_NWAY-a
2026-06-17T07:45:07,2591948518,Mbappe Kylian,12.0,Vítěz,25-WINNER_NWAY-a
2026-06-17T07:45:07,2591948519,Ronaldo Cristiano,70.0,Vítěz,25-WINNER_NWAY-a
2026-06-17T07:45:07,2623169588,Doue Desire,20.0,Vítěz,25-WINNER_NWAY-a
2026-06-16T22:36:38,2591948506,Hakimi Achraf,40.0,Vítěz,25-WINNER_NWAY-a
2026-06-16T22:36:38,2591948507,Kane Harry,3.0,Vítěz,25-WINNER_NWAY-a
2026-06-16T22:36:38,2591948508,Vinicius Junior,50.0,Vítěz,25-WINNER_NWAY-a
2026-06-16T22:36:38,2591948509,Rice Declan,8.0,Vítěz,25-WINNER_NWAY-a
2026-06-16T22:36:38,2591948510,Kvaratskhelia Khvicha,10.0,Vítěz,25-WINNER_NWAY-a
2026-06-16T22:36:38,2591948511,Messi Lionel,60.0,Vítěz,25-WINNER_NWAY-a
2026-06-16T22:36:38,2591948512,Haaland Erling,30.0,Vítěz,25-WINNER_NWAY-a
2026-06-16T22:36:38,2591948513,Vitinha Ferreira Vitor,12.0,Vítěz,25-WINNER_NWAY-a
2026-06-16T22:36:38,2591948514,Martinez Lautaro,100.0,Vítěz,25-WINNER_NWAY-a
2026-06-16T22:36:38,2591948515,Olise Michael,11.0,Vítěz,25-WINNER_NWAY-a
2026-06-16T22:36:38,2591948516,Yamal Lamine,9.0,Vítěz,25-WINNER_NWAY-a
2026-06-16T22:36:38,2591948517,Dembele Ousmane,4.0,Vítěz,25-WINNER_NWAY-a
2026-06-16T22:36:38,2591948518,Mbappe Kylian,15.0,Vítěz,25-WINNER_NWAY-a
2026-06-16T22:36:38,2591948519,Ronaldo Cristiano,70.0,Vítěz,25-WINNER_NWAY-a
2026-06-16T22:36:38,2623169588,Doue Desire,20.0,Vítěz,25-WINNER_NWAY-a
2026-06-16T15:38:03,2591948506,Hakimi Achraf,40.0,Vítěz,25-WINNER_NWAY-a
2026-06-16T15:38:03,2591948507,Kane Harry,3.0,Vítěz,25-WINNER_NWAY-a
2026-06-16T15:38:03,2591948508,Vinicius Junior,50.0,Vítěz,25-WINNER_NWAY-a
2026-06-16T15:38:03,2591948509,Rice Declan,8.0,Vítěz,25-WINNER_NWAY-a
2026-06-16T15:38:03,2591948510,Kvaratskhelia Khvicha,10.0,Vítěz,25-WINNER_NWAY-a
2026-06-16T15:38:03,2591948511,Messi Lionel,60.0,Vítěz,25-WINNER_NWAY-a
2026-06-16T15:38:03,2591948512,Haaland Erling,30.0,Vítěz,25-WINNER_NWAY-a
2026-06-16T15:38:03,2591948513,Vitinha Ferreira Vitor,12.0,Vítěz,25-WINNER_NWAY-a
2026-06-16T15:38:03,2591948514,Martinez Lautaro,100.0,Vítěz,25-WINNER_NWAY-a
2026-06-16T15:38:03,2591948515,Olise Michael,11.0,Vítěz,25-WINNER_NWAY-a
2026-06-16T15:38:03,2591948516,Yamal Lamine,9.0,Vítěz,25-WINNER_NWAY-a
2026-06-16T15:38:03,2591948517,Dembele Ousmane,4.0,Vítěz,25-WINNER_NWAY-a
2026-06-16T15:38:03,2591948518,Mbappe Kylian,15.0,Vítěz,25-WINNER_NWAY-a
2026-06-16T15:38:03,2591948519,Ronaldo Cristiano,70.0,Vítěz,25-WINNER_NWAY-a
2026-06-16T15:38:03,2623169588,Doue Desire,20.0,Vítěz,25-WINNER_NWAY-a
2026-06-16T07:53:01,2591948506,Hakimi Achraf,40.0,Vítěz,25-WINNER_NWAY-a
2026-06-16T07:53:01,2591948507,Kane Harry,3.0,Vítěz,25-WINNER_NWAY-a
2026-06-16T07:53:01,2591948508,Vinicius Junior,50.0,Vítěz,25-WINNER_NWAY-a
2026-06-16T07:53:01,2591948509,Rice Declan,8.0,Vítěz,25-WINNER_NWAY-a
2026-06-16T07:53:01,2591948510,Kvaratskhelia Khvicha,10.0,Vítěz,25-WINNER_NWAY-a
2026-06-16T07:53:01,2591948511,Messi Lionel,60.0,Vítěz,25-WINNER_NWAY-a
2026-06-16T07:53:01,2591948512,Haaland Erling,30.0,Vítěz,25-WINNER_NWAY-a
2026-06-16T07:53:01,2591948513,Vitinha Ferreira Vitor,12.0,Vítěz,25-WINNER_NWAY-a
2026-06-16T07:53:01,2591948514,Martinez Lautaro,100.0,Vítěz,25-WINNER_NWAY-a
2026-06-16T07:53:01,2591948515,Olise Michael,11.0,Vítěz,25-WINNER_NWAY-a
2026-06-16T07:53:01,2591948516,Yamal Lamine,9.0,Vítěz,25-WINNER_NWAY-a
2026-06-16T07:53:01,2591948517,Dembele Ousmane,4.0,Vítěz,25-WINNER_NWAY-a
2026-06-16T07:53:01,2591948518,Mbappe Kylian,15.0,Vítěz,25-WINNER_NWAY-a
2026-06-16T07:53:01,2591948519,Ronaldo Cristiano,70.0,Vítěz,25-WINNER_NWAY-a
2026-06-16T07:53:01,2623169588,Doue Desire,20.0,Vítěz,25-WINNER_NWAY-a
2026-06-15T22:39:19,2591948506,Hakimi Achraf,40.0,Vítěz,25-WINNER_NWAY-a
2026-06-15T22:39:19,2591948507,Kane Harry,3.0,Vítěz,25-WINNER_NWAY-a
2026-06-15T22:39:19,2591948508,Vinicius Junior,50.0,Vítěz,25-WINNER_NWAY-a
2026-06-15T22:39:19,2591948509,Rice Declan,8.0,Vítěz,25-WINNER_NWAY-a
2026-06-15T22:39:19,2591948510,Kvaratskhelia Khvicha,10.0,Vítěz,25-WINNER_NWAY-a
2026-06-15T22:39:19,2591948511,Messi Lionel,60.0,Vítěz,25-WINNER_NWAY-a
2026-06-15T22:39:19,2591948512,Haaland Erling,30.0,Vítěz,25-WINNER_NWAY-a
2026-06-15T22:39:19,2591948513,Vitinha Ferreira Vitor,12.0,Vítěz,25-WINNER_NWAY-a
2026-06-15T22:39:19,2591948514,Martinez Lautaro,100.0,Vítěz,25-WINNER_NWAY-a
2026-06-15T22:39:19,2591948515,Olise Michael,11.0,Vítěz,25-WINNER_NWAY-a
2026-06-15T22:39:19,2591948516,Yamal Lamine,9.0,Vítěz,25-WINNER_NWAY-a
2026-06-15T22:39:19,2591948517,Dembele Ousmane,4.0,Vítěz,25-WINNER_NWAY-a
2026-06-15T22:39:19,2591948518,Mbappe Kylian,15.0,Vítěz,25-WINNER_NWAY-a
2026-06-15T22:39:19,2591948519,Ronaldo Cristiano,70.0,Vítěz,25-WINNER_NWAY-a
2026-06-15T22:39:19,2623169588,Doue Desire,20.0,Vítěz,25-WINNER_NWAY-a
2026-06-15T15:57:19,2591948506,Hakimi Achraf,40.0,Vítěz,25-WINNER_NWAY-a
2026-06-15T15:57:19,2591948507,Kane Harry,3.0,Vítěz,25-WINNER_NWAY-a
2026-06-15T15:57:19,2591948508,Vinicius Junior,50.0,Vítěz,25-WINNER_NWAY-a
2026-06-15T15:57:19,2591948509,Rice Declan,8.0,Vítěz,25-WINNER_NWAY-a
2026-06-15T15:57:19,2591948510,Kvaratskhelia Khvicha,10.0,Vítěz,25-WINNER_NWAY-a
2026-06-15T15:57:19,2591948511,Messi Lionel,60.0,Vítěz,25-WINNER_NWAY-a
2026-06-15T15:57:19,2591948512,Haaland Erling,30.0,Vítěz,25-WINNER_NWAY-a
2026-06-15T15:57:19,2591948513,Vitinha Ferreira Vitor,12.0,Vítěz,25-WINNER_NWAY-a
2026-06-15T15:57:19,2591948514,Martinez Lautaro,100.0,Vítěz,25-WINNER_NWAY-a
2026-06-15T15:57:19,2591948515,Olise Michael,11.0,Vítěz,25-WINNER_NWAY-a
2026-06-15T15:57:19,2591948516,Yamal Lamine,9.0,Vítěz,25-WINNER_NWAY-a
2026-06-15T15:57:19,2591948517,Dembele Ousmane,4.0,Vítěz,25-WINNER_NWAY-a
2026-06-15T15:57:19,2591948518,Mbappe Kylian,15.0,Vítěz,25-WINNER_NWAY-a
2026-06-15T15:57:19,2591948519,Ronaldo Cristiano,70.0,Vítěz,25-WINNER_NWAY-a
2026-06-15T15:57:19,2623169588,Doue Desire,20.0,Vítěz,25-WINNER_NWAY-a
2026-06-15T07:52:50,2591948506,Hakimi Achraf,40.0,Vítěz,25-WINNER_NWAY-a
2026-06-15T07:52:50,2591948507,Kane Harry,3.0,Vítěz,25-WINNER_NWAY-a
2026-06-15T07:52:50,2591948508,Vinicius Junior,50.0,Vítěz,25-WINNER_NWAY-a
2026-06-15T07:52:50,2591948509,Rice Declan,8.0,Vítěz,25-WINNER_NWAY-a
2026-06-15T07:52:50,2591948510,Kvaratskhelia Khvicha,10.0,Vítěz,25-WINNER_NWAY-a
2026-06-15T07:52:50,2591948511,Messi Lionel,60.0,Vítěz,25-WINNER_NWAY-a
2026-06-15T07:52:50,2591948512,Haaland Erling,30.0,Vítěz,25-WINNER_NWAY-a
2026-06-15T07:52:50,2591948513,Vitinha Ferreira Vitor,12.0,Vítěz,25-WINNER_NWAY-a
2026-06-15T07:52:50,2591948514,Martinez Lautaro,100.0,Vítěz,25-WINNER_NWAY-a
2026-06-15T07:52:50,2591948515,Olise Michael,11.0,Vítěz,25-WINNER_NWAY-a
2026-06-15T07:52:50,2591948516,Yamal Lamine,9.0,Vítěz,25-WINNER_NWAY-a
2026-06-15T07:52:50,2591948517,Dembele Ousmane,4.0,Vítěz,25-WINNER_NWAY-a
2026-06-15T07:52:50,2591948518,Mbappe Kylian,15.0,Vítěz,25-WINNER_NWAY-a
2026-06-15T07:52:50,2591948519,Ronaldo Cristiano,70.0,Vítěz,25-WINNER_NWAY-a
2026-06-15T07:52:50,2623169588,Doue Desire,20.0,Vítěz,25-WINNER_NWAY-a
2026-06-14T22:24:25,2591948506,Hakimi Achraf,40.0,Vítěz,25-WINNER_NWAY-a
2026-06-14T22:24:25,2591948507,Kane Harry,3.0,Vítěz,25-WINNER_NWAY-a
2026-06-14T22:24:25,2591948508,Vinicius Junior,50.0,Vítěz,25-WINNER_NWAY-a
2026-06-14T22:24:25,2591948509,Rice Declan,8.0,Vítěz,25-WINNER_NWAY-a
2026-06-14T22:24:25,2591948510,Kvaratskhelia Khvicha,10.0,Vítěz,25-WINNER_NWAY-a
2026-06-14T22:24:25,2591948511,Messi Lionel,60.0,Vítěz,25-WINNER_NWAY-a
2026-06-14T22:24:25,2591948512,Haaland Erling,30.0,Vítěz,25-WINNER_NWAY-a
2026-06-14T22:24:25,2591948513,Vitinha Ferreira Vitor,12.0,Vítěz,25-WINNER_NWAY-a
2026-06-14T22:24:25,2591948514,Martinez Lautaro,100.0,Vítěz,25-WINNER_NWAY-a
2026-06-14T22:24:25,2591948515,Olise Michael,11.0,Vítěz,25-WINNER_NWAY-a
2026-06-14T22:24:25,2591948516,Yamal Lamine,9.0,Vítěz,25-WINNER_NWAY-a
2026-06-14T22:24:25,2591948517,Dembele Ousmane,4.0,Vítěz,25-WINNER_NWAY-a
2026-06-14T22:24:25,2591948518,Mbappe Kylian,15.0,Vítěz,25-WINNER_NWAY-a
2026-06-14T22:24:25,2591948519,Ronaldo Cristiano,70.0,Vítěz,25-WINNER_NWAY-a
2026-06-14T22:24:25,2623169588,Doue Desire,20.0,Vítěz,25-WINNER_NWAY-a
2026-06-14T14:44:48,2591948506,Hakimi Achraf,40.0,Vítěz,25-WINNER_NWAY-a
2026-06-14T14:44:48,2591948507,Kane Harry,3.0,Vítěz,25-WINNER_NWAY-a
2026-06-14T14:44:48,2591948508,Vinicius Junior,50.0,Vítěz,25-WINNER_NWAY-a
2026-06-14T14:44:48,2591948509,Rice Declan,8.0,Vítěz,25-WINNER_NWAY-a
2026-06-14T14:44:48,2591948510,Kvaratskhelia Khvicha,10.0,Vítěz,25-WINNER_NWAY-a
2026-06-14T14:44:48,2591948511,Messi Lionel,60.0,Vítěz,25-WINNER_NWAY-a
2026-06-14T14:44:48,2591948512,Haaland Erling,30.0,Vítěz,25-WINNER_NWAY-a
2026-06-14T14:44:48,2591948513,Vitinha Ferreira Vitor,12.0,Vítěz,25-WINNER_NWAY-a
2026-06-14T14:44:48,2591948514,Martinez Lautaro,100.0,Vítěz,25-WINNER_NWAY-a
2026-06-14T14:44:48,2591948515,Olise Michael,11.0,Vítěz,25-WINNER_NWAY-a
2026-06-14T14:44:48,2591948516,Yamal Lamine,9.0,Vítěz,25-WINNER_NWAY-a
2026-06-14T14:44:48,2591948517,Dembele Ousmane,4.0,Vítěz,25-WINNER_NWAY-a
2026-06-14T14:44:48,2591948518,Mbappe Kylian,15.0,Vítěz,25-WINNER_NWAY-a
2026-06-14T14:44:48,2591948519,Ronaldo Cristiano,70.0,Vítěz,25-WINNER_NWAY-a
2026-06-14T14:44:48,2623169588,Doue Desire,20.0,Vítěz,25-WINNER_NWAY-a
2026-06-14T07:32:35,2591948506,Hakimi Achraf,40.0,Vítěz,25-WINNER_NWAY-a
2026-06-14T07:32:35,2591948507,Kane Harry,3.0,Vítěz,25-WINNER_NWAY-a
2026-06-14T07:32:35,2591948508,Vinicius Junior,50.0,Vítěz,25-WINNER_NWAY-a
2026-06-14T07:32:35,2591948509,Rice Declan,8.0,Vítěz,25-WINNER_NWAY-a
2026-06-14T07:32:35,2591948510,Kvaratskhelia Khvicha,10.0,Vítěz,25-WINNER_NWAY-a
2026-06-14T07:32:35,2591948511,Messi Lionel,60.0,Vítěz,25-WINNER_NWAY-a
2026-06-14T07:32:35,2591948512,Haaland Erling,30.0,Vítěz,25-WINNER_NWAY-a
2026-06-14T07:32:35,2591948513,Vitinha Ferreira Vitor,12.0,Vítěz,25-WINNER_NWAY-a
2026-06-14T07:32:35,2591948514,Martinez Lautaro,100.0,Vítěz,25-WINNER_NWAY-a
2026-06-14T07:32:35,2591948515,Olise Michael,11.0,Vítěz,25-WINNER_NWAY-a
2026-06-14T07:32:35,2591948516,Yamal Lamine,9.0,Vítěz,25-WINNER_NWAY-a
2026-06-14T07:32:35,2591948517,Dembele Ousmane,4.0,Vítěz,25-WINNER_NWAY-a
2026-06-14T07:32:35,2591948518,Mbappe Kylian,15.0,Vítěz,25-WINNER_NWAY-a
2026-06-14T07:32:35,2591948519,Ronaldo Cristiano,70.0,Vítěz,25-WINNER_NWAY-a
2026-06-14T07:32:35,2623169588,Doue Desire,20.0,Vítěz,25-WINNER_NWAY-a
2026-06-13T22:22:10,2591948506,Hakimi Achraf,40.0,Vítěz,25-WINNER_NWAY-a
2026-06-13T22:22:10,2591948507,Kane Harry,3.0,Vítěz,25-WINNER_NWAY-a
2026-06-13T22:22:10,2591948508,Vinicius Junior,50.0,Vítěz,25-WINNER_NWAY-a
2026-06-13T22:22:10,2591948509,Rice Declan,8.0,Vítěz,25-WINNER_NWAY-a
2026-06-13T22:22:10,2591948510,Kvaratskhelia Khvicha,10.0,Vítěz,25-WINNER_NWAY-a
2026-06-13T22:22:10,2591948511,Messi Lionel,60.0,Vítěz,25-WINNER_NWAY-a
2026-06-13T22:22:10,2591948512,Haaland Erling,30.0,Vítěz,25-WINNER_NWAY-a
2026-06-13T22:22:10,2591948513,Vitinha Ferreira Vitor,12.0,Vítěz,25-WINNER_NWAY-a
2026-06-13T22:22:10,2591948514,Martinez Lautaro,100.0,Vítěz,25-WINNER_NWAY-a
2026-06-13T22:22:10,2591948515,Olise Michael,11.0,Vítěz,25-WINNER_NWAY-a
2026-06-13T22:22:10,2591948516,Yamal Lamine,9.0,Vítěz,25-WINNER_NWAY-a
2026-06-13T22:22:10,2591948517,Dembele Ousmane,4.0,Vítěz,25-WINNER_NWAY-a
2026-06-13T22:22:10,2591948518,Mbappe Kylian,15.0,Vítěz,25-WINNER_NWAY-a
2026-06-13T22:22:10,2591948519,Ronaldo Cristiano,70.0,Vítěz,25-WINNER_NWAY-a
2026-06-13T22:22:10,2623169588,Doue Desire,20.0,Vítěz,25-WINNER_NWAY-a
2026-06-13T14:42:45,2591948506,Hakimi Achraf,40.0,Vítěz,25-WINNER_NWAY-a
2026-06-13T14:42:45,2591948507,Kane Harry,3.0,Vítěz,25-WINNER_NWAY-a
2026-06-13T14:42:45,2591948508,Vinicius Junior,50.0,Vítěz,25-WINNER_NWAY-a
2026-06-13T14:42:45,2591948509,Rice Declan,8.0,Vítěz,25-WINNER_NWAY-a
2026-06-13T14:42:45,2591948510,Kvaratskhelia Khvicha,10.0,Vítěz,25-WINNER_NWAY-a
2026-06-13T14:42:45,2591948511,Messi Lionel,60.0,Vítěz,25-WINNER_NWAY-a
2026-06-13T14:42:45,2591948512,Haaland Erling,30.0,Vítěz,25-WINNER_NWAY-a
2026-06-13T14:42:45,2591948513,Vitinha Ferreira Vitor,12.0,Vítěz,25-WINNER_NWAY-a
2026-06-13T14:42:45,2591948514,Martinez Lautaro,100.0,Vítěz,25-WINNER_NWAY-a
2026-06-13T14:42:45,2591948515,Olise Michael,11.0,Vítěz,25-WINNER_NWAY-a
2026-06-13T14:42:45,2591948516,Yamal Lamine,9.0,Vítěz,25-WINNER_NWAY-a
2026-06-13T14:42:45,2591948517,Dembele Ousmane,4.0,Vítěz,25-WINNER_NWAY-a
2026-06-13T14:42:45,2591948518,Mbappe Kylian,15.0,Vítěz,25-WINNER_NWAY-a
2026-06-13T14:42:45,2591948519,Ronaldo Cristiano,70.0,Vítěz,25-WINNER_NWAY-a
2026-06-13T14:42:45,2623169588,Doue Desire,20.0,Vítěz,25-WINNER_NWAY-a
2026-06-13T07:15:26,2591948506,Hakimi Achraf,40.0,Vítěz,25-WINNER_NWAY-a
2026-06-13T07:15:26,2591948507,Kane Harry,3.0,Vítěz,25-WINNER_NWAY-a
2026-06-13T07:15:26,2591948508,Vinicius Junior,50.0,Vítěz,25-WINNER_NWAY-a
2026-06-13T07:15:26,2591948509,Rice Declan,8.0,Vítěz,25-WINNER_NWAY-a
2026-06-13T07:15:26,2591948510,Kvaratskhelia Khvicha,10.0,Vítěz,25-WINNER_NWAY-a
2026-06-13T07:15:26,2591948511,Messi Lionel,60.0,Vítěz,25-WINNER_NWAY-a
2026-06-13T07:15:26,2591948512,Haaland Erling,30.0,Vítěz,25-WINNER_NWAY-a
2026-06-13T07:15:26,2591948513,Vitinha Ferreira Vitor,12.0,Vítěz,25-WINNER_NWAY-a
2026-06-13T07:15:26,2591948514,Martinez Lautaro,100.0,Vítěz,25-WINNER_NWAY-a
2026-06-13T07:15:26,2591948515,Olise Michael,11.0,Vítěz,25-WINNER_NWAY-a
2026-06-13T07:15:26,2591948516,Yamal Lamine,9.0,Vítěz,25-WINNER_NWAY-a
2026-06-13T07:15:26,2591948517,Dembele Ousmane,4.0,Vítěz,25-WINNER_NWAY-a
2026-06-13T07:15:26,2591948518,Mbappe Kylian,15.0,Vítěz,25-WINNER_NWAY-a
2026-06-13T07:15:26,2591948519,Ronaldo Cristiano,70.0,Vítěz,25-WINNER_NWAY-a
2026-06-13T07:15:26,2623169588,Doue Desire,20.0,Vítěz,25-WINNER_NWAY-a
2026-06-12T22:30:31,2591948506,Hakimi Achraf,40.0,Vítěz,25-WINNER_NWAY-a
2026-06-12T22:30:31,2591948507,Kane Harry,3.0,Vítěz,25-WINNER_NWAY-a
2026-06-12T22:30:31,2591948508,Vinicius Junior,50.0,Vítěz,25-WINNER_NWAY-a
2026-06-12T22:30:31,2591948509,Rice Declan,8.0,Vítěz,25-WINNER_NWAY-a
2026-06-12T22:30:31,2591948510,Kvaratskhelia Khvicha,10.0,Vítěz,25-WINNER_NWAY-a
2026-06-12T22:30:31,2591948511,Messi Lionel,60.0,Vítěz,25-WINNER_NWAY-a
2026-06-12T22:30:31,2591948512,Haaland Erling,30.0,Vítěz,25-WINNER_NWAY-a
2026-06-12T22:30:31,2591948513,Vitinha Ferreira Vitor,12.0,Vítěz,25-WINNER_NWAY-a
2026-06-12T22:30:31,2591948514,Martinez Lautaro,100.0,Vítěz,25-WINNER_NWAY-a
2026-06-12T22:30:31,2591948515,Olise Michael,11.0,Vítěz,25-WINNER_NWAY-a
2026-06-12T22:30:31,2591948516,Yamal Lamine,9.0,Vítěz,25-WINNER_NWAY-a
2026-06-12T22:30:31,2591948517,Dembele Ousmane,4.0,Vítěz,25-WINNER_NWAY-a
2026-06-12T22:30:31,2591948518,Mbappe Kylian,15.0,Vítěz,25-WINNER_NWAY-a
2026-06-12T22:30:31,2591948519,Ronaldo Cristiano,70.0,Vítěz,25-WINNER_NWAY-a
2026-06-12T22:30:31,2623169588,Doue Desire,20.0,Vítěz,25-WINNER_NWAY-a
2026-06-12T15:01:15,2591948506,Hakimi Achraf,40.0,Vítěz,25-WINNER_NWAY-a
2026-06-12T15:01:15,2591948507,Kane Harry,3.0,Vítěz,25-WINNER_NWAY-a
2026-06-12T15:01:15,2591948508,Vinicius Junior,50.0,Vítěz,25-WINNER_NWAY-a
2026-06-12T15:01:15,2591948509,Rice Declan,8.0,Vítěz,25-WINNER_NWAY-a
2026-06-12T15:01:15,2591948510,Kvaratskhelia Khvicha,10.0,Vítěz,25-WINNER_NWAY-a
2026-06-12T15:01:15,2591948511,Messi Lionel,60.0,Vítěz,25-WINNER_NWAY-a
2026-06-12T15:01:15,2591948512,Haaland Erling,30.0,Vítěz,25-WINNER_NWAY-a
2026-06-12T15:01:15,2591948513,Vitinha Ferreira Vitor,12.0,Vítěz,25-WINNER_NWAY-a
2026-06-12T15:01:15,2591948514,Martinez Lautaro,100.0,Vítěz,25-WINNER_NWAY-a
2026-06-12T15:01:15,2591948515,Olise Michael,11.0,Vítěz,25-WINNER_NWAY-a
2026-06-12T15:01:15,2591948516,Yamal Lamine,9.0,Vítěz,25-WINNER_NWAY-a
2026-06-12T15:01:15,2591948517,Dembele Ousmane,4.0,Vítěz,25-WINNER_NWAY-a
2026-06-12T15:01:15,2591948518,Mbappe Kylian,15.0,Vítěz,25-WINNER_NWAY-a
2026-06-12T15:01:15,2591948519,Ronaldo Cristiano,70.0,Vítěz,25-WINNER_NWAY-a
2026-06-12T15:01:15,2623169588,Doue Desire,20.0,Vítěz,25-WINNER_NWAY-a
2026-06-12T07:33:48,2591948506,Hakimi Achraf,40.0,Vítěz,25-WINNER_NWAY-a
2026-06-12T07:33:48,2591948507,Kane Harry,3.0,Vítěz,25-WINNER_NWAY-a
2026-06-12T07:33:48,2591948508,Vinicius Junior,50.0,Vítěz,25-WINNER_NWAY-a
2026-06-12T07:33:48,2591948509,Rice Declan,8.0,Vítěz,25-WINNER_NWAY-a
2026-06-12T07:33:48,2591948510,Kvaratskhelia Khvicha,10.0,Vítěz,25-WINNER_NWAY-a
2026-06-12T07:33:48,2591948511,Messi Lionel,60.0,Vítěz,25-WINNER_NWAY-a
2026-06-12T07:33:48,2591948512,Haaland Erling,30.0,Vítěz,25-WINNER_NWAY-a
2026-06-12T07:33:48,2591948513,Vitinha Ferreira Vitor,12.0,Vítěz,25-WINNER_NWAY-a
2026-06-12T07:33:48,2591948514,Martinez Lautaro,100.0,Vítěz,25-WINNER_NWAY-a
2026-06-12T07:33:48,2591948515,Olise Michael,11.0,Vítěz,25-WINNER_NWAY-a
2026-06-12T07:33:48,2591948516,Yamal Lamine,9.0,Vítěz,25-WINNER_NWAY-a
2026-06-12T07:33:48,2591948517,Dembele Ousmane,4.0,Vítěz,25-WINNER_NWAY-a
2026-06-12T07:33:48,2591948518,Mbappe Kylian,15.0,Vítěz,25-WINNER_NWAY-a
2026-06-12T07:33:48,2591948519,Ronaldo Cristiano,70.0,Vítěz,25-WINNER_NWAY-a
2026-06-12T07:33:48,2623169588,Doue Desire,20.0,Vítěz,25-WINNER_NWAY-a
2026-06-11T22:34:01,2591948506,Hakimi Achraf,40.0,Vítěz,25-WINNER_NWAY-a
2026-06-11T22:34:01,2591948507,Kane Harry,3.0,Vítěz,25-WINNER_NWAY-a
2026-06-11T22:34:01,2591948508,Vinicius Junior,50.0,Vítěz,25-WINNER_NWAY-a
2026-06-11T22:34:01,2591948509,Rice Declan,8.0,Vítěz,25-WINNER_NWAY-a
2026-06-11T22:34:01,2591948510,Kvaratskhelia Khvicha,10.0,Vítěz,25-WINNER_NWAY-a
2026-06-11T22:34:01,2591948511,Messi Lionel,60.0,Vítěz,25-WINNER_NWAY-a
2026-06-11T22:34:01,2591948512,Haaland Erling,30.0,Vítěz,25-WINNER_NWAY-a
2026-06-11T22:34:01,2591948513,Vitinha Ferreira Vitor,12.0,Vítěz,25-WINNER_NWAY-a
2026-06-11T22:34:01,2591948514,Martinez Lautaro,100.0,Vítěz,25-WINNER_NWAY-a
2026-06-11T22:34:01,2591948515,Olise Michael,11.0,Vítěz,25-WINNER_NWAY-a
2026-06-11T22:34:01,2591948516,Yamal Lamine,9.0,Vítěz,25-WINNER_NWAY-a
2026-06-11T22:34:01,2591948517,Dembele Ousmane,4.0,Vítěz,25-WINNER_NWAY-a
2026-06-11T22:34:01,2591948518,Mbappe Kylian,15.0,Vítěz,25-WINNER_NWAY-a
2026-06-11T22:34:01,2591948519,Ronaldo Cristiano,70.0,Vítěz,25-WINNER_NWAY-a
2026-06-11T22:34:01,2623169588,Doue Desire,20.0,Vítěz,25-WINNER_NWAY-a
2026-06-11T15:09:03,2591948506,Hakimi Achraf,40.0,Vítěz,25-WINNER_NWAY-a
2026-06-11T15:09:03,2591948507,Kane Harry,3.0,Vítěz,25-WINNER_NWAY-a
2026-06-11T15:09:03,2591948508,Vinicius Junior,50.0,Vítěz,25-WINNER_NWAY-a
2026-06-11T15:09:03,2591948509,Rice Declan,8.0,Vítěz,25-WINNER_NWAY-a
2026-06-11T15:09:03,2591948510,Kvaratskhelia Khvicha,10.0,Vítěz,25-WINNER_NWAY-a
2026-06-11T15:09:03,2591948511,Messi Lionel,60.0,Vítěz,25-WINNER_NWAY-a
2026-06-11T15:09:03,2591948512,Haaland Erling,30.0,Vítěz,25-WINNER_NWAY-a
2026-06-11T15:09:03,2591948513,Vitinha Ferreira Vitor,12.0,Vítěz,25-WINNER_NWAY-a
2026-06-11T15:09:03,2591948514,Martinez Lautaro,100.0,Vítěz,25-WINNER_NWAY-a
2026-06-11T15:09:03,2591948515,Olise Michael,11.0,Vítěz,25-WINNER_NWAY-a
2026-06-11T15:09:03,2591948516,Yamal Lamine,9.0,Vítěz,25-WINNER_NWAY-a
2026-06-11T15:09:03,2591948517,Dembele Ousmane,4.0,Vítěz,25-WINNER_NWAY-a
2026-06-11T15:09:03,2591948518,Mbappe Kylian,15.0,Vítěz,25-WINNER_NWAY-a
2026-06-11T15:09:03,2591948519,Ronaldo Cristiano,70.0,Vítěz,25-WINNER_NWAY-a
2026-06-11T15:09:03,2623169588,Doue Desire,20.0,Vítěz,25-WINNER_NWAY-a
2026-06-11T07:36:03,2591948506,Hakimi Achraf,40.0,Vítěz,25-WINNER_NWAY-a
2026-06-11T07:36:03,2591948507,Kane Harry,3.0,Vítěz,25-WINNER_NWAY-a
2026-06-11T07:36:03,2591948508,Vinicius Junior,50.0,Vítěz,25-WINNER_NWAY-a
2026-06-11T07:36:03,2591948509,Rice Declan,8.0,Vítěz,25-WINNER_NWAY-a
2026-06-11T07:36:03,2591948510,Kvaratskhelia Khvicha,10.0,Vítěz,25-WINNER_NWAY-a
2026-06-11T07:36:03,2591948511,Messi Lionel,60.0,Vítěz,25-WINNER_NWAY-a
2026-06-11T07:36:03,2591948512,Haaland Erling,30.0,Vítěz,25-WINNER_NWAY-a
2026-06-11T07:36:03,2591948513,Vitinha Ferreira Vitor,12.0,Vítěz,25-WINNER_NWAY-a
2026-06-11T07:36:03,2591948514,Martinez Lautaro,100.0,Vítěz,25-WINNER_NWAY-a
2026-06-11T07:36:03,2591948515,Olise Michael,11.0,Vítěz,25-WINNER_NWAY-a
2026-06-11T07:36:03,2591948516,Yamal Lamine,9.0,Vítěz,25-WINNER_NWAY-a
2026-06-11T07:36:03,2591948517,Dembele Ousmane,4.0,Vítěz,25-WINNER_NWAY-a
2026-06-11T07:36:03,2591948518,Mbappe Kylian,15.0,Vítěz,25-WINNER_NWAY-a
2026-06-11T07:36:03,2591948519,Ronaldo Cristiano,70.0,Vítěz,25-WINNER_NWAY-a
2026-06-11T07:36:03,2623169588,Doue Desire,20.0,Vítěz,25-WINNER_NWAY-a
2026-06-10T22:35:02,2591948506,Hakimi Achraf,40.0,Vítěz,25-WINNER_NWAY-a
2026-06-10T22:35:02,2591948507,Kane Harry,3.0,Vítěz,25-WINNER_NWAY-a
2026-06-10T22:35:02,2591948508,Vinicius Junior,50.0,Vítěz,25-WINNER_NWAY-a
2026-06-10T22:35:02,2591948509,Rice Declan,8.0,Vítěz,25-WINNER_NWAY-a
2026-06-10T22:35:02,2591948510,Kvaratskhelia Khvicha,10.0,Vítěz,25-WINNER_NWAY-a
2026-06-10T22:35:02,2591948511,Messi Lionel,60.0,Vítěz,25-WINNER_NWAY-a
2026-06-10T22:35:02,2591948512,Haaland Erling,30.0,Vítěz,25-WINNER_NWAY-a
2026-06-10T22:35:02,2591948513,Vitinha Ferreira Vitor,12.0,Vítěz,25-WINNER_NWAY-a
2026-06-10T22:35:02,2591948514,Martinez Lautaro,100.0,Vítěz,25-WINNER_NWAY-a
2026-06-10T22:35:02,2591948515,Olise Michael,11.0,Vítěz,25-WINNER_NWAY-a
2026-06-10T22:35:02,2591948516,Yamal Lamine,9.0,Vítěz,25-WINNER_NWAY-a
2026-06-10T22:35:02,2591948517,Dembele Ousmane,4.0,Vítěz,25-WINNER_NWAY-a
2026-06-10T22:35:02,2591948518,Mbappe Kylian,15.0,Vítěz,25-WINNER_NWAY-a
2026-06-10T22:35:02,2591948519,Ronaldo Cristiano,70.0,Vítěz,25-WINNER_NWAY-a
2026-06-10T22:35:02,2623169588,Doue Desire,20.0,Vítěz,25-WINNER_NWAY-a
2026-06-10T15:03:14,2591948506,Hakimi Achraf,40.0,Vítěz,25-WINNER_NWAY-a
2026-06-10T15:03:14,2591948507,Kane Harry,3.0,Vítěz,25-WINNER_NWAY-a
2026-06-10T15:03:14,2591948508,Vinicius Junior,50.0,Vítěz,25-WINNER_NWAY-a
2026-06-10T15:03:14,2591948509,Rice Declan,8.0,Vítěz,25-WINNER_NWAY-a
2026-06-10T15:03:14,2591948510,Kvaratskhelia Khvicha,10.0,Vítěz,25-WINNER_NWAY-a
2026-06-10T15:03:14,2591948511,Messi Lionel,60.0,Vítěz,25-WINNER_NWAY-a
2026-06-10T15:03:14,2591948512,Haaland Erling,30.0,Vítěz,25-WINNER_NWAY-a
2026-06-10T15:03:14,2591948513,Vitinha Ferreira Vitor,12.0,Vítěz,25-WINNER_NWAY-a
2026-06-10T15:03:14,2591948514,Martinez Lautaro,100.0,Vítěz,25-WINNER_NWAY-a
2026-06-10T15:03:14,2591948515,Olise Michael,11.0,Vítěz,25-WINNER_NWAY-a
2026-06-10T15:03:14,2591948516,Yamal Lamine,9.0,Vítěz,25-WINNER_NWAY-a
2026-06-10T15:03:14,2591948517,Dembele Ousmane,4.0,Vítěz,25-WINNER_NWAY-a
2026-06-10T15:03:14,2591948518,Mbappe Kylian,15.0,Vítěz,25-WINNER_NWAY-a
2026-06-10T15:03:14,2591948519,Ronaldo Cristiano,70.0,Vítěz,25-WINNER_NWAY-a
2026-06-10T15:03:14,2623169588,Doue Desire,20.0,Vítěz,25-WINNER_NWAY-a
2026-06-10T07:25:20,2591948506,Hakimi Achraf,40.0,Vítěz,25-WINNER_NWAY-a
2026-06-10T07:25:20,2591948507,Kane Harry,3.0,Vítěz,25-WINNER_NWAY-a
2026-06-10T07:25:20,2591948508,Vinicius Junior,50.0,Vítěz,25-WINNER_NWAY-a
2026-06-10T07:25:20,2591948509,Rice Declan,8.0,Vítěz,25-WINNER_NWAY-a
2026-06-10T07:25:20,2591948510,Kvaratskhelia Khvicha,10.0,Vítěz,25-WINNER_NWAY-a
2026-06-10T07:25:20,2591948511,Messi Lionel,60.0,Vítěz,25-WINNER_NWAY-a
2026-06-10T07:25:20,2591948512,Haaland Erling,30.0,Vítěz,25-WINNER_NWAY-a
2026-06-10T07:25:20,2591948513,Vitinha Ferreira Vitor,12.0,Vítěz,25-WINNER_NWAY-a
2026-06-10T07:25:20,2591948514,Martinez Lautaro,100.0,Vítěz,25-WINNER_NWAY-a
2026-06-10T07:25:20,2591948515,Olise Michael,11.0,Vítěz,25-WINNER_NWAY-a
2026-06-10T07:25:20,2591948516,Yamal Lamine,9.0,Vítěz,25-WINNER_NWAY-a
2026-06-10T07:25:20,2591948517,Dembele Ousmane,4.0,Vítěz,25-WINNER_NWAY-a
2026-06-10T07:25:20,2591948518,Mbappe Kylian,15.0,Vítěz,25-WINNER_NWAY-a
2026-06-10T07:25:20,2591948519,Ronaldo Cristiano,70.0,Vítěz,25-WINNER_NWAY-a
2026-06-10T07:25:20,2623169588,Doue Desire,20.0,Vítěz,25-WINNER_NWAY-a
2026-06-09T22:29:55,2591948506,Hakimi Achraf,40.0,Vítěz,25-WINNER_NWAY-a
2026-06-09T22:29:55,2591948507,Kane Harry,3.0,Vítěz,25-WINNER_NWAY-a
2026-06-09T22:29:55,2591948508,Vinicius Junior,50.0,Vítěz,25-WINNER_NWAY-a
2026-06-09T22:29:55,2591948509,Rice Declan,8.0,Vítěz,25-WINNER_NWAY-a
2026-06-09T22:29:55,2591948510,Kvaratskhelia Khvicha,10.0,Vítěz,25-WINNER_NWAY-a
2026-06-09T22:29:55,2591948511,Messi Lionel,60.0,Vítěz,25-WINNER_NWAY-a
2026-06-09T22:29:55,2591948512,Haaland Erling,30.0,Vítěz,25-WINNER_NWAY-a
2026-06-09T22:29:55,2591948513,Vitinha Ferreira Vitor,12.0,Vítěz,25-WINNER_NWAY-a
2026-06-09T22:29:55,2591948514,Martinez Lautaro,100.0,Vítěz,25-WINNER_NWAY-a
2026-06-09T22:29:55,2591948515,Olise Michael,11.0,Vítěz,25-WINNER_NWAY-a
2026-06-09T22:29:55,2591948516,Yamal Lamine,9.0,Vítěz,25-WINNER_NWAY-a
2026-06-09T22:29:55,2591948517,Dembele Ousmane,4.0,Vítěz,25-WINNER_NWAY-a
2026-06-09T22:29:55,2591948518,Mbappe Kylian,15.0,Vítěz,25-WINNER_NWAY-a
2026-06-09T22:29:55,2591948519,Ronaldo Cristiano,70.0,Vítěz,25-WINNER_NWAY-a
2026-06-09T22:29:55,2623169588,Doue Desire,20.0,Vítěz,25-WINNER_NWAY-a
2026-06-09T07:10:39,2591948506,Hakimi Achraf,40.0,Vítěz,25-WINNER_NWAY-a
2026-06-09T07:10:39,2591948507,Kane Harry,3.0,Vítěz,25-WINNER_NWAY-a
2026-06-09T07:10:39,2591948508,Vinicius Junior,50.0,Vítěz,25-WINNER_NWAY-a
2026-06-09T07:10:39,2591948509,Rice Declan,8.0,Vítěz,25-WINNER_NWAY-a
2026-06-09T07:10:39,2591948510,Kvaratskhelia Khvicha,10.0,Vítěz,25-WINNER_NWAY-a
2026-06-09T07:10:39,2591948511,Messi Lionel,60.0,Vítěz,25-WINNER_NWAY-a
2026-06-09T07:10:39,2591948512,Haaland Erling,30.0,Vítěz,25-WINNER_NWAY-a
2026-06-09T07:10:39,2591948513,Vitinha Ferreira Vitor,12.0,Vítěz,25-WINNER_NWAY-a
2026-06-09T07:10:39,2591948514,Martinez Lautaro,100.0,Vítěz,25-WINNER_NWAY-a
2026-06-09T07:10:39,2591948515,Olise Michael,11.0,Vítěz,25-WINNER_NWAY-a
2026-06-09T07:10:39,2591948516,Yamal Lamine,9.0,Vítěz,25-WINNER_NWAY-a
2026-06-09T07:10:39,2591948517,Dembele Ousmane,4.0,Vítěz,25-WINNER_NWAY-a
2026-06-09T07:10:39,2591948518,Mbappe Kylian,15.0,Vítěz,25-WINNER_NWAY-a
2026-06-09T07:10:39,2591948519,Ronaldo Cristiano,70.0,Vítěz,25-WINNER_NWAY-a
2026-06-09T07:10:39,2623169588,Doue Desire,20.0,Vítěz,25-WINNER_NWAY-a
2026-06-08T22:30:12,2591948506,Hakimi Achraf,40.0,Vítěz,25-WINNER_NWAY-a
2026-06-08T22:30:12,2591948507,Kane Harry,3.0,Vítěz,25-WINNER_NWAY-a
2026-06-08T22:30:12,2591948508,Vinicius Junior,50.0,Vítěz,25-WINNER_NWAY-a
2026-06-08T22:30:12,2591948509,Rice Declan,8.0,Vítěz,25-WINNER_NWAY-a
2026-06-08T22:30:12,2591948510,Kvaratskhelia Khvicha,10.0,Vítěz,25-WINNER_NWAY-a
2026-06-08T22:30:12,2591948511,Messi Lionel,60.0,Vítěz,25-WINNER_NWAY-a
2026-06-08T22:30:12,2591948512,Haaland Erling,30.0,Vítěz,25-WINNER_NWAY-a
2026-06-08T22:30:12,2591948513,Vitinha Ferreira Vitor,12.0,Vítěz,25-WINNER_NWAY-a
2026-06-08T22:30:12,2591948514,Martinez Lautaro,100.0,Vítěz,25-WINNER_NWAY-a
2026-06-08T22:30:12,2591948515,Olise Michael,11.0,Vítěz,25-WINNER_NWAY-a
2026-06-08T22:30:12,2591948516,Yamal Lamine,9.0,Vítěz,25-WINNER_NWAY-a
2026-06-08T22:30:12,2591948517,Dembele Ousmane,4.0,Vítěz,25-WINNER_NWAY-a
2026-06-08T22:30:12,2591948518,Mbappe Kylian,15.0,Vítěz,25-WINNER_NWAY-a
2026-06-08T22:30:12,2591948519,Ronaldo Cristiano,70.0,Vítěz,25-WINNER_NWAY-a
2026-06-08T22:30:12,2623169588,Doue Desire,20.0,Vítěz,25-WINNER_NWAY-a
2026-06-08T15:06:13,2591948506,Hakimi Achraf,40.0,Vítěz,25-WINNER_NWAY-a
2026-06-08T15:06:13,2591948507,Kane Harry,2.8,Vítěz,25-WINNER_NWAY-a
2026-06-08T15:06:13,2591948508,Vinicius Junior,50.0,Vítěz,25-WINNER_NWAY-a
2026-06-08T15:06:13,2591948509,Rice Declan,8.0,Vítěz,25-WINNER_NWAY-a
2026-06-08T15:06:13,2591948510,Kvaratskhelia Khvicha,10.0,Vítěz,25-WINNER_NWAY-a
2026-06-08T15:06:13,2591948511,Messi Lionel,60.0,Vítěz,25-WINNER_NWAY-a
2026-06-08T15:06:13,2591948512,Haaland Erling,30.0,Vítěz,25-WINNER_NWAY-a
2026-06-08T15:06:13,2591948513,Vitinha Ferreira Vitor,12.0,Vítěz,25-WINNER_NWAY-a
2026-06-08T15:06:13,2591948514,Martinez Lautaro,100.0,Vítěz,25-WINNER_NWAY-a
2026-06-08T15:06:13,2591948515,Olise Michael,11.0,Vítěz,25-WINNER_NWAY-a
2026-06-08T15:06:13,2591948516,Yamal Lamine,9.0,Vítěz,25-WINNER_NWAY-a
2026-06-08T15:06:13,2591948517,Dembele Ousmane,4.0,Vítěz,25-WINNER_NWAY-a
2026-06-08T15:06:13,2591948518,Mbappe Kylian,15.0,Vítěz,25-WINNER_NWAY-a
2026-06-08T15:06:13,2591948519,Ronaldo Cristiano,70.0,Vítěz,25-WINNER_NWAY-a
2026-06-08T15:06:13,2623169588,Doue Desire,20.0,Vítěz,25-WINNER_NWAY-a
2026-06-08T07:36:51,2591948506,Hakimi Achraf,40.0,Vítěz,25-WINNER_NWAY-a
2026-06-08T07:36:51,2591948507,Kane Harry,2.8,Vítěz,25-WINNER_NWAY-a
2026-06-08T07:36:51,2591948508,Vinicius Junior,50.0,Vítěz,25-WINNER_NWAY-a
2026-06-08T07:36:51,2591948509,Rice Declan,8.0,Vítěz,25-WINNER_NWAY-a
2026-06-08T07:36:51,2591948510,Kvaratskhelia Khvicha,10.0,Vítěz,25-WINNER_NWAY-a
2026-06-08T07:36:51,2591948511,Messi Lionel,60.0,Vítěz,25-WINNER_NWAY-a
2026-06-08T07:36:51,2591948512,Haaland Erling,30.0,Vítěz,25-WINNER_NWAY-a
2026-06-08T07:36:51,2591948513,Vitinha Ferreira Vitor,12.0,Vítěz,25-WINNER_NWAY-a
2026-06-08T07:36:51,2591948514,Martinez Lautaro,100.0,Vítěz,25-WINNER_NWAY-a
2026-06-08T07:36:51,2591948515,Olise Michael,11.0,Vítěz,25-WINNER_NWAY-a
2026-06-08T07:36:51,2591948516,Yamal Lamine,9.0,Vítěz,25-WINNER_NWAY-a
2026-06-08T07:36:51,2591948517,Dembele Ousmane,4.0,Vítěz,25-WINNER_NWAY-a
2026-06-08T07:36:51,2591948518,Mbappe Kylian,15.0,Vítěz,25-WINNER_NWAY-a
2026-06-08T07:36:51,2591948519,Ronaldo Cristiano,70.0,Vítěz,25-WINNER_NWAY-a
2026-06-08T07:36:51,2623169588,Doue Desire,20.0,Vítěz,25-WINNER_NWAY-a
2026-06-07T22:21:59,2591948506,Hakimi Achraf,40.0,Vítěz,25-WINNER_NWAY-a
2026-06-07T22:21:59,2591948507,Kane Harry,2.8,Vítěz,25-WINNER_NWAY-a
2026-06-07T22:21:59,2591948508,Vinicius Junior,50.0,Vítěz,25-WINNER_NWAY-a
2026-06-07T22:21:59,2591948509,Rice Declan,8.0,Vítěz,25-WINNER_NWAY-a
2026-06-07T22:21:59,2591948510,Kvaratskhelia Khvicha,10.0,Vítěz,25-WINNER_NWAY-a
2026-06-07T22:21:59,2591948511,Messi Lionel,60.0,Vítěz,25-WINNER_NWAY-a
2026-06-07T22:21:59,2591948512,Haaland Erling,30.0,Vítěz,25-WINNER_NWAY-a
2026-06-07T22:21:59,2591948513,Vitinha Ferreira Vitor,12.0,Vítěz,25-WINNER_NWAY-a
2026-06-07T22:21:59,2591948514,Martinez Lautaro,100.0,Vítěz,25-WINNER_NWAY-a
2026-06-07T22:21:59,2591948515,Olise Michael,11.0,Vítěz,25-WINNER_NWAY-a
2026-06-07T22:21:59,2591948516,Yamal Lamine,9.0,Vítěz,25-WINNER_NWAY-a
2026-06-07T22:21:59,2591948517,Dembele Ousmane,4.0,Vítěz,25-WINNER_NWAY-a
2026-06-07T22:21:59,2591948518,Mbappe Kylian,15.0,Vítěz,25-WINNER_NWAY-a
2026-06-07T22:21:59,2591948519,Ronaldo Cristiano,70.0,Vítěz,25-WINNER_NWAY-a
2026-06-07T22:21:59,2623169588,Doue Desire,20.0,Vítěz,25-WINNER_NWAY-a
2026-06-07T14:35:10,2591948506,Hakimi Achraf,40.0,Vítěz,25-WINNER_NWAY-a
2026-06-07T14:35:10,2591948507,Kane Harry,3.0,Vítěz,25-WINNER_NWAY-a
2026-06-07T14:35:10,2591948508,Vinicius Junior,50.0,Vítěz,25-WINNER_NWAY-a
2026-06-07T14:35:10,2591948509,Rice Declan,8.0,Vítěz,25-WINNER_NWAY-a
2026-06-07T14:35:10,2591948510,Kvaratskhelia Khvicha,10.0,Vítěz,25-WINNER_NWAY-a
2026-06-07T14:35:10,2591948511,Messi Lionel,60.0,Vítěz,25-WINNER_NWAY-a
2026-06-07T14:35:10,2591948512,Haaland Erling,30.0,Vítěz,25-WINNER_NWAY-a
2026-06-07T14:35:10,2591948513,Vitinha Ferreira Vitor,12.0,Vítěz,25-WINNER_NWAY-a
2026-06-07T14:35:10,2591948514,Martinez Lautaro,100.0,Vítěz,25-WINNER_NWAY-a
2026-06-07T14:35:10,2591948515,Olise Michael,11.0,Vítěz,25-WINNER_NWAY-a
2026-06-07T14:35:10,2591948516,Yamal Lamine,9.0,Vítěz,25-WINNER_NWAY-a
2026-06-07T14:35:10,2591948517,Dembele Ousmane,4.0,Vítěz,25-WINNER_NWAY-a
2026-06-07T14:35:10,2591948518,Mbappe Kylian,15.0,Vítěz,25-WINNER_NWAY-a
2026-06-07T14:35:10,2591948519,Ronaldo Cristiano,70.0,Vítěz,25-WINNER_NWAY-a
2026-06-07T14:35:10,2623169588,Doue Desire,20.0,Vítěz,25-WINNER_NWAY-a
2026-06-07T07:20:42,2591948506,Hakimi Achraf,40.0,Vítěz,25-WINNER_NWAY-a
2026-06-07T07:20:42,2591948507,Kane Harry,3.0,Vítěz,25-WINNER_NWAY-a
2026-06-07T07:20:42,2591948508,Vinicius Junior,50.0,Vítěz,25-WINNER_NWAY-a
2026-06-07T07:20:42,2591948509,Rice Declan,8.0,Vítěz,25-WINNER_NWAY-a
2026-06-07T07:20:42,2591948510,Kvaratskhelia Khvicha,10.0,Vítěz,25-WINNER_NWAY-a
2026-06-07T07:20:42,2591948511,Messi Lionel,60.0,Vítěz,25-WINNER_NWAY-a
2026-06-07T07:20:42,2591948512,Haaland Erling,30.0,Vítěz,25-WINNER_NWAY-a
2026-06-07T07:20:42,2591948513,Vitinha Ferreira Vitor,12.0,Vítěz,25-WINNER_NWAY-a
2026-06-07T07:20:42,2591948514,Martinez Lautaro,100.0,Vítěz,25-WINNER_NWAY-a
2026-06-07T07:20:42,2591948515,Olise Michael,11.0,Vítěz,25-WINNER_NWAY-a
2026-06-07T07:20:42,2591948516,Yamal Lamine,9.0,Vítěz,25-WINNER_NWAY-a
2026-06-07T07:20:42,2591948517,Dembele Ousmane,4.0,Vítěz,25-WINNER_NWAY-a
2026-06-07T07:20:42,2591948518,Mbappe Kylian,15.0,Vítěz,25-WINNER_NWAY-a
2026-06-07T07:20:42,2591948519,Ronaldo Cristiano,70.0,Vítěz,25-WINNER_NWAY-a
2026-06-07T07:20:42,2623169588,Doue Desire,20.0,Vítěz,25-WINNER_NWAY-a
2026-06-06T22:21:41,2591948506,Hakimi Achraf,40.0,Vítěz,25-WINNER_NWAY-a
2026-06-06T22:21:41,2591948507,Kane Harry,3.0,Vítěz,25-WINNER_NWAY-a
2026-06-06T22:21:41,2591948508,Vinicius Junior,50.0,Vítěz,25-WINNER_NWAY-a
2026-06-06T22:21:41,2591948509,Rice Declan,8.0,Vítěz,25-WINNER_NWAY-a
2026-06-06T22:21:41,2591948510,Kvaratskhelia Khvicha,10.0,Vítěz,25-WINNER_NWAY-a
2026-06-06T22:21:41,2591948511,Messi Lionel,60.0,Vítěz,25-WINNER_NWAY-a
2026-06-06T22:21:41,2591948512,Haaland Erling,30.0,Vítěz,25-WINNER_NWAY-a
2026-06-06T22:21:41,2591948513,Vitinha Ferreira Vitor,12.0,Vítěz,25-WINNER_NWAY-a
2026-06-06T22:21:41,2591948514,Martinez Lautaro,100.0,Vítěz,25-WINNER_NWAY-a
2026-06-06T22:21:41,2591948515,Olise Michael,11.0,Vítěz,25-WINNER_NWAY-a
2026-06-06T22:21:41,2591948516,Yamal Lamine,9.0,Vítěz,25-WINNER_NWAY-a
2026-06-06T22:21:41,2591948517,Dembele Ousmane,4.0,Vítěz,25-WINNER_NWAY-a
2026-06-06T22:21:41,2591948518,Mbappe Kylian,15.0,Vítěz,25-WINNER_NWAY-a
2026-06-06T22:21:41,2591948519,Ronaldo Cristiano,70.0,Vítěz,25-WINNER_NWAY-a
2026-06-06T22:21:41,2623169588,Doue Desire,20.0,Vítěz,25-WINNER_NWAY-a
2026-06-06T14:31:06,2591948506,Hakimi Achraf,40.0,Vítěz,25-WINNER_NWAY-a
2026-06-06T14:31:06,2591948507,Kane Harry,3.0,Vítěz,25-WINNER_NWAY-a
2026-06-06T14:31:06,2591948508,Vinicius Junior,50.0,Vítěz,25-WINNER_NWAY-a
2026-06-06T14:31:06,2591948509,Rice Declan,8.0,Vítěz,25-WINNER_NWAY-a
2026-06-06T14:31:06,2591948510,Kvaratskhelia Khvicha,10.0,Vítěz,25-WINNER_NWAY-a
2026-06-06T14:31:06,2591948511,Messi Lionel,60.0,Vítěz,25-WINNER_NWAY-a
2026-06-06T14:31:06,2591948512,Haaland Erling,30.0,Vítěz,25-WINNER_NWAY-a
2026-06-06T14:31:06,2591948513,Vitinha Ferreira Vitor,12.0,Vítěz,25-WINNER_NWAY-a
2026-06-06T14:31:06,2591948514,Martinez Lautaro,100.0,Vítěz,25-WINNER_NWAY-a
2026-06-06T14:31:06,2591948515,Olise Michael,11.0,Vítěz,25-WINNER_NWAY-a
2026-06-06T14:31:06,2591948516,Yamal Lamine,9.0,Vítěz,25-WINNER_NWAY-a
2026-06-06T14:31:06,2591948517,Dembele Ousmane,4.0,Vítěz,25-WINNER_NWAY-a
2026-06-06T14:31:06,2591948518,Mbappe Kylian,15.0,Vítěz,25-WINNER_NWAY-a
2026-06-06T14:31:06,2591948519,Ronaldo Cristiano,70.0,Vítěz,25-WINNER_NWAY-a
2026-06-06T14:31:06,2623169588,Doue Desire,20.0,Vítěz,25-WINNER_NWAY-a
2026-06-06T07:01:27,2591948506,Hakimi Achraf,40.0,Vítěz,25-WINNER_NWAY-a
2026-06-06T07:01:27,2591948507,Kane Harry,3.0,Vítěz,25-WINNER_NWAY-a
2026-06-06T07:01:27,2591948508,Vinicius Junior,50.0,Vítěz,25-WINNER_NWAY-a
2026-06-06T07:01:27,2591948509,Rice Declan,8.0,Vítěz,25-WINNER_NWAY-a
2026-06-06T07:01:27,2591948510,Kvaratskhelia Khvicha,10.0,Vítěz,25-WINNER_NWAY-a
2026-06-06T07:01:27,2591948511,Messi Lionel,60.0,Vítěz,25-WINNER_NWAY-a
2026-06-06T07:01:27,2591948512,Haaland Erling,30.0,Vítěz,25-WINNER_NWAY-a
2026-06-06T07:01:27,2591948513,Vitinha Ferreira Vitor,12.0,Vítěz,25-WINNER_NWAY-a
2026-06-06T07:01:27,2591948514,Martinez Lautaro,100.0,Vítěz,25-WINNER_NWAY-a
2026-06-06T07:01:27,2591948515,Olise Michael,11.0,Vítěz,25-WINNER_NWAY-a
2026-06-06T07:01:27,2591948516,Yamal Lamine,9.0,Vítěz,25-WINNER_NWAY-a
2026-06-06T07:01:27,2591948517,Dembele Ousmane,4.0,Vítěz,25-WINNER_NWAY-a
2026-06-06T07:01:27,2591948518,Mbappe Kylian,15.0,Vítěz,25-WINNER_NWAY-a
2026-06-06T07:01:27,2591948519,Ronaldo Cristiano,70.0,Vítěz,25-WINNER_NWAY-a
2026-06-06T07:01:27,2623169588,Doue Desire,20.0,Vítěz,25-WINNER_NWAY-a
2026-06-05T22:25:19,2591948506,Hakimi Achraf,40.0,Vítěz,25-WINNER_NWAY-a
2026-06-05T22:25:19,2591948507,Kane Harry,3.0,Vítěz,25-WINNER_NWAY-a
2026-06-05T22:25:19,2591948508,Vinicius Junior,50.0,Vítěz,25-WINNER_NWAY-a
2026-06-05T22:25:19,2591948509,Rice Declan,8.0,Vítěz,25-WINNER_NWAY-a
2026-06-05T22:25:19,2591948510,Kvaratskhelia Khvicha,10.0,Vítěz,25-WINNER_NWAY-a
2026-06-05T22:25:19,2591948511,Messi Lionel,60.0,Vítěz,25-WINNER_NWAY-a
2026-06-05T22:25:19,2591948512,Haaland Erling,30.0,Vítěz,25-WINNER_NWAY-a
2026-06-05T22:25:19,2591948513,Vitinha Ferreira Vitor,12.0,Vítěz,25-WINNER_NWAY-a
2026-06-05T22:25:19,2591948514,Martinez Lautaro,100.0,Vítěz,25-WINNER_NWAY-a
2026-06-05T22:25:19,2591948515,Olise Michael,11.0,Vítěz,25-WINNER_NWAY-a
2026-06-05T22:25:19,2591948516,Yamal Lamine,9.0,Vítěz,25-WINNER_NWAY-a
2026-06-05T22:25:19,2591948517,Dembele Ousmane,4.0,Vítěz,25-WINNER_NWAY-a
2026-06-05T22:25:19,2591948518,Mbappe Kylian,15.0,Vítěz,25-WINNER_NWAY-a
2026-06-05T22:25:19,2591948519,Ronaldo Cristiano,70.0,Vítěz,25-WINNER_NWAY-a
2026-06-05T22:25:19,2623169588,Doue Desire,20.0,Vítěz,25-WINNER_NWAY-a
2026-06-05T14:59:49,2591948506,Hakimi Achraf,40.0,Vítěz,25-WINNER_NWAY-a
2026-06-05T14:59:49,2591948507,Kane Harry,3.0,Vítěz,25-WINNER_NWAY-a
2026-06-05T14:59:49,2591948508,Vinicius Junior,50.0,Vítěz,25-WINNER_NWAY-a
2026-06-05T14:59:49,2591948509,Rice Declan,8.0,Vítěz,25-WINNER_NWAY-a
2026-06-05T14:59:49,2591948510,Kvaratskhelia Khvicha,10.0,Vítěz,25-WINNER_NWAY-a
2026-06-05T14:59:49,2591948511,Messi Lionel,60.0,Vítěz,25-WINNER_NWAY-a
2026-06-05T14:59:49,2591948512,Haaland Erling,30.0,Vítěz,25-WINNER_NWAY-a
2026-06-05T14:59:49,2591948513,Vitinha Ferreira Vitor,12.0,Vítěz,25-WINNER_NWAY-a
2026-06-05T14:59:49,2591948514,Martinez Lautaro,100.0,Vítěz,25-WINNER_NWAY-a
2026-06-05T14:59:49,2591948515,Olise Michael,11.0,Vítěz,25-WINNER_NWAY-a
2026-06-05T14:59:49,2591948516,Yamal Lamine,9.0,Vítěz,25-WINNER_NWAY-a
2026-06-05T14:59:49,2591948517,Dembele Ousmane,4.0,Vítěz,25-WINNER_NWAY-a
2026-06-05T14:59:49,2591948518,Mbappe Kylian,15.0,Vítěz,25-WINNER_NWAY-a
2026-06-05T14:59:49,2591948519,Ronaldo Cristiano,70.0,Vítěz,25-WINNER_NWAY-a
2026-06-05T14:59:49,2623169588,Doue Desire,20.0,Vítěz,25-WINNER_NWAY-a
2026-06-05T07:25:28,2591948506,Hakimi Achraf,40.0,Vítěz,25-WINNER_NWAY-a
2026-06-05T07:25:28,2591948507,Kane Harry,3.0,Vítěz,25-WINNER_NWAY-a
2026-06-05T07:25:28,2591948508,Vinicius Junior,50.0,Vítěz,25-WINNER_NWAY-a
2026-06-05T07:25:28,2591948509,Rice Declan,8.0,Vítěz,25-WINNER_NWAY-a
2026-06-05T07:25:28,2591948510,Kvaratskhelia Khvicha,10.0,Vítěz,25-WINNER_NWAY-a
2026-06-05T07:25:28,2591948511,Messi Lionel,60.0,Vítěz,25-WINNER_NWAY-a
2026-06-05T07:25:28,2591948512,Haaland Erling,30.0,Vítěz,25-WINNER_NWAY-a
2026-06-05T07:25:28,2591948513,Vitinha Ferreira Vitor,12.0,Vítěz,25-WINNER_NWAY-a
2026-06-05T07:25:28,2591948514,Martinez Lautaro,100.0,Vítěz,25-WINNER_NWAY-a
2026-06-05T07:25:28,2591948515,Olise Michael,11.0,Vítěz,25-WINNER_NWAY-a
2026-06-05T07:25:28,2591948516,Yamal Lamine,9.0,Vítěz,25-WINNER_NWAY-a
2026-06-05T07:25:28,2591948517,Dembele Ousmane,4.0,Vítěz,25-WINNER_NWAY-a
2026-06-05T07:25:28,2591948518,Mbappe Kylian,15.0,Vítěz,25-WINNER_NWAY-a
2026-06-05T07:25:28,2591948519,Ronaldo Cristiano,70.0,Vítěz,25-WINNER_NWAY-a
2026-06-05T07:25:28,2623169588,Doue Desire,20.0,Vítěz,25-WINNER_NWAY-a
2026-06-04T22:29:22,2591948506,Hakimi Achraf,40.0,Vítěz,25-WINNER_NWAY-a
2026-06-04T22:29:22,2591948507,Kane Harry,3.0,Vítěz,25-WINNER_NWAY-a
2026-06-04T22:29:22,2591948508,Vinicius Junior,50.0,Vítěz,25-WINNER_NWAY-a
2026-06-04T22:29:22,2591948509,Rice Declan,8.0,Vítěz,25-WINNER_NWAY-a
2026-06-04T22:29:22,2591948510,Kvaratskhelia Khvicha,10.0,Vítěz,25-WINNER_NWAY-a
2026-06-04T22:29:22,2591948511,Messi Lionel,60.0,Vítěz,25-WINNER_NWAY-a
2026-06-04T22:29:22,2591948512,Haaland Erling,30.0,Vítěz,25-WINNER_NWAY-a
2026-06-04T22:29:22,2591948513,Vitinha Ferreira Vitor,12.0,Vítěz,25-WINNER_NWAY-a
2026-06-04T22:29:22,2591948514,Martinez Lautaro,100.0,Vítěz,25-WINNER_NWAY-a
2026-06-04T22:29:22,2591948515,Olise Michael,11.0,Vítěz,25-WINNER_NWAY-a
2026-06-04T22:29:22,2591948516,Yamal Lamine,9.0,Vítěz,25-WINNER_NWAY-a
2026-06-04T22:29:22,2591948517,Dembele Ousmane,4.0,Vítěz,25-WINNER_NWAY-a
2026-06-04T22:29:22,2591948518,Mbappe Kylian,15.0,Vítěz,25-WINNER_NWAY-a
2026-06-04T22:29:22,2591948519,Ronaldo Cristiano,70.0,Vítěz,25-WINNER_NWAY-a
2026-06-04T22:29:22,2623169588,Doue Desire,20.0,Vítěz,25-WINNER_NWAY-a
2026-06-04T15:00:37,2591948506,Hakimi Achraf,40.0,Vítěz,25-WINNER_NWAY-a
2026-06-04T15:00:37,2591948507,Kane Harry,3.0,Vítěz,25-WINNER_NWAY-a
2026-06-04T15:00:37,2591948508,Vinicius Junior,50.0,Vítěz,25-WINNER_NWAY-a
2026-06-04T15:00:37,2591948509,Rice Declan,8.0,Vítěz,25-WINNER_NWAY-a
2026-06-04T15:00:37,2591948510,Kvaratskhelia Khvicha,10.0,Vítěz,25-WINNER_NWAY-a
2026-06-04T15:00:37,2591948511,Messi Lionel,60.0,Vítěz,25-WINNER_NWAY-a
2026-06-04T15:00:37,2591948512,Haaland Erling,30.0,Vítěz,25-WINNER_NWAY-a
2026-06-04T15:00:37,2591948513,Vitinha Ferreira Vitor,12.0,Vítěz,25-WINNER_NWAY-a
2026-06-04T15:00:37,2591948514,Martinez Lautaro,100.0,Vítěz,25-WINNER_NWAY-a
2026-06-04T15:00:37,2591948515,Olise Michael,11.0,Vítěz,25-WINNER_NWAY-a
2026-06-04T15:00:37,2591948516,Yamal Lamine,9.0,Vítěz,25-WINNER_NWAY-a
2026-06-04T15:00:37,2591948517,Dembele Ousmane,4.0,Vítěz,25-WINNER_NWAY-a
2026-06-04T15:00:37,2591948518,Mbappe Kylian,15.0,Vítěz,25-WINNER_NWAY-a
2026-06-04T15:00:37,2591948519,Ronaldo Cristiano,70.0,Vítěz,25-WINNER_NWAY-a
2026-06-04T15:00:37,2623169588,Doue Desire,20.0,Vítěz,25-WINNER_NWAY-a
2026-06-04T07:34:05,2591948506,Hakimi Achraf,40.0,Vítěz,25-WINNER_NWAY-a
2026-06-04T07:34:05,2591948507,Kane Harry,3.0,Vítěz,25-WINNER_NWAY-a
2026-06-04T07:34:05,2591948508,Vinicius Junior,50.0,Vítěz,25-WINNER_NWAY-a
2026-06-04T07:34:05,2591948509,Rice Declan,8.0,Vítěz,25-WINNER_NWAY-a
2026-06-04T07:34:05,2591948510,Kvaratskhelia Khvicha,10.0,Vítěz,25-WINNER_NWAY-a
2026-06-04T07:34:05,2591948511,Messi Lionel,60.0,Vítěz,25-WINNER_NWAY-a
2026-06-04T07:34:05,2591948512,Haaland Erling,30.0,Vítěz,25-WINNER_NWAY-a
2026-06-04T07:34:05,2591948513,Vitinha Ferreira Vitor,12.0,Vítěz,25-WINNER_NWAY-a
2026-06-04T07:34:05,2591948514,Martinez Lautaro,100.0,Vítěz,25-WINNER_NWAY-a
2026-06-04T07:34:05,2591948515,Olise Michael,11.0,Vítěz,25-WINNER_NWAY-a
2026-06-04T07:34:05,2591948516,Yamal Lamine,9.0,Vítěz,25-WINNER_NWAY-a
2026-06-04T07:34:05,2591948517,Dembele Ousmane,4.0,Vítěz,25-WINNER_NWAY-a
2026-06-04T07:34:05,2591948518,Mbappe Kylian,15.0,Vítěz,25-WINNER_NWAY-a
2026-06-04T07:34:05,2591948519,Ronaldo Cristiano,70.0,Vítěz,25-WINNER_NWAY-a
2026-06-04T07:34:05,2623169588,Doue Desire,20.0,Vítěz,25-WINNER_NWAY-a
2026-06-03T22:41:42,2591948506,Hakimi Achraf,40.0,Vítěz,25-WINNER_NWAY-a
2026-06-03T22:41:42,2591948507,Kane Harry,3.0,Vítěz,25-WINNER_NWAY-a
2026-06-03T22:41:42,2591948508,Vinicius Junior,50.0,Vítěz,25-WINNER_NWAY-a
2026-06-03T22:41:42,2591948509,Rice Declan,8.0,Vítěz,25-WINNER_NWAY-a
2026-06-03T22:41:42,2591948510,Kvaratskhelia Khvicha,10.0,Vítěz,25-WINNER_NWAY-a
2026-06-03T22:41:42,2591948511,Messi Lionel,60.0,Vítěz,25-WINNER_NWAY-a
2026-06-03T22:41:42,2591948512,Haaland Erling,30.0,Vítěz,25-WINNER_NWAY-a
2026-06-03T22:41:42,2591948513,Vitinha Ferreira Vitor,12.0,Vítěz,25-WINNER_NWAY-a
2026-06-03T22:41:42,2591948514,Martinez Lautaro,100.0,Vítěz,25-WINNER_NWAY-a
2026-06-03T22:41:42,2591948515,Olise Michael,11.0,Vítěz,25-WINNER_NWAY-a
2026-06-03T22:41:42,2591948516,Yamal Lamine,9.0,Vítěz,25-WINNER_NWAY-a
2026-06-03T22:41:42,2591948517,Dembele Ousmane,4.0,Vítěz,25-WINNER_NWAY-a
2026-06-03T22:41:42,2591948518,Mbappe Kylian,15.0,Vítěz,25-WINNER_NWAY-a
2026-06-03T22:41:42,2591948519,Ronaldo Cristiano,70.0,Vítěz,25-WINNER_NWAY-a
2026-06-03T22:41:42,2623169588,Doue Desire,20.0,Vítěz,25-WINNER_NWAY-a
2026-06-03T15:32:12,2591948506,Hakimi Achraf,40.0,Vítěz,25-WINNER_NWAY-a
2026-06-03T15:32:12,2591948507,Kane Harry,3.0,Vítěz,25-WINNER_NWAY-a
2026-06-03T15:32:12,2591948508,Vinicius Junior,50.0,Vítěz,25-WINNER_NWAY-a
2026-06-03T15:32:12,2591948509,Rice Declan,8.0,Vítěz,25-WINNER_NWAY-a
2026-06-03T15:32:12,2591948510,Kvaratskhelia Khvicha,10.0,Vítěz,25-WINNER_NWAY-a
2026-06-03T15:32:12,2591948511,Messi Lionel,60.0,Vítěz,25-WINNER_NWAY-a
2026-06-03T15:32:12,2591948512,Haaland Erling,30.0,Vítěz,25-WINNER_NWAY-a
2026-06-03T15:32:12,2591948513,Vitinha Ferreira Vitor,12.0,Vítěz,25-WINNER_NWAY-a
2026-06-03T15:32:12,2591948514,Martinez Lautaro,100.0,Vítěz,25-WINNER_NWAY-a
2026-06-03T15:32:12,2591948515,Olise Michael,11.0,Vítěz,25-WINNER_NWAY-a
2026-06-03T15:32:12,2591948516,Yamal Lamine,9.0,Vítěz,25-WINNER_NWAY-a
2026-06-03T15:32:12,2591948517,Dembele Ousmane,4.0,Vítěz,25-WINNER_NWAY-a
2026-06-03T15:32:12,2591948518,Mbappe Kylian,15.0,Vítěz,25-WINNER_NWAY-a
2026-06-03T15:32:12,2591948519,Ronaldo Cristiano,70.0,Vítěz,25-WINNER_NWAY-a
2026-06-03T15:32:12,2623169588,Doue Desire,20.0,Vítěz,25-WINNER_NWAY-a
2026-06-03T07:37:20,2591948506,Hakimi Achraf,40.0,Vítěz,25-WINNER_NWAY-a
2026-06-03T07:37:20,2591948507,Kane Harry,3.3,Vítěz,25-WINNER_NWAY-a
2026-06-03T07:37:20,2591948508,Vinícius Júnior,50.0,Vítěz,25-WINNER_NWAY-a
2026-06-03T07:37:20,2591948509,Rice Declan,7.0,Vítěz,25-WINNER_NWAY-a
2026-06-03T07:37:20,2591948510,Kvaratskhelia Khvicha,9.0,Vítěz,25-WINNER_NWAY-a
2026-06-03T07:37:20,2591948511,Messi Lionel,60.0,Vítěz,25-WINNER_NWAY-a
2026-06-03T07:37:20,2591948512,Haaland Erling,30.0,Vítěz,25-WINNER_NWAY-a
2026-06-03T07:37:20,2591948513,Vitinha Ferreira Vitor,12.0,Vítěz,25-WINNER_NWAY-a
2026-06-03T07:37:20,2591948514,Martínez Lautaro,100.0,Vítěz,25-WINNER_NWAY-a
2026-06-03T07:37:20,2591948515,Olise Michael,10.0,Vítěz,25-WINNER_NWAY-a
2026-06-03T07:37:20,2591948516,Yamal Lamine,8.0,Vítěz,25-WINNER_NWAY-a
2026-06-03T07:37:20,2591948517,Dembele Ousmane,4.0,Vítěz,25-WINNER_NWAY-a
2026-06-03T07:37:20,2591948518,Mbappé Kylian,15.0,Vítěz,25-WINNER_NWAY-a
2026-06-03T07:37:20,2591948519,Ronaldo Cristiano,70.0,Vítěz,25-WINNER_NWAY-a
2026-06-03T07:37:20,2623169588,Doue Desire,20.0,Vítěz,25-WINNER_NWAY-a
2026-06-02T22:39:23,2591948506,Hakimi Achraf,40.0,Vítěz,25-WINNER_NWAY-a
2026-06-02T22:39:23,2591948507,Kane Harry,3.3,Vítěz,25-WINNER_NWAY-a
2026-06-02T22:39:23,2591948508,Vinícius Júnior,50.0,Vítěz,25-WINNER_NWAY-a
2026-06-02T22:39:23,2591948509,Rice Declan,7.0,Vítěz,25-WINNER_NWAY-a
2026-06-02T22:39:23,2591948510,Kvaratskhelia Khvicha,9.0,Vítěz,25-WINNER_NWAY-a
2026-06-02T22:39:23,2591948511,Messi Lionel,60.0,Vítěz,25-WINNER_NWAY-a
2026-06-02T22:39:23,2591948512,Haaland Erling,30.0,Vítěz,25-WINNER_NWAY-a
2026-06-02T22:39:23,2591948513,Vitinha Ferreira Vitor,12.0,Vítěz,25-WINNER_NWAY-a
2026-06-02T22:39:23,2591948514,Martínez Lautaro,100.0,Vítěz,25-WINNER_NWAY-a
2026-06-02T22:39:23,2591948515,Olise Michael,10.0,Vítěz,25-WINNER_NWAY-a
2026-06-02T22:39:23,2591948516,Yamal Lamine,8.0,Vítěz,25-WINNER_NWAY-a
2026-06-02T22:39:23,2591948517,Dembele Ousmane,4.0,Vítěz,25-WINNER_NWAY-a
2026-06-02T22:39:23,2591948518,Mbappé Kylian,15.0,Vítěz,25-WINNER_NWAY-a
2026-06-02T22:39:23,2591948519,Ronaldo Cristiano,70.0,Vítěz,25-WINNER_NWAY-a
2026-06-02T22:39:23,2623169588,Doue Desire,20.0,Vítěz,25-WINNER_NWAY-a
2026-06-02T15:20:54,2591948506,Hakimi Achraf,40.0,Vítěz,25-WINNER_NWAY-a
2026-06-02T15:20:54,2591948507,Kane Harry,3.3,Vítěz,25-WINNER_NWAY-a
2026-06-02T15:20:54,2591948508,Vinícius Júnior,50.0,Vítěz,25-WINNER_NWAY-a
2026-06-02T15:20:54,2591948509,Rice Declan,7.0,Vítěz,25-WINNER_NWAY-a
2026-06-02T15:20:54,2591948510,Kvaratskhelia Khvicha,9.0,Vítěz,25-WINNER_NWAY-a
2026-06-02T15:20:54,2591948511,Messi Lionel,60.0,Vítěz,25-WINNER_NWAY-a
2026-06-02T15:20:54,2591948512,Haaland Erling,30.0,Vítěz,25-WINNER_NWAY-a
2026-06-02T15:20:54,2591948513,Vitinha Ferreira Vitor,12.0,Vítěz,25-WINNER_NWAY-a
2026-06-02T15:20:54,2591948514,Martínez Lautaro,100.0,Vítěz,25-WINNER_NWAY-a
2026-06-02T15:20:54,2591948515,Olise Michael,10.0,Vítěz,25-WINNER_NWAY-a
2026-06-02T15:20:54,2591948516,Yamal Lamine,8.0,Vítěz,25-WINNER_NWAY-a
2026-06-02T15:20:54,2591948517,Dembele Ousmane,4.0,Vítěz,25-WINNER_NWAY-a
2026-06-02T15:20:54,2591948518,Mbappé Kylian,15.0,Vítěz,25-WINNER_NWAY-a
2026-06-02T15:20:54,2591948519,Ronaldo Cristiano,70.0,Vítěz,25-WINNER_NWAY-a
2026-06-02T15:20:54,2623169588,Doue Desire,20.0,Vítěz,25-WINNER_NWAY-a
2026-06-02T07:34:12,2591948506,Hakimi Achraf,40.0,Vítěz,25-WINNER_NWAY-a
2026-06-02T07:34:12,2591948507,Kane Harry,3.3,Vítěz,25-WINNER_NWAY-a
2026-06-02T07:34:12,2591948508,Vinícius Júnior,50.0,Vítěz,25-WINNER_NWAY-a
2026-06-02T07:34:12,2591948509,Rice Declan,7.0,Vítěz,25-WINNER_NWAY-a
2026-06-02T07:34:12,2591948510,Kvaratskhelia Khvicha,9.0,Vítěz,25-WINNER_NWAY-a
2026-06-02T07:34:12,2591948511,Messi Lionel,60.0,Vítěz,25-WINNER_NWAY-a
2026-06-02T07:34:12,2591948512,Haaland Erling,30.0,Vítěz,25-WINNER_NWAY-a
2026-06-02T07:34:12,2591948513,Vitinha Ferreira Vitor,12.0,Vítěz,25-WINNER_NWAY-a
2026-06-02T07:34:12,2591948514,Martínez Lautaro,100.0,Vítěz,25-WINNER_NWAY-a
2026-06-02T07:34:12,2591948515,Olise Michael,10.0,Vítěz,25-WINNER_NWAY-a
2026-06-02T07:34:12,2591948516,Yamal Lamine,8.0,Vítěz,25-WINNER_NWAY-a
2026-06-02T07:34:12,2591948517,Dembele Ousmane,4.0,Vítěz,25-WINNER_NWAY-a
2026-06-02T07:34:12,2591948518,Mbappé Kylian,15.0,Vítěz,25-WINNER_NWAY-a
2026-06-02T07:34:12,2591948519,Ronaldo Cristiano,70.0,Vítěz,25-WINNER_NWAY-a
2026-06-02T07:34:12,2623169588,Doue Desire,20.0,Vítěz,25-WINNER_NWAY-a
2026-06-01T22:42:55,2591948506,Hakimi Achraf,40.0,Vítěz,25-WINNER_NWAY-a
2026-06-01T22:42:55,2591948507,Kane Harry,3.3,Vítěz,25-WINNER_NWAY-a
2026-06-01T22:42:55,2591948508,Vinícius Júnior,50.0,Vítěz,25-WINNER_NWAY-a
2026-06-01T22:42:55,2591948509,Rice Declan,7.0,Vítěz,25-WINNER_NWAY-a
2026-06-01T22:42:55,2591948510,Kvaratskhelia Khvicha,9.0,Vítěz,25-WINNER_NWAY-a
2026-06-01T22:42:55,2591948511,Messi Lionel,60.0,Vítěz,25-WINNER_NWAY-a
2026-06-01T22:42:55,2591948512,Haaland Erling,30.0,Vítěz,25-WINNER_NWAY-a
2026-06-01T22:42:55,2591948513,Vitinha Ferreira Vitor,12.0,Vítěz,25-WINNER_NWAY-a
2026-06-01T22:42:55,2591948514,Martínez Lautaro,100.0,Vítěz,25-WINNER_NWAY-a
2026-06-01T22:42:55,2591948515,Olise Michael,10.0,Vítěz,25-WINNER_NWAY-a
2026-06-01T22:42:55,2591948516,Yamal Lamine,8.0,Vítěz,25-WINNER_NWAY-a
2026-06-01T22:42:55,2591948517,Dembele Ousmane,4.0,Vítěz,25-WINNER_NWAY-a
2026-06-01T22:42:55,2591948518,Mbappé Kylian,15.0,Vítěz,25-WINNER_NWAY-a
2026-06-01T22:42:55,2591948519,Ronaldo Cristiano,70.0,Vítěz,25-WINNER_NWAY-a
2026-06-01T22:42:55,2623169588,Doue Desire,20.0,Vítěz,25-WINNER_NWAY-a
2026-06-01T16:01:17,2591948506,Hakimi Achraf,40.0,Vítěz,25-WINNER_NWAY-a
2026-06-01T16:01:17,2591948507,Kane Harry,3.3,Vítěz,25-WINNER_NWAY-a
2026-06-01T16:01:17,2591948508,Vinícius Júnior,50.0,Vítěz,25-WINNER_NWAY-a
2026-06-01T16:01:17,2591948509,Rice Declan,7.0,Vítěz,25-WINNER_NWAY-a
2026-06-01T16:01:17,2591948510,Kvaratskhelia Khvicha,9.0,Vítěz,25-WINNER_NWAY-a
2026-06-01T16:01:17,2591948511,Messi Lionel,60.0,Vítěz,25-WINNER_NWAY-a
2026-06-01T16:01:17,2591948512,Haaland Erling,30.0,Vítěz,25-WINNER_NWAY-a
2026-06-01T16:01:17,2591948513,Vitinha Ferreira Vitor,12.0,Vítěz,25-WINNER_NWAY-a
2026-06-01T16:01:17,2591948514,Martínez Lautaro,100.0,Vítěz,25-WINNER_NWAY-a
2026-06-01T16:01:17,2591948515,Olise Michael,10.0,Vítěz,25-WINNER_NWAY-a
2026-06-01T16:01:17,2591948516,Yamal Lamine,8.0,Vítěz,25-WINNER_NWAY-a
2026-06-01T16:01:17,2591948517,Dembele Ousmane,4.0,Vítěz,25-WINNER_NWAY-a
2026-06-01T16:01:17,2591948518,Mbappé Kylian,15.0,Vítěz,25-WINNER_NWAY-a
2026-06-01T16:01:17,2591948519,Ronaldo Cristiano,70.0,Vítěz,25-WINNER_NWAY-a
2026-06-01T16:01:17,2623169588,Doue Desire,20.0,Vítěz,25-WINNER_NWAY-a
2026-05-30T14:30:39,2591948506,Hakimi Achraf,50.0,Vítěz,25-WINNER_NWAY-a
2026-05-30T14:30:39,2591948507,Kane Harry,3.3,Vítěz,25-WINNER_NWAY-a
2026-05-30T14:30:39,2591948508,Vinícius Júnior,30.0,Vítěz,25-WINNER_NWAY-a
2026-05-30T14:30:39,2591948509,Rice Declan,10.0,Vítěz,25-WINNER_NWAY-a
2026-05-30T14:30:39,2591948510,Kvaratskhelia Khvicha,17.0,Vítěz,25-WINNER_NWAY-a
2026-05-30T14:30:39,2591948511,Messi Lionel,60.0,Vítěz,25-WINNER_NWAY-a
2026-05-30T14:30:39,2591948512,Haaland Erling,30.0,Vítěz,25-WINNER_NWAY-a
2026-05-30T14:30:39,2591948513,Vitinha Ferreira Vitor,20.0,Vítěz,25-WINNER_NWAY-a
2026-05-30T14:30:39,2591948514,Martínez Lautaro,100.0,Vítěz,25-WINNER_NWAY-a
2026-05-30T14:30:39,2591948515,Olise Michael,15.0,Vítěz,25-WINNER_NWAY-a
2026-05-30T14:30:39,2591948516,Yamal Lamine,8.0,Vítěz,25-WINNER_NWAY-a
2026-05-30T14:30:39,2591948517,Dembele Ousmane,4.0,Vítěz,25-WINNER_NWAY-a
2026-05-30T14:30:39,2591948518,Mbappé Kylian,13.0,Vítěz,25-WINNER_NWAY-a
2026-05-30T14:30:39,2591948519,Ronaldo Cristiano,70.0,Vítěz,25-WINNER_NWAY-a
2026-05-30T06:57:39,2591948506,Hakimi Achraf,50.0,Vítěz,25-WINNER_NWAY-a
2026-05-30T06:57:39,2591948507,Kane Harry,3.3,Vítěz,25-WINNER_NWAY-a
2026-05-30T06:57:39,2591948508,Vinícius Júnior,30.0,Vítěz,25-WINNER_NWAY-a
2026-05-30T06:57:39,2591948509,Rice Declan,10.0,Vítěz,25-WINNER_NWAY-a
2026-05-30T06:57:39,2591948510,Kvaratskhelia Khvicha,17.0,Vítěz,25-WINNER_NWAY-a
2026-05-30T06:57:39,2591948511,Messi Lionel,60.0,Vítěz,25-WINNER_NWAY-a
2026-05-30T06:57:39,2591948512,Haaland Erling,30.0,Vítěz,25-WINNER_NWAY-a
2026-05-30T06:57:39,2591948513,Vitinha Ferreira Vitor,20.0,Vítěz,25-WINNER_NWAY-a
2026-05-30T06:57:39,2591948514,Martínez Lautaro,100.0,Vítěz,25-WINNER_NWAY-a
2026-05-30T06:57:39,2591948515,Olise Michael,15.0,Vítěz,25-WINNER_NWAY-a
2026-05-30T06:57:39,2591948516,Yamal Lamine,8.0,Vítěz,25-WINNER_NWAY-a
2026-05-30T06:57:39,2591948517,Dembele Ousmane,4.0,Vítěz,25-WINNER_NWAY-a
2026-05-30T06:57:39,2591948518,Mbappé Kylian,13.0,Vítěz,25-WINNER_NWAY-a
2026-05-30T06:57:39,2591948519,Ronaldo Cristiano,70.0,Vítěz,25-WINNER_NWAY-a
2026-05-29T22:30:42,2591948506,Hakimi Achraf,50.0,Vítěz,25-WINNER_NWAY-a
2026-05-29T22:30:42,2591948507,Kane Harry,3.3,Vítěz,25-WINNER_NWAY-a
2026-05-29T22:30:42,2591948508,Vinícius Júnior,30.0,Vítěz,25-WINNER_NWAY-a
2026-05-29T22:30:42,2591948509,Rice Declan,10.0,Vítěz,25-WINNER_NWAY-a
2026-05-29T22:30:42,2591948510,Kvaratskhelia Khvicha,17.0,Vítěz,25-WINNER_NWAY-a
2026-05-29T22:30:42,2591948511,Messi Lionel,60.0,Vítěz,25-WINNER_NWAY-a
2026-05-29T22:30:42,2591948512,Haaland Erling,30.0,Vítěz,25-WINNER_NWAY-a
2026-05-29T22:30:42,2591948513,Vitinha Ferreira Vitor,20.0,Vítěz,25-WINNER_NWAY-a
2026-05-29T22:30:42,2591948514,Martínez Lautaro,100.0,Vítěz,25-WINNER_NWAY-a
2026-05-29T22:30:42,2591948515,Olise Michael,15.0,Vítěz,25-WINNER_NWAY-a
2026-05-29T22:30:42,2591948516,Yamal Lamine,8.0,Vítěz,25-WINNER_NWAY-a
2026-05-29T22:30:42,2591948517,Dembele Ousmane,4.0,Vítěz,25-WINNER_NWAY-a
2026-05-29T22:30:42,2591948518,Mbappé Kylian,13.0,Vítěz,25-WINNER_NWAY-a
2026-05-29T22:30:42,2591948519,Ronaldo Cristiano,70.0,Vítěz,25-WINNER_NWAY-a
2026-05-29T15:01:30,2591948506,Hakimi Achraf,50.0,Vítěz,25-WINNER_NWAY-a
2026-05-29T15:01:30,2591948507,Kane Harry,3.3,Vítěz,25-WINNER_NWAY-a
2026-05-29T15:01:30,2591948508,Vinícius Júnior,30.0,Vítěz,25-WINNER_NWAY-a
2026-05-29T15:01:30,2591948509,Rice Declan,10.0,Vítěz,25-WINNER_NWAY-a
2026-05-29T15:01:30,2591948510,Kvaratskhelia Khvicha,17.0,Vítěz,25-WINNER_NWAY-a
2026-05-29T15:01:30,2591948511,Messi Lionel,60.0,Vítěz,25-WINNER_NWAY-a
2026-05-29T15:01:30,2591948512,Haaland Erling,30.0,Vítěz,25-WINNER_NWAY-a
2026-05-29T15:01:30,2591948513,Vitinha Ferreira Vitor,20.0,Vítěz,25-WINNER_NWAY-a
2026-05-29T15:01:30,2591948514,Martínez Lautaro,100.0,Vítěz,25-WINNER_NWAY-a
2026-05-29T15:01:30,2591948515,Olise Michael,15.0,Vítěz,25-WINNER_NWAY-a
2026-05-29T15:01:30,2591948516,Yamal Lamine,8.0,Vítěz,25-WINNER_NWAY-a
2026-05-29T15:01:30,2591948517,Dembele Ousmane,4.0,Vítěz,25-WINNER_NWAY-a
2026-05-29T15:01:30,2591948518,Mbappé Kylian,13.0,Vítěz,25-WINNER_NWAY-a
2026-05-29T15:01:30,2591948519,Ronaldo Cristiano,70.0,Vítěz,25-WINNER_NWAY-a
2026-05-29T07:15:56,2591948506,Hakimi Achraf,50.0,Vítěz,25-WINNER_NWAY-a
2026-05-29T07:15:56,2591948507,Kane Harry,3.3,Vítěz,25-WINNER_NWAY-a
2026-05-29T07:15:56,2591948508,Vinícius Júnior,30.0,Vítěz,25-WINNER_NWAY-a
2026-05-29T07:15:56,2591948509,Rice Declan,10.0,Vítěz,25-WINNER_NWAY-a
2026-05-29T07:15:56,2591948510,Kvaratskhelia Khvicha,17.0,Vítěz,25-WINNER_NWAY-a
2026-05-29T07:15:56,2591948511,Messi Lionel,60.0,Vítěz,25-WINNER_NWAY-a
2026-05-29T07:15:56,2591948512,Haaland Erling,30.0,Vítěz,25-WINNER_NWAY-a
2026-05-29T07:15:56,2591948513,Vitinha Ferreira Vitor,20.0,Vítěz,25-WINNER_NWAY-a
2026-05-29T07:15:56,2591948514,Martínez Lautaro,100.0,Vítěz,25-WINNER_NWAY-a
2026-05-29T07:15:56,2591948515,Olise Michael,15.0,Vítěz,25-WINNER_NWAY-a
2026-05-29T07:15:56,2591948516,Yamal Lamine,8.0,Vítěz,25-WINNER_NWAY-a
2026-05-29T07:15:56,2591948517,Dembele Ousmane,4.0,Vítěz,25-WINNER_NWAY-a
2026-05-29T07:15:56,2591948518,Mbappé Kylian,13.0,Vítěz,25-WINNER_NWAY-a
2026-05-29T07:15:56,2591948519,Ronaldo Cristiano,70.0,Vítěz,25-WINNER_NWAY-a
2026-05-28T22:31:41,2591948506,Hakimi Achraf,50.0,Vítěz,25-WINNER_NWAY-a
2026-05-28T22:31:41,2591948507,Kane Harry,3.3,Vítěz,25-WINNER_NWAY-a
2026-05-28T22:31:41,2591948508,Vinícius Júnior,30.0,Vítěz,25-WINNER_NWAY-a
2026-05-28T22:31:41,2591948509,Rice Declan,10.0,Vítěz,25-WINNER_NWAY-a
2026-05-28T22:31:41,2591948510,Kvaratskhelia Khvicha,17.0,Vítěz,25-WINNER_NWAY-a
2026-05-28T22:31:41,2591948511,Messi Lionel,60.0,Vítěz,25-WINNER_NWAY-a
2026-05-28T22:31:41,2591948512,Haaland Erling,30.0,Vítěz,25-WINNER_NWAY-a
2026-05-28T22:31:41,2591948513,Vitinha Ferreira Vitor,20.0,Vítěz,25-WINNER_NWAY-a
2026-05-28T22:31:41,2591948514,Martínez Lautaro,100.0,Vítěz,25-WINNER_NWAY-a
2026-05-28T22:31:41,2591948515,Olise Michael,15.0,Vítěz,25-WINNER_NWAY-a
2026-05-28T22:31:41,2591948516,Yamal Lamine,8.0,Vítěz,25-WINNER_NWAY-a
2026-05-28T22:31:41,2591948517,Dembele Ousmane,4.0,Vítěz,25-WINNER_NWAY-a
2026-05-28T22:31:41,2591948518,Mbappé Kylian,13.0,Vítěz,25-WINNER_NWAY-a
2026-05-28T22:31:41,2591948519,Ronaldo Cristiano,70.0,Vítěz,25-WINNER_NWAY-a
2026-05-28T15:04:47,2591948506,Hakimi Achraf,50.0,Vítěz,25-WINNER_NWAY-a
2026-05-28T15:04:47,2591948507,Kane Harry,3.3,Vítěz,25-WINNER_NWAY-a
2026-05-28T15:04:47,2591948508,Vinícius Júnior,30.0,Vítěz,25-WINNER_NWAY-a
2026-05-28T15:04:47,2591948509,Rice Declan,10.0,Vítěz,25-WINNER_NWAY-a
2026-05-28T15:04:47,2591948510,Kvaratskhelia Khvicha,17.0,Vítěz,25-WINNER_NWAY-a
2026-05-28T15:04:47,2591948511,Messi Lionel,60.0,Vítěz,25-WINNER_NWAY-a
2026-05-28T15:04:47,2591948512,Haaland Erling,30.0,Vítěz,25-WINNER_NWAY-a
2026-05-28T15:04:47,2591948513,Vitinha Ferreira Vitor,20.0,Vítěz,25-WINNER_NWAY-a
2026-05-28T15:04:47,2591948514,Martínez Lautaro,100.0,Vítěz,25-WINNER_NWAY-a
2026-05-28T15:04:47,2591948515,Olise Michael,15.0,Vítěz,25-WINNER_NWAY-a
2026-05-28T15:04:47,2591948516,Yamal Lamine,8.0,Vítěz,25-WINNER_NWAY-a
2026-05-28T15:04:47,2591948517,Dembele Ousmane,4.0,Vítěz,25-WINNER_NWAY-a
2026-05-28T15:04:47,2591948518,Mbappé Kylian,13.0,Vítěz,25-WINNER_NWAY-a
2026-05-28T15:04:47,2591948519,Ronaldo Cristiano,70.0,Vítěz,25-WINNER_NWAY-a
2026-05-28T07:16:10,2591948506,Hakimi Achraf,50.0,Vítěz,25-WINNER_NWAY-a
2026-05-28T07:16:10,2591948507,Kane Harry,3.3,Vítěz,25-WINNER_NWAY-a
2026-05-28T07:16:10,2591948508,Vinícius Júnior,30.0,Vítěz,25-WINNER_NWAY-a
2026-05-28T07:16:10,2591948509,Rice Declan,10.0,Vítěz,25-WINNER_NWAY-a
2026-05-28T07:16:10,2591948510,Kvaratskhelia Khvicha,17.0,Vítěz,25-WINNER_NWAY-a
2026-05-28T07:16:10,2591948511,Messi Lionel,60.0,Vítěz,25-WINNER_NWAY-a
2026-05-28T07:16:10,2591948512,Haaland Erling,30.0,Vítěz,25-WINNER_NWAY-a
2026-05-28T07:16:10,2591948513,Vitinha Ferreira Vitor,20.0,Vítěz,25-WINNER_NWAY-a
2026-05-28T07:16:10,2591948514,Martínez Lautaro,100.0,Vítěz,25-WINNER_NWAY-a
2026-05-28T07:16:10,2591948515,Olise Michael,15.0,Vítěz,25-WINNER_NWAY-a
2026-05-28T07:16:10,2591948516,Yamal Lamine,8.0,Vítěz,25-WINNER_NWAY-a
2026-05-28T07:16:10,2591948517,Dembele Ousmane,4.0,Vítěz,25-WINNER_NWAY-a
2026-05-28T07:16:10,2591948518,Mbappé Kylian,13.0,Vítěz,25-WINNER_NWAY-a
2026-05-28T07:16:10,2591948519,Ronaldo Cristiano,70.0,Vítěz,25-WINNER_NWAY-a
2026-05-27T22:31:22,2591948506,Hakimi Achraf,50.0,Vítěz,25-WINNER_NWAY-a
2026-05-27T22:31:22,2591948507,Kane Harry,3.3,Vítěz,25-WINNER_NWAY-a
2026-05-27T22:31:22,2591948508,Vinícius Júnior,30.0,Vítěz,25-WINNER_NWAY-a
2026-05-27T22:31:22,2591948509,Rice Declan,10.0,Vítěz,25-WINNER_NWAY-a
2026-05-27T22:31:22,2591948510,Kvaratskhelia Khvicha,17.0,Vítěz,25-WINNER_NWAY-a
2026-05-27T22:31:22,2591948511,Messi Lionel,60.0,Vítěz,25-WINNER_NWAY-a
2026-05-27T22:31:22,2591948512,Haaland Erling,30.0,Vítěz,25-WINNER_NWAY-a
2026-05-27T22:31:22,2591948513,Vitinha Ferreira Vitor,20.0,Vítěz,25-WINNER_NWAY-a
2026-05-27T22:31:22,2591948514,Martínez Lautaro,100.0,Vítěz,25-WINNER_NWAY-a
2026-05-27T22:31:22,2591948515,Olise Michael,15.0,Vítěz,25-WINNER_NWAY-a
2026-05-27T22:31:22,2591948516,Yamal Lamine,8.0,Vítěz,25-WINNER_NWAY-a
2026-05-27T22:31:22,2591948517,Dembele Ousmane,4.0,Vítěz,25-WINNER_NWAY-a
2026-05-27T22:31:22,2591948518,Mbappé Kylian,13.0,Vítěz,25-WINNER_NWAY-a
2026-05-27T22:31:22,2591948519,Ronaldo Cristiano,70.0,Vítěz,25-WINNER_NWAY-a
2026-05-27T15:02:46,2591948506,Hakimi Achraf,50.0,Vítěz,25-WINNER_NWAY-a
2026-05-27T15:02:46,2591948507,Kane Harry,3.3,Vítěz,25-WINNER_NWAY-a
2026-05-27T15:02:46,2591948508,Vinícius Júnior,30.0,Vítěz,25-WINNER_NWAY-a
2026-05-27T15:02:46,2591948509,Rice Declan,10.0,Vítěz,25-WINNER_NWAY-a
2026-05-27T15:02:46,2591948510,Kvaratskhelia Khvicha,17.0,Vítěz,25-WINNER_NWAY-a
2026-05-27T15:02:46,2591948511,Messi Lionel,60.0,Vítěz,25-WINNER_NWAY-a
2026-05-27T15:02:46,2591948512,Haaland Erling,30.0,Vítěz,25-WINNER_NWAY-a
2026-05-27T15:02:46,2591948513,Vitinha Ferreira Vitor,20.0,Vítěz,25-WINNER_NWAY-a
2026-05-27T15:02:46,2591948514,Martínez Lautaro,100.0,Vítěz,25-WINNER_NWAY-a
2026-05-27T15:02:46,2591948515,Olise Michael,15.0,Vítěz,25-WINNER_NWAY-a
2026-05-27T15:02:46,2591948516,Yamal Lamine,8.0,Vítěz,25-WINNER_NWAY-a
2026-05-27T15:02:46,2591948517,Dembele Ousmane,4.0,Vítěz,25-WINNER_NWAY-a
2026-05-27T15:02:46,2591948518,Mbappé Kylian,13.0,Vítěz,25-WINNER_NWAY-a
2026-05-27T15:02:46,2591948519,Ronaldo Cristiano,70.0,Vítěz,25-WINNER_NWAY-a
2026-05-27T07:22:14,2591948506,Hakimi Achraf,50.0,Vítěz,25-WINNER_NWAY-a
2026-05-27T07:22:14,2591948507,Kane Harry,3.3,Vítěz,25-WINNER_NWAY-a
2026-05-27T07:22:14,2591948508,Vinícius Júnior,30.0,Vítěz,25-WINNER_NWAY-a
2026-05-27T07:22:14,2591948509,Rice Declan,10.0,Vítěz,25-WINNER_NWAY-a
2026-05-27T07:22:14,2591948510,Kvaratskhelia Khvicha,17.0,Vítěz,25-WINNER_NWAY-a
2026-05-27T07:22:14,2591948511,Messi Lionel,60.0,Vítěz,25-WINNER_NWAY-a
2026-05-27T07:22:14,2591948512,Haaland Erling,30.0,Vítěz,25-WINNER_NWAY-a
2026-05-27T07:22:14,2591948513,Vitinha Ferreira Vitor,20.0,Vítěz,25-WINNER_NWAY-a
2026-05-27T07:22:14,2591948514,Martínez Lautaro,100.0,Vítěz,25-WINNER_NWAY-a
2026-05-27T07:22:14,2591948515,Olise Michael,15.0,Vítěz,25-WINNER_NWAY-a
2026-05-27T07:22:14,2591948516,Yamal Lamine,8.0,Vítěz,25-WINNER_NWAY-a
2026-05-27T07:22:14,2591948517,Dembele Ousmane,4.0,Vítěz,25-WINNER_NWAY-a
2026-05-27T07:22:14,2591948518,Mbappé Kylian,13.0,Vítěz,25-WINNER_NWAY-a
2026-05-27T07:22:14,2591948519,Ronaldo Cristiano,70.0,Vítěz,25-WINNER_NWAY-a
2026-05-26T22:28:24,2591948506,Hakimi Achraf,50.0,Vítěz,25-WINNER_NWAY-a
2026-05-26T22:28:24,2591948507,Kane Harry,3.3,Vítěz,25-WINNER_NWAY-a
2026-05-26T22:28:24,2591948508,Vinícius Júnior,30.0,Vítěz,25-WINNER_NWAY-a
2026-05-26T22:28:24,2591948509,Rice Declan,10.0,Vítěz,25-WINNER_NWAY-a
2026-05-26T22:28:24,2591948510,Kvaratskhelia Khvicha,17.0,Vítěz,25-WINNER_NWAY-a
2026-05-26T22:28:24,2591948511,Messi Lionel,60.0,Vítěz,25-WINNER_NWAY-a
2026-05-26T22:28:24,2591948512,Haaland Erling,30.0,Vítěz,25-WINNER_NWAY-a
2026-05-26T22:28:24,2591948513,Vitinha Ferreira Vitor,20.0,Vítěz,25-WINNER_NWAY-a
2026-05-26T22:28:24,2591948514,Martínez Lautaro,100.0,Vítěz,25-WINNER_NWAY-a
2026-05-26T22:28:24,2591948515,Olise Michael,15.0,Vítěz,25-WINNER_NWAY-a
2026-05-26T22:28:24,2591948516,Yamal Lamine,8.0,Vítěz,25-WINNER_NWAY-a
2026-05-26T22:28:24,2591948517,Dembele Ousmane,4.0,Vítěz,25-WINNER_NWAY-a
2026-05-26T22:28:24,2591948518,Mbappé Kylian,13.0,Vítěz,25-WINNER_NWAY-a
2026-05-26T22:28:24,2591948519,Ronaldo Cristiano,70.0,Vítěz,25-WINNER_NWAY-a
2026-05-26T15:01:47,2591948506,Hakimi Achraf,50.0,Vítěz,25-WINNER_NWAY-a
2026-05-26T15:01:47,2591948507,Kane Harry,3.3,Vítěz,25-WINNER_NWAY-a
2026-05-26T15:01:47,2591948508,Vinícius Júnior,30.0,Vítěz,25-WINNER_NWAY-a
2026-05-26T15:01:47,2591948509,Rice Declan,10.0,Vítěz,25-WINNER_NWAY-a
2026-05-26T15:01:47,2591948510,Kvaratskhelia Khvicha,17.0,Vítěz,25-WINNER_NWAY-a
2026-05-26T15:01:47,2591948511,Messi Lionel,60.0,Vítěz,25-WINNER_NWAY-a
2026-05-26T15:01:47,2591948512,Haaland Erling,30.0,Vítěz,25-WINNER_NWAY-a
2026-05-26T15:01:47,2591948513,Vitinha Ferreira Vitor,20.0,Vítěz,25-WINNER_NWAY-a
2026-05-26T15:01:47,2591948514,Martínez Lautaro,100.0,Vítěz,25-WINNER_NWAY-a
2026-05-26T15:01:47,2591948515,Olise Michael,15.0,Vítěz,25-WINNER_NWAY-a
2026-05-26T15:01:47,2591948516,Yamal Lamine,8.0,Vítěz,25-WINNER_NWAY-a
2026-05-26T15:01:47,2591948517,Dembele Ousmane,4.0,Vítěz,25-WINNER_NWAY-a
2026-05-26T15:01:47,2591948518,Mbappé Kylian,13.0,Vítěz,25-WINNER_NWAY-a
2026-05-26T15:01:47,2591948519,Ronaldo Cristiano,70.0,Vítěz,25-WINNER_NWAY-a
2026-05-26T07:08:16,2591948506,Hakimi Achraf,50.0,Vítěz,25-WINNER_NWAY-a
2026-05-26T07:08:16,2591948507,Kane Harry,3.3,Vítěz,25-WINNER_NWAY-a
2026-05-26T07:08:16,2591948508,Vinícius Júnior,30.0,Vítěz,25-WINNER_NWAY-a
2026-05-26T07:08:16,2591948509,Rice Declan,10.0,Vítěz,25-WINNER_NWAY-a
2026-05-26T07:08:16,2591948510,Kvaratskhelia Khvicha,17.0,Vítěz,25-WINNER_NWAY-a
2026-05-26T07:08:16,2591948511,Messi Lionel,60.0,Vítěz,25-WINNER_NWAY-a
2026-05-26T07:08:16,2591948512,Haaland Erling,30.0,Vítěz,25-WINNER_NWAY-a
2026-05-26T07:08:16,2591948513,Vitinha Ferreira Vitor,20.0,Vítěz,25-WINNER_NWAY-a
2026-05-26T07:08:16,2591948514,Martínez Lautaro,100.0,Vítěz,25-WINNER_NWAY-a
2026-05-26T07:08:16,2591948515,Olise Michael,15.0,Vítěz,25-WINNER_NWAY-a
2026-05-26T07:08:16,2591948516,Yamal Lamine,8.0,Vítěz,25-WINNER_NWAY-a
2026-05-26T07:08:16,2591948517,Dembele Ousmane,4.0,Vítěz,25-WINNER_NWAY-a
2026-05-26T07:08:16,2591948518,Mbappé Kylian,13.0,Vítěz,25-WINNER_NWAY-a
2026-05-26T07:08:16,2591948519,Ronaldo Cristiano,70.0,Vítěz,25-WINNER_NWAY-a
2026-05-25T22:21:38,2591948506,Hakimi Achraf,50.0,Vítěz,25-WINNER_NWAY-a
2026-05-25T22:21:38,2591948507,Kane Harry,3.3,Vítěz,25-WINNER_NWAY-a
2026-05-25T22:21:38,2591948508,Vinícius Júnior,30.0,Vítěz,25-WINNER_NWAY-a
2026-05-25T22:21:38,2591948509,Rice Declan,10.0,Vítěz,25-WINNER_NWAY-a
2026-05-25T22:21:38,2591948510,Kvaratskhelia Khvicha,17.0,Vítěz,25-WINNER_NWAY-a
2026-05-25T22:21:38,2591948511,Messi Lionel,60.0,Vítěz,25-WINNER_NWAY-a
2026-05-25T22:21:38,2591948512,Haaland Erling,30.0,Vítěz,25-WINNER_NWAY-a
2026-05-25T22:21:38,2591948513,Vitinha Ferreira Vitor,20.0,Vítěz,25-WINNER_NWAY-a
2026-05-25T22:21:38,2591948514,Martínez Lautaro,100.0,Vítěz,25-WINNER_NWAY-a
2026-05-25T22:21:38,2591948515,Olise Michael,15.0,Vítěz,25-WINNER_NWAY-a
2026-05-25T22:21:38,2591948516,Yamal Lamine,8.0,Vítěz,25-WINNER_NWAY-a
2026-05-25T22:21:38,2591948517,Dembele Ousmane,4.0,Vítěz,25-WINNER_NWAY-a
2026-05-25T22:21:38,2591948518,Mbappé Kylian,13.0,Vítěz,25-WINNER_NWAY-a
2026-05-25T22:21:38,2591948519,Ronaldo Cristiano,70.0,Vítěz,25-WINNER_NWAY-a
2026-05-25T15:01:04,2591948506,Hakimi Achraf,50.0,Vítěz,25-WINNER_NWAY-a
2026-05-25T15:01:04,2591948507,Kane Harry,3.3,Vítěz,25-WINNER_NWAY-a
2026-05-25T15:01:04,2591948508,Vinícius Júnior,30.0,Vítěz,25-WINNER_NWAY-a
2026-05-25T15:01:04,2591948509,Rice Declan,10.0,Vítěz,25-WINNER_NWAY-a
2026-05-25T15:01:04,2591948510,Kvaratskhelia Khvicha,17.0,Vítěz,25-WINNER_NWAY-a
2026-05-25T15:01:04,2591948511,Messi Lionel,60.0,Vítěz,25-WINNER_NWAY-a
2026-05-25T15:01:04,2591948512,Haaland Erling,30.0,Vítěz,25-WINNER_NWAY-a
2026-05-25T15:01:04,2591948513,Vitinha Ferreira Vitor,20.0,Vítěz,25-WINNER_NWAY-a
2026-05-25T15:01:04,2591948514,Martínez Lautaro,100.0,Vítěz,25-WINNER_NWAY-a
2026-05-25T15:01:04,2591948515,Olise Michael,15.0,Vítěz,25-WINNER_NWAY-a
2026-05-25T15:01:04,2591948516,Yamal Lamine,8.0,Vítěz,25-WINNER_NWAY-a
2026-05-25T15:01:04,2591948517,Dembele Ousmane,4.0,Vítěz,25-WINNER_NWAY-a
2026-05-25T15:01:04,2591948518,Mbappé Kylian,13.0,Vítěz,25-WINNER_NWAY-a
2026-05-25T15:01:04,2591948519,Ronaldo Cristiano,70.0,Vítěz,25-WINNER_NWAY-a
2026-05-25T07:29:25,2591948506,Hakimi Achraf,50.0,Vítěz,25-WINNER_NWAY-a
2026-05-25T07:29:25,2591948507,Kane Harry,3.5,Vítěz,25-WINNER_NWAY-a
2026-05-25T07:29:25,2591948508,Vinícius Júnior,30.0,Vítěz,25-WINNER_NWAY-a
2026-05-25T07:29:25,2591948509,Rice Declan,7.0,Vítěz,25-WINNER_NWAY-a
2026-05-25T07:29:25,2591948510,Kvaratskhelia Khvicha,10.0,Vítěz,25-WINNER_NWAY-a
2026-05-25T07:29:25,2591948511,Messi Lionel,60.0,Vítěz,25-WINNER_NWAY-a
2026-05-25T07:29:25,2591948512,Haaland Erling,30.0,Vítěz,25-WINNER_NWAY-a
2026-05-25T07:29:25,2591948513,Vitinha Ferreira Vitor,20.0,Vítěz,25-WINNER_NWAY-a
2026-05-25T07:29:25,2591948514,Martínez Lautaro,100.0,Vítěz,25-WINNER_NWAY-a
2026-05-25T07:29:25,2591948515,Olise Michael,6.0,Vítěz,25-WINNER_NWAY-a
2026-05-25T07:29:25,2591948516,Yamal Lamine,8.0,Vítěz,25-WINNER_NWAY-a
2026-05-25T07:29:25,2591948517,Dembele Ousmane,5.0,Vítěz,25-WINNER_NWAY-a
2026-05-25T07:29:25,2591948518,Mbappé Kylian,15.0,Vítěz,25-WINNER_NWAY-a
2026-05-25T07:29:25,2591948519,Ronaldo Cristiano,70.0,Vítěz,25-WINNER_NWAY-a
2026-05-24T22:17:58,2591948506,Hakimi Achraf,50.0,Vítěz,25-WINNER_NWAY-a
2026-05-24T22:17:58,2591948507,Kane Harry,3.5,Vítěz,25-WINNER_NWAY-a
2026-05-24T22:17:58,2591948508,Vinícius Júnior,30.0,Vítěz,25-WINNER_NWAY-a
2026-05-24T22:17:58,2591948509,Rice Declan,7.0,Vítěz,25-WINNER_NWAY-a
2026-05-24T22:17:58,2591948510,Kvaratskhelia Khvicha,10.0,Vítěz,25-WINNER_NWAY-a
2026-05-24T22:17:58,2591948511,Messi Lionel,60.0,Vítěz,25-WINNER_NWAY-a
2026-05-24T22:17:58,2591948512,Haaland Erling,30.0,Vítěz,25-WINNER_NWAY-a
2026-05-24T22:17:58,2591948513,Vitinha Ferreira Vitor,20.0,Vítěz,25-WINNER_NWAY-a
2026-05-24T22:17:58,2591948514,Martínez Lautaro,100.0,Vítěz,25-WINNER_NWAY-a
2026-05-24T22:17:58,2591948515,Olise Michael,6.0,Vítěz,25-WINNER_NWAY-a
2026-05-24T22:17:58,2591948516,Yamal Lamine,8.0,Vítěz,25-WINNER_NWAY-a
2026-05-24T22:17:58,2591948517,Dembele Ousmane,5.0,Vítěz,25-WINNER_NWAY-a
2026-05-24T22:17:58,2591948518,Mbappé Kylian,15.0,Vítěz,25-WINNER_NWAY-a
2026-05-24T22:17:58,2591948519,Ronaldo Cristiano,70.0,Vítěz,25-WINNER_NWAY-a
2026-05-24T14:29:24,2591948506,Hakimi Achraf,50.0,Vítěz,25-WINNER_NWAY-a
2026-05-24T14:29:24,2591948507,Kane Harry,3.5,Vítěz,25-WINNER_NWAY-a
2026-05-24T14:29:24,2591948508,Vinícius Júnior,30.0,Vítěz,25-WINNER_NWAY-a
2026-05-24T14:29:24,2591948509,Rice Declan,7.0,Vítěz,25-WINNER_NWAY-a
2026-05-24T14:29:24,2591948510,Kvaratskhelia Khvicha,10.0,Vítěz,25-WINNER_NWAY-a
2026-05-24T14:29:24,2591948511,Messi Lionel,60.0,Vítěz,25-WINNER_NWAY-a
2026-05-24T14:29:24,2591948512,Haaland Erling,30.0,Vítěz,25-WINNER_NWAY-a
2026-05-24T14:29:24,2591948513,Vitinha Ferreira Vitor,20.0,Vítěz,25-WINNER_NWAY-a
2026-05-24T14:29:24,2591948514,Martínez Lautaro,100.0,Vítěz,25-WINNER_NWAY-a
2026-05-24T14:29:24,2591948515,Olise Michael,6.0,Vítěz,25-WINNER_NWAY-a
2026-05-24T14:29:24,2591948516,Yamal Lamine,8.0,Vítěz,25-WINNER_NWAY-a
2026-05-24T14:29:24,2591948517,Dembele Ousmane,5.0,Vítěz,25-WINNER_NWAY-a
2026-05-24T14:29:24,2591948518,Mbappé Kylian,15.0,Vítěz,25-WINNER_NWAY-a
2026-05-24T14:29:24,2591948519,Ronaldo Cristiano,70.0,Vítěz,25-WINNER_NWAY-a
2026-05-24T07:03:04,2591948506,Hakimi Achraf,50.0,Vítěz,25-WINNER_NWAY-a
2026-05-24T07:03:04,2591948507,Kane Harry,3.5,Vítěz,25-WINNER_NWAY-a
2026-05-24T07:03:04,2591948508,Vinícius Júnior,30.0,Vítěz,25-WINNER_NWAY-a
2026-05-24T07:03:04,2591948509,Rice Declan,7.0,Vítěz,25-WINNER_NWAY-a
2026-05-24T07:03:04,2591948510,Kvaratskhelia Khvicha,10.0,Vítěz,25-WINNER_NWAY-a
2026-05-24T07:03:04,2591948511,Messi Lionel,60.0,Vítěz,25-WINNER_NWAY-a
2026-05-24T07:03:04,2591948512,Haaland Erling,30.0,Vítěz,25-WINNER_NWAY-a
2026-05-24T07:03:04,2591948513,Vitinha Ferreira Vitor,20.0,Vítěz,25-WINNER_NWAY-a
2026-05-24T07:03:04,2591948514,Martínez Lautaro,100.0,Vítěz,25-WINNER_NWAY-a
2026-05-24T07:03:04,2591948515,Olise Michael,6.0,Vítěz,25-WINNER_NWAY-a
2026-05-24T07:03:04,2591948516,Yamal Lamine,8.0,Vítěz,25-WINNER_NWAY-a
2026-05-24T07:03:04,2591948517,Dembele Ousmane,5.0,Vítěz,25-WINNER_NWAY-a
2026-05-24T07:03:04,2591948518,Mbappé Kylian,15.0,Vítěz,25-WINNER_NWAY-a
2026-05-24T07:03:04,2591948519,Ronaldo Cristiano,70.0,Vítěz,25-WINNER_NWAY-a
2026-05-23T22:16:15,2591948506,Hakimi Achraf,50.0,Vítěz,25-WINNER_NWAY-a
2026-05-23T22:16:15,2591948507,Kane Harry,3.5,Vítěz,25-WINNER_NWAY-a
2026-05-23T22:16:15,2591948508,Vinícius Júnior,30.0,Vítěz,25-WINNER_NWAY-a
2026-05-23T22:16:15,2591948509,Rice Declan,7.0,Vítěz,25-WINNER_NWAY-a
2026-05-23T22:16:15,2591948510,Kvaratskhelia Khvicha,10.0,Vítěz,25-WINNER_NWAY-a
2026-05-23T22:16:15,2591948511,Messi Lionel,60.0,Vítěz,25-WINNER_NWAY-a
2026-05-23T22:16:15,2591948512,Haaland Erling,30.0,Vítěz,25-WINNER_NWAY-a
2026-05-23T22:16:15,2591948513,Vitinha Ferreira Vitor,20.0,Vítěz,25-WINNER_NWAY-a
2026-05-23T22:16:15,2591948514,Martínez Lautaro,100.0,Vítěz,25-WINNER_NWAY-a
2026-05-23T22:16:15,2591948515,Olise Michael,6.0,Vítěz,25-WINNER_NWAY-a
2026-05-23T22:16:15,2591948516,Yamal Lamine,8.0,Vítěz,25-WINNER_NWAY-a
2026-05-23T22:16:15,2591948517,Dembele Ousmane,5.0,Vítěz,25-WINNER_NWAY-a
2026-05-23T22:16:15,2591948518,Mbappé Kylian,15.0,Vítěz,25-WINNER_NWAY-a
2026-05-23T22:16:15,2591948519,Ronaldo Cristiano,70.0,Vítěz,25-WINNER_NWAY-a
2026-05-23T14:30:31,2591948506,Hakimi Achraf,50.0,Vítěz,25-WINNER_NWAY-a
2026-05-23T14:30:31,2591948507,Kane Harry,3.5,Vítěz,25-WINNER_NWAY-a
2026-05-23T14:30:31,2591948508,Vinícius Júnior,30.0,Vítěz,25-WINNER_NWAY-a
2026-05-23T14:30:31,2591948509,Rice Declan,7.0,Vítěz,25-WINNER_NWAY-a
2026-05-23T14:30:31,2591948510,Kvaratskhelia Khvicha,10.0,Vítěz,25-WINNER_NWAY-a
2026-05-23T14:30:31,2591948511,Messi Lionel,60.0,Vítěz,25-WINNER_NWAY-a
2026-05-23T14:30:31,2591948512,Haaland Erling,30.0,Vítěz,25-WINNER_NWAY-a
2026-05-23T14:30:31,2591948513,Vitinha Ferreira Vitor,20.0,Vítěz,25-WINNER_NWAY-a
2026-05-23T14:30:31,2591948514,Martínez Lautaro,100.0,Vítěz,25-WINNER_NWAY-a
2026-05-23T14:30:31,2591948515,Olise Michael,6.0,Vítěz,25-WINNER_NWAY-a
2026-05-23T14:30:31,2591948516,Yamal Lamine,8.0,Vítěz,25-WINNER_NWAY-a
2026-05-23T14:30:31,2591948517,Dembele Ousmane,5.0,Vítěz,25-WINNER_NWAY-a
2026-05-23T14:30:31,2591948518,Mbappé Kylian,15.0,Vítěz,25-WINNER_NWAY-a
2026-05-23T14:30:31,2591948519,Ronaldo Cristiano,70.0,Vítěz,25-WINNER_NWAY-a
2026-05-23T06:51:58,2591948506,Hakimi Achraf,50.0,Vítěz,25-WINNER_NWAY-a
2026-05-23T06:51:58,2591948507,Kane Harry,3.5,Vítěz,25-WINNER_NWAY-a
2026-05-23T06:51:58,2591948508,Vinícius Júnior,30.0,Vítěz,25-WINNER_NWAY-a
2026-05-23T06:51:58,2591948509,Rice Declan,7.0,Vítěz,25-WINNER_NWAY-a
2026-05-23T06:51:58,2591948510,Kvaratskhelia Khvicha,10.0,Vítěz,25-WINNER_NWAY-a
2026-05-23T06:51:58,2591948511,Messi Lionel,60.0,Vítěz,25-WINNER_NWAY-a
2026-05-23T06:51:58,2591948512,Haaland Erling,30.0,Vítěz,25-WINNER_NWAY-a
2026-05-23T06:51:58,2591948513,Vitinha Ferreira Vitor,20.0,Vítěz,25-WINNER_NWAY-a
2026-05-23T06:51:58,2591948514,Martínez Lautaro,100.0,Vítěz,25-WINNER_NWAY-a
2026-05-23T06:51:58,2591948515,Olise Michael,6.0,Vítěz,25-WINNER_NWAY-a
2026-05-23T06:51:58,2591948516,Yamal Lamine,8.0,Vítěz,25-WINNER_NWAY-a
2026-05-23T06:51:58,2591948517,Dembele Ousmane,5.0,Vítěz,25-WINNER_NWAY-a
2026-05-23T06:51:58,2591948518,Mbappé Kylian,15.0,Vítěz,25-WINNER_NWAY-a
2026-05-23T06:51:58,2591948519,Ronaldo Cristiano,70.0,Vítěz,25-WINNER_NWAY-a
2026-05-22T22:20:35,2591948506,Hakimi Achraf,50.0,Vítěz,25-WINNER_NWAY-a
2026-05-22T22:20:35,2591948507,Kane Harry,3.5,Vítěz,25-WINNER_NWAY-a
2026-05-22T22:20:35,2591948508,Vinícius Júnior,30.0,Vítěz,25-WINNER_NWAY-a
2026-05-22T22:20:35,2591948509,Rice Declan,7.0,Vítěz,25-WINNER_NWAY-a
2026-05-22T22:20:35,2591948510,Kvaratskhelia Khvicha,10.0,Vítěz,25-WINNER_NWAY-a
2026-05-22T22:20:35,2591948511,Messi Lionel,60.0,Vítěz,25-WINNER_NWAY-a
2026-05-22T22:20:35,2591948512,Haaland Erling,30.0,Vítěz,25-WINNER_NWAY-a
2026-05-22T22:20:35,2591948513,Vitinha Ferreira Vitor,20.0,Vítěz,25-WINNER_NWAY-a
2026-05-22T22:20:35,2591948514,Martínez Lautaro,100.0,Vítěz,25-WINNER_NWAY-a
2026-05-22T22:20:35,2591948515,Olise Michael,6.0,Vítěz,25-WINNER_NWAY-a
2026-05-22T22:20:35,2591948516,Yamal Lamine,8.0,Vítěz,25-WINNER_NWAY-a
2026-05-22T22:20:35,2591948517,Dembele Ousmane,5.0,Vítěz,25-WINNER_NWAY-a
2026-05-22T22:20:35,2591948518,Mbappé Kylian,15.0,Vítěz,25-WINNER_NWAY-a
2026-05-22T22:20:35,2591948519,Ronaldo Cristiano,70.0,Vítěz,25-WINNER_NWAY-a
2026-05-22T15:00:09,2591948506,Hakimi Achraf,50.0,Vítěz,25-WINNER_NWAY-a
2026-05-22T15:00:09,2591948507,Kane Harry,3.5,Vítěz,25-WINNER_NWAY-a
2026-05-22T15:00:09,2591948508,Vinícius Júnior,30.0,Vítěz,25-WINNER_NWAY-a
2026-05-22T15:00:09,2591948509,Rice Declan,7.0,Vítěz,25-WINNER_NWAY-a
2026-05-22T15:00:09,2591948510,Kvaratskhelia Khvicha,10.0,Vítěz,25-WINNER_NWAY-a
2026-05-22T15:00:09,2591948511,Messi Lionel,60.0,Vítěz,25-WINNER_NWAY-a
2026-05-22T15:00:09,2591948512,Haaland Erling,30.0,Vítěz,25-WINNER_NWAY-a
2026-05-22T15:00:09,2591948513,Vitinha Ferreira Vitor,20.0,Vítěz,25-WINNER_NWAY-a
2026-05-22T15:00:09,2591948514,Martínez Lautaro,100.0,Vítěz,25-WINNER_NWAY-a
2026-05-22T15:00:09,2591948515,Olise Michael,6.0,Vítěz,25-WINNER_NWAY-a
2026-05-22T15:00:09,2591948516,Yamal Lamine,8.0,Vítěz,25-WINNER_NWAY-a
2026-05-22T15:00:09,2591948517,Dembele Ousmane,5.0,Vítěz,25-WINNER_NWAY-a
2026-05-22T15:00:09,2591948518,Mbappé Kylian,15.0,Vítěz,25-WINNER_NWAY-a
2026-05-22T15:00:09,2591948519,Ronaldo Cristiano,70.0,Vítěz,25-WINNER_NWAY-a
2026-05-22T07:09:06,2591948506,Hakimi Achraf,50.0,Vítěz,25-WINNER_NWAY-a
2026-05-22T07:09:06,2591948507,Kane Harry,3.5,Vítěz,25-WINNER_NWAY-a
2026-05-22T07:09:06,2591948508,Vinícius Júnior,30.0,Vítěz,25-WINNER_NWAY-a
2026-05-22T07:09:06,2591948509,Rice Declan,7.0,Vítěz,25-WINNER_NWAY-a
2026-05-22T07:09:06,2591948510,Kvaratskhelia Khvicha,10.0,Vítěz,25-WINNER_NWAY-a
2026-05-22T07:09:06,2591948511,Messi Lionel,60.0,Vítěz,25-WINNER_NWAY-a
2026-05-22T07:09:06,2591948512,Haaland Erling,30.0,Vítěz,25-WINNER_NWAY-a
2026-05-22T07:09:06,2591948513,Vitinha Ferreira Vitor,20.0,Vítěz,25-WINNER_NWAY-a
2026-05-22T07:09:06,2591948514,Martínez Lautaro,100.0,Vítěz,25-WINNER_NWAY-a
2026-05-22T07:09:06,2591948515,Olise Michael,6.0,Vítěz,25-WINNER_NWAY-a
2026-05-22T07:09:06,2591948516,Yamal Lamine,8.0,Vítěz,25-WINNER_NWAY-a
2026-05-22T07:09:06,2591948517,Dembele Ousmane,5.0,Vítěz,25-WINNER_NWAY-a
2026-05-22T07:09:06,2591948518,Mbappé Kylian,15.0,Vítěz,25-WINNER_NWAY-a
2026-05-22T07:09:06,2591948519,Ronaldo Cristiano,70.0,Vítěz,25-WINNER_NWAY-a
2026-05-21T22:28:07,2591948506,Hakimi Achraf,50.0,Vítěz,25-WINNER_NWAY-a
2026-05-21T22:28:07,2591948507,Kane Harry,3.5,Vítěz,25-WINNER_NWAY-a
2026-05-21T22:28:07,2591948508,Vinícius Júnior,30.0,Vítěz,25-WINNER_NWAY-a
2026-05-21T22:28:07,2591948509,Rice Declan,7.0,Vítěz,25-WINNER_NWAY-a
2026-05-21T22:28:07,2591948510,Kvaratskhelia Khvicha,10.0,Vítěz,25-WINNER_NWAY-a
2026-05-21T22:28:07,2591948511,Messi Lionel,60.0,Vítěz,25-WINNER_NWAY-a
2026-05-21T22:28:07,2591948512,Haaland Erling,30.0,Vítěz,25-WINNER_NWAY-a
2026-05-21T22:28:07,2591948513,Vitinha Ferreira Vitor,20.0,Vítěz,25-WINNER_NWAY-a
2026-05-21T22:28:07,2591948514,Martínez Lautaro,100.0,Vítěz,25-WINNER_NWAY-a
2026-05-21T22:28:07,2591948515,Olise Michael,6.0,Vítěz,25-WINNER_NWAY-a
2026-05-21T22:28:07,2591948516,Yamal Lamine,8.0,Vítěz,25-WINNER_NWAY-a
2026-05-21T22:28:07,2591948517,Dembele Ousmane,5.0,Vítěz,25-WINNER_NWAY-a
2026-05-21T22:28:07,2591948518,Mbappé Kylian,15.0,Vítěz,25-WINNER_NWAY-a
2026-05-21T22:28:07,2591948519,Ronaldo Cristiano,70.0,Vítěz,25-WINNER_NWAY-a
2026-05-21T15:02:22,2591948506,Hakimi Achraf,50.0,Vítěz,25-WINNER_NWAY-a
2026-05-21T15:02:22,2591948507,Kane Harry,3.5,Vítěz,25-WINNER_NWAY-a
2026-05-21T15:02:22,2591948508,Vinícius Júnior,30.0,Vítěz,25-WINNER_NWAY-a
2026-05-21T15:02:22,2591948509,Rice Declan,7.0,Vítěz,25-WINNER_NWAY-a
2026-05-21T15:02:22,2591948510,Kvaratskhelia Khvicha,10.0,Vítěz,25-WINNER_NWAY-a
2026-05-21T15:02:22,2591948511,Messi Lionel,60.0,Vítěz,25-WINNER_NWAY-a
2026-05-21T15:02:22,2591948512,Haaland Erling,30.0,Vítěz,25-WINNER_NWAY-a
2026-05-21T15:02:22,2591948513,Vitinha Ferreira Vitor,20.0,Vítěz,25-WINNER_NWAY-a
2026-05-21T15:02:22,2591948514,Martínez Lautaro,100.0,Vítěz,25-WINNER_NWAY-a
2026-05-21T15:02:22,2591948515,Olise Michael,6.0,Vítěz,25-WINNER_NWAY-a
2026-05-21T15:02:22,2591948516,Yamal Lamine,8.0,Vítěz,25-WINNER_NWAY-a
2026-05-21T15:02:22,2591948517,Dembele Ousmane,5.0,Vítěz,25-WINNER_NWAY-a
2026-05-21T15:02:22,2591948518,Mbappé Kylian,15.0,Vítěz,25-WINNER_NWAY-a
2026-05-21T15:02:22,2591948519,Ronaldo Cristiano,70.0,Vítěz,25-WINNER_NWAY-a
2026-05-21T07:13:26,2591948506,Hakimi Achraf,50.0,Vítěz,25-WINNER_NWAY-a
2026-05-21T07:13:26,2591948507,Kane Harry,3.5,Vítěz,25-WINNER_NWAY-a
2026-05-21T07:13:26,2591948508,Vinícius Júnior,30.0,Vítěz,25-WINNER_NWAY-a
2026-05-21T07:13:26,2591948509,Rice Declan,7.0,Vítěz,25-WINNER_NWAY-a
2026-05-21T07:13:26,2591948510,Kvaratskhelia Khvicha,10.0,Vítěz,25-WINNER_NWAY-a
2026-05-21T07:13:26,2591948511,Messi Lionel,60.0,Vítěz,25-WINNER_NWAY-a
2026-05-21T07:13:26,2591948512,Haaland Erling,30.0,Vítěz,25-WINNER_NWAY-a
2026-05-21T07:13:26,2591948513,Vitinha Ferreira Vitor,20.0,Vítěz,25-WINNER_NWAY-a
2026-05-21T07:13:26,2591948514,Martínez Lautaro,100.0,Vítěz,25-WINNER_NWAY-a
2026-05-21T07:13:26,2591948515,Olise Michael,6.0,Vítěz,25-WINNER_NWAY-a
2026-05-21T07:13:26,2591948516,Yamal Lamine,8.0,Vítěz,25-WINNER_NWAY-a
2026-05-21T07:13:26,2591948517,Dembele Ousmane,5.0,Vítěz,25-WINNER_NWAY-a
2026-05-21T07:13:26,2591948518,Mbappé Kylian,15.0,Vítěz,25-WINNER_NWAY-a
2026-05-21T07:13:26,2591948519,Ronaldo Cristiano,70.0,Vítěz,25-WINNER_NWAY-a
2026-05-20T22:29:29,2591948506,Hakimi Achraf,50.0,Vítěz,25-WINNER_NWAY-a
2026-05-20T22:29:29,2591948507,Kane Harry,3.5,Vítěz,25-WINNER_NWAY-a
2026-05-20T22:29:29,2591948508,Vinícius Júnior,30.0,Vítěz,25-WINNER_NWAY-a
2026-05-20T22:29:29,2591948509,Rice Declan,7.0,Vítěz,25-WINNER_NWAY-a
2026-05-20T22:29:29,2591948510,Kvaratskhelia Khvicha,10.0,Vítěz,25-WINNER_NWAY-a
2026-05-20T22:29:29,2591948511,Messi Lionel,60.0,Vítěz,25-WINNER_NWAY-a
2026-05-20T22:29:29,2591948512,Haaland Erling,30.0,Vítěz,25-WINNER_NWAY-a
2026-05-20T22:29:29,2591948513,Vitinha Ferreira Vitor,20.0,Vítěz,25-WINNER_NWAY-a
2026-05-20T22:29:29,2591948514,Martínez Lautaro,100.0,Vítěz,25-WINNER_NWAY-a
2026-05-20T22:29:29,2591948515,Olise Michael,6.0,Vítěz,25-WINNER_NWAY-a
2026-05-20T22:29:29,2591948516,Yamal Lamine,8.0,Vítěz,25-WINNER_NWAY-a
2026-05-20T22:29:29,2591948517,Dembele Ousmane,5.0,Vítěz,25-WINNER_NWAY-a
2026-05-20T22:29:29,2591948518,Mbappé Kylian,15.0,Vítěz,25-WINNER_NWAY-a
2026-05-20T22:29:29,2591948519,Ronaldo Cristiano,70.0,Vítěz,25-WINNER_NWAY-a
2026-05-20T15:02:53,2591948506,Hakimi Achraf,50.0,Vítěz,25-WINNER_NWAY-a
2026-05-20T15:02:53,2591948507,Kane Harry,3.5,Vítěz,25-WINNER_NWAY-a
2026-05-20T15:02:53,2591948508,Vinícius Júnior,30.0,Vítěz,25-WINNER_NWAY-a
2026-05-20T15:02:53,2591948509,Rice Declan,7.0,Vítěz,25-WINNER_NWAY-a
2026-05-20T15:02:53,2591948510,Kvaratskhelia Khvicha,10.0,Vítěz,25-WINNER_NWAY-a
2026-05-20T15:02:53,2591948511,Messi Lionel,60.0,Vítěz,25-WINNER_NWAY-a
2026-05-20T15:02:53,2591948512,Haaland Erling,30.0,Vítěz,25-WINNER_NWAY-a
2026-05-20T15:02:53,2591948513,Vitinha Ferreira Vitor,20.0,Vítěz,25-WINNER_NWAY-a
2026-05-20T15:02:53,2591948514,Martínez Lautaro,100.0,Vítěz,25-WINNER_NWAY-a
2026-05-20T15:02:53,2591948515,Olise Michael,6.0,Vítěz,25-WINNER_NWAY-a
2026-05-20T15:02:53,2591948516,Yamal Lamine,8.0,Vítěz,25-WINNER_NWAY-a
2026-05-20T15:02:53,2591948517,Dembele Ousmane,5.0,Vítěz,25-WINNER_NWAY-a
2026-05-20T15:02:53,2591948518,Mbappé Kylian,15.0,Vítěz,25-WINNER_NWAY-a
2026-05-20T15:02:53,2591948519,Ronaldo Cristiano,70.0,Vítěz,25-WINNER_NWAY-a
2026-05-20T07:09:00,2591948506,Hakimi Achraf,50.0,Vítěz,25-WINNER_NWAY-a
2026-05-20T07:09:00,2591948507,Kane Harry,3.5,Vítěz,25-WINNER_NWAY-a
2026-05-20T07:09:00,2591948508,Vinícius Júnior,30.0,Vítěz,25-WINNER_NWAY-a
2026-05-20T07:09:00,2591948509,Rice Declan,7.0,Vítěz,25-WINNER_NWAY-a
2026-05-20T07:09:00,2591948510,Kvaratskhelia Khvicha,10.0,Vítěz,25-WINNER_NWAY-a
2026-05-20T07:09:00,2591948511,Messi Lionel,60.0,Vítěz,25-WINNER_NWAY-a
2026-05-20T07:09:00,2591948512,Haaland Erling,30.0,Vítěz,25-WINNER_NWAY-a
2026-05-20T07:09:00,2591948513,Vitinha Ferreira Vitor,20.0,Vítěz,25-WINNER_NWAY-a
2026-05-20T07:09:00,2591948514,Martínez Lautaro,100.0,Vítěz,25-WINNER_NWAY-a
2026-05-20T07:09:00,2591948515,Olise Michael,6.0,Vítěz,25-WINNER_NWAY-a
2026-05-20T07:09:00,2591948516,Yamal Lamine,8.0,Vítěz,25-WINNER_NWAY-a
2026-05-20T07:09:00,2591948517,Dembele Ousmane,5.0,Vítěz,25-WINNER_NWAY-a
2026-05-20T07:09:00,2591948518,Mbappé Kylian,15.0,Vítěz,25-WINNER_NWAY-a
2026-05-20T07:09:00,2591948519,Ronaldo Cristiano,70.0,Vítěz,25-WINNER_NWAY-a
2026-05-19T22:25:43,2591948506,Hakimi Achraf,50.0,Vítěz,25-WINNER_NWAY-a
2026-05-19T22:25:43,2591948507,Kane Harry,3.5,Vítěz,25-WINNER_NWAY-a
2026-05-19T22:25:43,2591948508,Vinícius Júnior,30.0,Vítěz,25-WINNER_NWAY-a
2026-05-19T22:25:43,2591948509,Rice Declan,7.0,Vítěz,25-WINNER_NWAY-a
2026-05-19T22:25:43,2591948510,Kvaratskhelia Khvicha,10.0,Vítěz,25-WINNER_NWAY-a
2026-05-19T22:25:43,2591948511,Messi Lionel,60.0,Vítěz,25-WINNER_NWAY-a
2026-05-19T22:25:43,2591948512,Haaland Erling,30.0,Vítěz,25-WINNER_NWAY-a
2026-05-19T22:25:43,2591948513,Vitinha Ferreira Vitor,20.0,Vítěz,25-WINNER_NWAY-a
2026-05-19T22:25:43,2591948514,Martínez Lautaro,100.0,Vítěz,25-WINNER_NWAY-a
2026-05-19T22:25:43,2591948515,Olise Michael,6.0,Vítěz,25-WINNER_NWAY-a
2026-05-19T22:25:43,2591948516,Yamal Lamine,8.0,Vítěz,25-WINNER_NWAY-a
2026-05-19T22:25:43,2591948517,Dembele Ousmane,5.0,Vítěz,25-WINNER_NWAY-a
2026-05-19T22:25:43,2591948518,Mbappé Kylian,15.0,Vítěz,25-WINNER_NWAY-a
2026-05-19T22:25:43,2591948519,Ronaldo Cristiano,70.0,Vítěz,25-WINNER_NWAY-a
2026-05-19T15:02:00,2591948506,Hakimi Achraf,50.0,Vítěz,25-WINNER_NWAY-a
2026-05-19T15:02:00,2591948507,Kane Harry,3.5,Vítěz,25-WINNER_NWAY-a
2026-05-19T15:02:00,2591948508,Vinícius Júnior,30.0,Vítěz,25-WINNER_NWAY-a
2026-05-19T15:02:00,2591948509,Rice Declan,7.0,Vítěz,25-WINNER_NWAY-a
2026-05-19T15:02:00,2591948510,Kvaratskhelia Khvicha,10.0,Vítěz,25-WINNER_NWAY-a
2026-05-19T15:02:00,2591948511,Messi Lionel,60.0,Vítěz,25-WINNER_NWAY-a
2026-05-19T15:02:00,2591948512,Haaland Erling,30.0,Vítěz,25-WINNER_NWAY-a
2026-05-19T15:02:00,2591948513,Vitinha Ferreira Vitor,20.0,Vítěz,25-WINNER_NWAY-a
2026-05-19T15:02:00,2591948514,Martínez Lautaro,100.0,Vítěz,25-WINNER_NWAY-a
2026-05-19T15:02:00,2591948515,Olise Michael,6.0,Vítěz,25-WINNER_NWAY-a
2026-05-19T15:02:00,2591948516,Yamal Lamine,8.0,Vítěz,25-WINNER_NWAY-a
2026-05-19T15:02:00,2591948517,Dembele Ousmane,5.0,Vítěz,25-WINNER_NWAY-a
2026-05-19T15:02:00,2591948518,Mbappé Kylian,15.0,Vítěz,25-WINNER_NWAY-a
2026-05-19T15:02:00,2591948519,Ronaldo Cristiano,70.0,Vítěz,25-WINNER_NWAY-a
2026-05-19T07:08:35,2591948506,Hakimi Achraf,50.0,Vítěz,25-WINNER_NWAY-a
2026-05-19T07:08:35,2591948507,Kane Harry,3.5,Vítěz,25-WINNER_NWAY-a
2026-05-19T07:08:35,2591948508,Vinícius Júnior,30.0,Vítěz,25-WINNER_NWAY-a
2026-05-19T07:08:35,2591948509,Rice Declan,7.0,Vítěz,25-WINNER_NWAY-a
2026-05-19T07:08:35,2591948510,Kvaratskhelia Khvicha,10.0,Vítěz,25-WINNER_NWAY-a
2026-05-19T07:08:35,2591948511,Messi Lionel,60.0,Vítěz,25-WINNER_NWAY-a
2026-05-19T07:08:35,2591948512,Haaland Erling,30.0,Vítěz,25-WINNER_NWAY-a
2026-05-19T07:08:35,2591948513,Vitinha Ferreira Vitor,20.0,Vítěz,25-WINNER_NWAY-a
2026-05-19T07:08:35,2591948514,Martínez Lautaro,100.0,Vítěz,25-WINNER_NWAY-a
2026-05-19T07:08:35,2591948515,Olise Michael,6.0,Vítěz,25-WINNER_NWAY-a
2026-05-19T07:08:35,2591948516,Yamal Lamine,8.0,Vítěz,25-WINNER_NWAY-a
2026-05-19T07:08:35,2591948517,Dembele Ousmane,5.0,Vítěz,25-WINNER_NWAY-a
2026-05-19T07:08:35,2591948518,Mbappé Kylian,15.0,Vítěz,25-WINNER_NWAY-a
2026-05-19T07:08:35,2591948519,Ronaldo Cristiano,70.0,Vítěz,25-WINNER_NWAY-a
2026-05-18T22:19:35,2591948506,Hakimi Achraf,50.0,Vítěz,25-WINNER_NWAY-a
2026-05-18T22:19:35,2591948507,Kane Harry,3.5,Vítěz,25-WINNER_NWAY-a
2026-05-18T22:19:35,2591948508,Vinícius Júnior,30.0,Vítěz,25-WINNER_NWAY-a
2026-05-18T22:19:35,2591948509,Rice Declan,7.0,Vítěz,25-WINNER_NWAY-a
2026-05-18T22:19:35,2591948510,Kvaratskhelia Khvicha,10.0,Vítěz,25-WINNER_NWAY-a
2026-05-18T22:19:35,2591948511,Messi Lionel,60.0,Vítěz,25-WINNER_NWAY-a
2026-05-18T22:19:35,2591948512,Haaland Erling,30.0,Vítěz,25-WINNER_NWAY-a
2026-05-18T22:19:35,2591948513,Vitinha Ferreira Vitor,20.0,Vítěz,25-WINNER_NWAY-a
2026-05-18T22:19:35,2591948514,Martínez Lautaro,100.0,Vítěz,25-WINNER_NWAY-a
2026-05-18T22:19:35,2591948515,Olise Michael,6.0,Vítěz,25-WINNER_NWAY-a
2026-05-18T22:19:35,2591948516,Yamal Lamine,8.0,Vítěz,25-WINNER_NWAY-a
2026-05-18T22:19:35,2591948517,Dembele Ousmane,5.0,Vítěz,25-WINNER_NWAY-a
2026-05-18T22:19:35,2591948518,Mbappé Kylian,15.0,Vítěz,25-WINNER_NWAY-a
2026-05-18T22:19:35,2591948519,Ronaldo Cristiano,70.0,Vítěz,25-WINNER_NWAY-a
2026-05-18T15:03:12,2591948506,Hakimi Achraf,50.0,Vítěz,25-WINNER_NWAY-a
2026-05-18T15:03:12,2591948507,Kane Harry,3.5,Vítěz,25-WINNER_NWAY-a
2026-05-18T15:03:12,2591948508,Vinícius Júnior,30.0,Vítěz,25-WINNER_NWAY-a
2026-05-18T15:03:12,2591948509,Rice Declan,7.0,Vítěz,25-WINNER_NWAY-a
2026-05-18T15:03:12,2591948510,Kvaratskhelia Khvicha,10.0,Vítěz,25-WINNER_NWAY-a
2026-05-18T15:03:12,2591948511,Messi Lionel,60.0,Vítěz,25-WINNER_NWAY-a
2026-05-18T15:03:12,2591948512,Haaland Erling,30.0,Vítěz,25-WINNER_NWAY-a
2026-05-18T15:03:12,2591948513,Vitinha Ferreira Vitor,20.0,Vítěz,25-WINNER_NWAY-a
2026-05-18T15:03:12,2591948514,Martínez Lautaro,100.0,Vítěz,25-WINNER_NWAY-a
2026-05-18T15:03:12,2591948515,Olise Michael,6.0,Vítěz,25-WINNER_NWAY-a
2026-05-18T15:03:12,2591948516,Yamal Lamine,8.0,Vítěz,25-WINNER_NWAY-a
2026-05-18T15:03:12,2591948517,Dembele Ousmane,5.0,Vítěz,25-WINNER_NWAY-a
2026-05-18T15:03:12,2591948518,Mbappé Kylian,15.0,Vítěz,25-WINNER_NWAY-a
2026-05-18T15:03:12,2591948519,Ronaldo Cristiano,70.0,Vítěz,25-WINNER_NWAY-a
2026-05-18T07:18:07,2591948506,Hakimi Achraf,50.0,Vítěz,25-WINNER_NWAY-a
2026-05-18T07:18:07,2591948507,Kane Harry,3.5,Vítěz,25-WINNER_NWAY-a
2026-05-18T07:18:07,2591948508,Vinícius Júnior,30.0,Vítěz,25-WINNER_NWAY-a
2026-05-18T07:18:07,2591948509,Rice Declan,7.0,Vítěz,25-WINNER_NWAY-a
2026-05-18T07:18:07,2591948510,Kvaratskhelia Khvicha,10.0,Vítěz,25-WINNER_NWAY-a
2026-05-18T07:18:07,2591948511,Messi Lionel,60.0,Vítěz,25-WINNER_NWAY-a
2026-05-18T07:18:07,2591948512,Haaland Erling,30.0,Vítěz,25-WINNER_NWAY-a
2026-05-18T07:18:07,2591948513,Vitinha Ferreira Vitor,20.0,Vítěz,25-WINNER_NWAY-a
2026-05-18T07:18:07,2591948514,Martínez Lautaro,100.0,Vítěz,25-WINNER_NWAY-a
2026-05-18T07:18:07,2591948515,Olise Michael,6.0,Vítěz,25-WINNER_NWAY-a
2026-05-18T07:18:07,2591948516,Yamal Lamine,8.0,Vítěz,25-WINNER_NWAY-a
2026-05-18T07:18:07,2591948517,Dembele Ousmane,5.0,Vítěz,25-WINNER_NWAY-a
2026-05-18T07:18:07,2591948518,Mbappé Kylian,15.0,Vítěz,25-WINNER_NWAY-a
2026-05-18T07:18:07,2591948519,Ronaldo Cristiano,70.0,Vítěz,25-WINNER_NWAY-a
2026-05-17T22:16:36,2591948506,Hakimi Achraf,50.0,Vítěz,25-WINNER_NWAY-a
2026-05-17T22:16:36,2591948507,Kane Harry,3.5,Vítěz,25-WINNER_NWAY-a
2026-05-17T22:16:36,2591948508,Vinícius Júnior,30.0,Vítěz,25-WINNER_NWAY-a
2026-05-17T22:16:36,2591948509,Rice Declan,7.0,Vítěz,25-WINNER_NWAY-a
2026-05-17T22:16:36,2591948510,Kvaratskhelia Khvicha,10.0,Vítěz,25-WINNER_NWAY-a
2026-05-17T22:16:36,2591948511,Messi Lionel,60.0,Vítěz,25-WINNER_NWAY-a
2026-05-17T22:16:36,2591948512,Haaland Erling,30.0,Vítěz,25-WINNER_NWAY-a
2026-05-17T22:16:36,2591948513,Vitinha Ferreira Vitor,20.0,Vítěz,25-WINNER_NWAY-a
2026-05-17T22:16:36,2591948514,Martínez Lautaro,100.0,Vítěz,25-WINNER_NWAY-a
2026-05-17T22:16:36,2591948515,Olise Michael,6.0,Vítěz,25-WINNER_NWAY-a
2026-05-17T22:16:36,2591948516,Yamal Lamine,8.0,Vítěz,25-WINNER_NWAY-a
2026-05-17T22:16:36,2591948517,Dembele Ousmane,5.0,Vítěz,25-WINNER_NWAY-a
2026-05-17T22:16:36,2591948518,Mbappé Kylian,15.0,Vítěz,25-WINNER_NWAY-a
2026-05-17T22:16:36,2591948519,Ronaldo Cristiano,70.0,Vítěz,25-WINNER_NWAY-a
2026-05-17T14:29:21,2591948506,Hakimi Achraf,50.0,Vítěz,25-WINNER_NWAY-a
2026-05-17T14:29:21,2591948507,Kane Harry,3.5,Vítěz,25-WINNER_NWAY-a
2026-05-17T14:29:21,2591948508,Vinícius Júnior,30.0,Vítěz,25-WINNER_NWAY-a
2026-05-17T14:29:21,2591948509,Rice Declan,7.0,Vítěz,25-WINNER_NWAY-a
2026-05-17T14:29:21,2591948510,Kvaratskhelia Khvicha,10.0,Vítěz,25-WINNER_NWAY-a
2026-05-17T14:29:21,2591948511,Messi Lionel,60.0,Vítěz,25-WINNER_NWAY-a
2026-05-17T14:29:21,2591948512,Haaland Erling,30.0,Vítěz,25-WINNER_NWAY-a
2026-05-17T14:29:21,2591948513,Vitinha Ferreira Vitor,20.0,Vítěz,25-WINNER_NWAY-a
2026-05-17T14:29:21,2591948514,Martínez Lautaro,100.0,Vítěz,25-WINNER_NWAY-a
2026-05-17T14:29:21,2591948515,Olise Michael,6.0,Vítěz,25-WINNER_NWAY-a
2026-05-17T14:29:21,2591948516,Yamal Lamine,8.0,Vítěz,25-WINNER_NWAY-a
2026-05-17T14:29:21,2591948517,Dembele Ousmane,5.0,Vítěz,25-WINNER_NWAY-a
2026-05-17T14:29:21,2591948518,Mbappé Kylian,15.0,Vítěz,25-WINNER_NWAY-a
2026-05-17T14:29:21,2591948519,Ronaldo Cristiano,70.0,Vítěz,25-WINNER_NWAY-a
2026-05-17T06:55:07,2591948506,Hakimi Achraf,50.0,Vítěz,25-WINNER_NWAY-a
2026-05-17T06:55:07,2591948507,Kane Harry,3.5,Vítěz,25-WINNER_NWAY-a
2026-05-17T06:55:07,2591948508,Vinícius Júnior,30.0,Vítěz,25-WINNER_NWAY-a
2026-05-17T06:55:07,2591948509,Rice Declan,7.0,Vítěz,25-WINNER_NWAY-a
2026-05-17T06:55:07,2591948510,Kvaratskhelia Khvicha,10.0,Vítěz,25-WINNER_NWAY-a
2026-05-17T06:55:07,2591948511,Messi Lionel,60.0,Vítěz,25-WINNER_NWAY-a
2026-05-17T06:55:07,2591948512,Haaland Erling,30.0,Vítěz,25-WINNER_NWAY-a
2026-05-17T06:55:07,2591948513,Vitinha Ferreira Vitor,20.0,Vítěz,25-WINNER_NWAY-a
2026-05-17T06:55:07,2591948514,Martínez Lautaro,100.0,Vítěz,25-WINNER_NWAY-a
2026-05-17T06:55:07,2591948515,Olise Michael,6.0,Vítěz,25-WINNER_NWAY-a
2026-05-17T06:55:07,2591948516,Yamal Lamine,8.0,Vítěz,25-WINNER_NWAY-a
2026-05-17T06:55:07,2591948517,Dembele Ousmane,5.0,Vítěz,25-WINNER_NWAY-a
2026-05-17T06:55:07,2591948518,Mbappé Kylian,15.0,Vítěz,25-WINNER_NWAY-a
2026-05-17T06:55:07,2591948519,Ronaldo Cristiano,70.0,Vítěz,25-WINNER_NWAY-a
2026-05-16T22:15:04,2591948506,Hakimi Achraf,50.0,Vítěz,25-WINNER_NWAY-a
2026-05-16T22:15:04,2591948507,Kane Harry,3.5,Vítěz,25-WINNER_NWAY-a
2026-05-16T22:15:04,2591948508,Vinícius Júnior,30.0,Vítěz,25-WINNER_NWAY-a
2026-05-16T22:15:04,2591948509,Rice Declan,7.0,Vítěz,25-WINNER_NWAY-a
2026-05-16T22:15:04,2591948510,Kvaratskhelia Khvicha,10.0,Vítěz,25-WINNER_NWAY-a
2026-05-16T22:15:04,2591948511,Messi Lionel,60.0,Vítěz,25-WINNER_NWAY-a
2026-05-16T22:15:04,2591948512,Haaland Erling,30.0,Vítěz,25-WINNER_NWAY-a
2026-05-16T22:15:04,2591948513,Vitinha Ferreira Vitor,20.0,Vítěz,25-WINNER_NWAY-a
2026-05-16T22:15:04,2591948514,Martínez Lautaro,100.0,Vítěz,25-WINNER_NWAY-a
2026-05-16T22:15:04,2591948515,Olise Michael,6.0,Vítěz,25-WINNER_NWAY-a
2026-05-16T22:15:04,2591948516,Yamal Lamine,8.0,Vítěz,25-WINNER_NWAY-a
2026-05-16T22:15:04,2591948517,Dembele Ousmane,5.0,Vítěz,25-WINNER_NWAY-a
2026-05-16T22:15:04,2591948518,Mbappé Kylian,15.0,Vítěz,25-WINNER_NWAY-a
2026-05-16T22:15:04,2591948519,Ronaldo Cristiano,70.0,Vítěz,25-WINNER_NWAY-a
2026-05-16T14:26:52,2591948506,Hakimi Achraf,50.0,Vítěz,25-WINNER_NWAY-a
2026-05-16T14:26:52,2591948507,Kane Harry,3.5,Vítěz,25-WINNER_NWAY-a
2026-05-16T14:26:52,2591948508,Vinícius Júnior,30.0,Vítěz,25-WINNER_NWAY-a
2026-05-16T14:26:52,2591948509,Rice Declan,7.0,Vítěz,25-WINNER_NWAY-a
2026-05-16T14:26:52,2591948510,Kvaratskhelia Khvicha,10.0,Vítěz,25-WINNER_NWAY-a
2026-05-16T14:26:52,2591948511,Messi Lionel,60.0,Vítěz,25-WINNER_NWAY-a
2026-05-16T14:26:52,2591948512,Haaland Erling,30.0,Vítěz,25-WINNER_NWAY-a
2026-05-16T14:26:52,2591948513,Vitinha Ferreira Vitor,20.0,Vítěz,25-WINNER_NWAY-a
2026-05-16T14:26:52,2591948514,Martínez Lautaro,100.0,Vítěz,25-WINNER_NWAY-a
2026-05-16T14:26:52,2591948515,Olise Michael,6.0,Vítěz,25-WINNER_NWAY-a
2026-05-16T14:26:52,2591948516,Yamal Lamine,8.0,Vítěz,25-WINNER_NWAY-a
2026-05-16T14:26:52,2591948517,Dembele Ousmane,5.0,Vítěz,25-WINNER_NWAY-a
2026-05-16T14:26:52,2591948518,Mbappé Kylian,15.0,Vítěz,25-WINNER_NWAY-a
2026-05-16T14:26:52,2591948519,Ronaldo Cristiano,70.0,Vítěz,25-WINNER_NWAY-a
2026-05-16T06:44:36,2591948506,Hakimi Achraf,50.0,Vítěz,25-WINNER_NWAY-a
2026-05-16T06:44:36,2591948507,Kane Harry,3.5,Vítěz,25-WINNER_NWAY-a
2026-05-16T06:44:36,2591948508,Vinícius Júnior,30.0,Vítěz,25-WINNER_NWAY-a
2026-05-16T06:44:36,2591948509,Rice Declan,7.0,Vítěz,25-WINNER_NWAY-a
2026-05-16T06:44:36,2591948510,Kvaratskhelia Khvicha,10.0,Vítěz,25-WINNER_NWAY-a
2026-05-16T06:44:36,2591948511,Messi Lionel,60.0,Vítěz,25-WINNER_NWAY-a
2026-05-16T06:44:36,2591948512,Haaland Erling,30.0,Vítěz,25-WINNER_NWAY-a
2026-05-16T06:44:36,2591948513,Vitinha Ferreira Vitor,20.0,Vítěz,25-WINNER_NWAY-a
2026-05-16T06:44:36,2591948514,Martínez Lautaro,100.0,Vítěz,25-WINNER_NWAY-a
2026-05-16T06:44:36,2591948515,Olise Michael,6.0,Vítěz,25-WINNER_NWAY-a
2026-05-16T06:44:36,2591948516,Yamal Lamine,8.0,Vítěz,25-WINNER_NWAY-a
2026-05-16T06:44:36,2591948517,Dembele Ousmane,5.0,Vítěz,25-WINNER_NWAY-a
2026-05-16T06:44:36,2591948518,Mbappé Kylian,15.0,Vítěz,25-WINNER_NWAY-a
2026-05-16T06:44:36,2591948519,Ronaldo Cristiano,70.0,Vítěz,25-WINNER_NWAY-a
2026-05-15T22:18:35,2591948506,Hakimi Achraf,50.0,Vítěz,25-WINNER_NWAY-a
2026-05-15T22:18:35,2591948507,Kane Harry,3.5,Vítěz,25-WINNER_NWAY-a
2026-05-15T22:18:35,2591948508,Vinícius Júnior,30.0,Vítěz,25-WINNER_NWAY-a
2026-05-15T22:18:35,2591948509,Rice Declan,7.0,Vítěz,25-WINNER_NWAY-a
2026-05-15T22:18:35,2591948510,Kvaratskhelia Khvicha,10.0,Vítěz,25-WINNER_NWAY-a
2026-05-15T22:18:35,2591948511,Messi Lionel,60.0,Vítěz,25-WINNER_NWAY-a
2026-05-15T22:18:35,2591948512,Haaland Erling,30.0,Vítěz,25-WINNER_NWAY-a
2026-05-15T22:18:35,2591948513,Vitinha Ferreira Vitor,20.0,Vítěz,25-WINNER_NWAY-a
2026-05-15T22:18:35,2591948514,Martínez Lautaro,100.0,Vítěz,25-WINNER_NWAY-a
2026-05-15T22:18:35,2591948515,Olise Michael,6.0,Vítěz,25-WINNER_NWAY-a
2026-05-15T22:18:35,2591948516,Yamal Lamine,8.0,Vítěz,25-WINNER_NWAY-a
2026-05-15T22:18:35,2591948517,Dembele Ousmane,5.0,Vítěz,25-WINNER_NWAY-a
2026-05-15T22:18:35,2591948518,Mbappé Kylian,15.0,Vítěz,25-WINNER_NWAY-a
2026-05-15T22:18:35,2591948519,Ronaldo Cristiano,70.0,Vítěz,25-WINNER_NWAY-a
2026-05-15T14:47:52,2591948506,Hakimi Achraf,50.0,Vítěz,25-WINNER_NWAY-a
2026-05-15T14:47:52,2591948507,Kane Harry,3.5,Vítěz,25-WINNER_NWAY-a
2026-05-15T14:47:52,2591948508,Vinícius Júnior,30.0,Vítěz,25-WINNER_NWAY-a
2026-05-15T14:47:52,2591948509,Rice Declan,7.0,Vítěz,25-WINNER_NWAY-a
2026-05-15T14:47:52,2591948510,Kvaratskhelia Khvicha,10.0,Vítěz,25-WINNER_NWAY-a
2026-05-15T14:47:52,2591948511,Messi Lionel,60.0,Vítěz,25-WINNER_NWAY-a
2026-05-15T14:47:52,2591948512,Haaland Erling,30.0,Vítěz,25-WINNER_NWAY-a
2026-05-15T14:47:52,2591948513,Vitinha Ferreira Vitor,20.0,Vítěz,25-WINNER_NWAY-a
2026-05-15T14:47:52,2591948514,Martínez Lautaro,100.0,Vítěz,25-WINNER_NWAY-a
2026-05-15T14:47:52,2591948515,Olise Michael,6.0,Vítěz,25-WINNER_NWAY-a
2026-05-15T14:47:52,2591948516,Yamal Lamine,8.0,Vítěz,25-WINNER_NWAY-a
2026-05-15T14:47:52,2591948517,Dembele Ousmane,5.0,Vítěz,25-WINNER_NWAY-a
2026-05-15T14:47:52,2591948518,Mbappé Kylian,15.0,Vítěz,25-WINNER_NWAY-a
2026-05-15T14:47:52,2591948519,Ronaldo Cristiano,70.0,Vítěz,25-WINNER_NWAY-a
2026-05-15T07:03:11,2591948506,Hakimi Achraf,50.0,Vítěz,25-WINNER_NWAY-a
2026-05-15T07:03:11,2591948507,Kane Harry,3.5,Vítěz,25-WINNER_NWAY-a
2026-05-15T07:03:11,2591948508,Vinícius Júnior,30.0,Vítěz,25-WINNER_NWAY-a
2026-05-15T07:03:11,2591948509,Rice Declan,7.0,Vítěz,25-WINNER_NWAY-a
2026-05-15T07:03:11,2591948510,Kvaratskhelia Khvicha,10.0,Vítěz,25-WINNER_NWAY-a
2026-05-15T07:03:11,2591948511,Messi Lionel,60.0,Vítěz,25-WINNER_NWAY-a
2026-05-15T07:03:11,2591948512,Haaland Erling,30.0,Vítěz,25-WINNER_NWAY-a
2026-05-15T07:03:11,2591948513,Vitinha Ferreira Vitor,20.0,Vítěz,25-WINNER_NWAY-a
2026-05-15T07:03:11,2591948514,Martínez Lautaro,100.0,Vítěz,25-WINNER_NWAY-a
2026-05-15T07:03:11,2591948515,Olise Michael,6.0,Vítěz,25-WINNER_NWAY-a
2026-05-15T07:03:11,2591948516,Yamal Lamine,8.0,Vítěz,25-WINNER_NWAY-a
2026-05-15T07:03:11,2591948517,Dembele Ousmane,5.0,Vítěz,25-WINNER_NWAY-a
2026-05-15T07:03:11,2591948518,Mbappé Kylian,15.0,Vítěz,25-WINNER_NWAY-a
2026-05-15T07:03:11,2591948519,Ronaldo Cristiano,70.0,Vítěz,25-WINNER_NWAY-a
2026-05-14T22:22:26,2591948506,Hakimi Achraf,50.0,Vítěz,25-WINNER_NWAY-a
2026-05-14T22:22:26,2591948507,Kane Harry,3.5,Vítěz,25-WINNER_NWAY-a
2026-05-14T22:22:26,2591948508,Vinícius Júnior,30.0,Vítěz,25-WINNER_NWAY-a
2026-05-14T22:22:26,2591948509,Rice Declan,7.0,Vítěz,25-WINNER_NWAY-a
2026-05-14T22:22:26,2591948510,Kvaratskhelia Khvicha,10.0,Vítěz,25-WINNER_NWAY-a
2026-05-14T22:22:26,2591948511,Messi Lionel,60.0,Vítěz,25-WINNER_NWAY-a
2026-05-14T22:22:26,2591948512,Haaland Erling,30.0,Vítěz,25-WINNER_NWAY-a
2026-05-14T22:22:26,2591948513,Vitinha Ferreira Vitor,20.0,Vítěz,25-WINNER_NWAY-a
2026-05-14T22:22:26,2591948514,Martínez Lautaro,100.0,Vítěz,25-WINNER_NWAY-a
2026-05-14T22:22:26,2591948515,Olise Michael,6.0,Vítěz,25-WINNER_NWAY-a
2026-05-14T22:22:26,2591948516,Yamal Lamine,8.0,Vítěz,25-WINNER_NWAY-a
2026-05-14T22:22:26,2591948517,Dembele Ousmane,5.0,Vítěz,25-WINNER_NWAY-a
2026-05-14T22:22:26,2591948518,Mbappé Kylian,15.0,Vítěz,25-WINNER_NWAY-a
2026-05-14T22:22:26,2591948519,Ronaldo Cristiano,70.0,Vítěz,25-WINNER_NWAY-a
2026-05-14T14:50:34,2591948506,Hakimi Achraf,50.0,Vítěz,25-WINNER_NWAY-a
2026-05-14T14:50:34,2591948507,Kane Harry,3.5,Vítěz,25-WINNER_NWAY-a
2026-05-14T14:50:34,2591948508,Vinícius Júnior,30.0,Vítěz,25-WINNER_NWAY-a
2026-05-14T14:50:34,2591948509,Rice Declan,7.0,Vítěz,25-WINNER_NWAY-a
2026-05-14T14:50:34,2591948510,Kvaratskhelia Khvicha,10.0,Vítěz,25-WINNER_NWAY-a
2026-05-14T14:50:34,2591948511,Messi Lionel,60.0,Vítěz,25-WINNER_NWAY-a
2026-05-14T14:50:34,2591948512,Haaland Erling,30.0,Vítěz,25-WINNER_NWAY-a
2026-05-14T14:50:34,2591948513,Vitinha Ferreira Vitor,20.0,Vítěz,25-WINNER_NWAY-a
2026-05-14T14:50:34,2591948514,Martínez Lautaro,100.0,Vítěz,25-WINNER_NWAY-a
2026-05-14T14:50:34,2591948515,Olise Michael,6.0,Vítěz,25-WINNER_NWAY-a
2026-05-14T14:50:34,2591948516,Yamal Lamine,8.0,Vítěz,25-WINNER_NWAY-a
2026-05-14T14:50:34,2591948517,Dembele Ousmane,5.0,Vítěz,25-WINNER_NWAY-a
2026-05-14T14:50:34,2591948518,Mbappé Kylian,15.0,Vítěz,25-WINNER_NWAY-a
2026-05-14T14:50:34,2591948519,Ronaldo Cristiano,70.0,Vítěz,25-WINNER_NWAY-a
2026-05-14T06:57:27,2591948506,Hakimi Achraf,50.0,Vítěz,25-WINNER_NWAY-a
2026-05-14T06:57:27,2591948507,Kane Harry,3.5,Vítěz,25-WINNER_NWAY-a
2026-05-14T06:57:27,2591948508,Vinícius Júnior,30.0,Vítěz,25-WINNER_NWAY-a
2026-05-14T06:57:27,2591948509,Rice Declan,7.0,Vítěz,25-WINNER_NWAY-a
2026-05-14T06:57:27,2591948510,Kvaratskhelia Khvicha,10.0,Vítěz,25-WINNER_NWAY-a
2026-05-14T06:57:27,2591948511,Messi Lionel,60.0,Vítěz,25-WINNER_NWAY-a
2026-05-14T06:57:27,2591948512,Haaland Erling,30.0,Vítěz,25-WINNER_NWAY-a
2026-05-14T06:57:27,2591948513,Vitinha Ferreira Vitor,20.0,Vítěz,25-WINNER_NWAY-a
2026-05-14T06:57:27,2591948514,Martínez Lautaro,100.0,Vítěz,25-WINNER_NWAY-a
2026-05-14T06:57:27,2591948515,Olise Michael,6.0,Vítěz,25-WINNER_NWAY-a
2026-05-14T06:57:27,2591948516,Yamal Lamine,8.0,Vítěz,25-WINNER_NWAY-a
2026-05-14T06:57:27,2591948517,Dembele Ousmane,5.0,Vítěz,25-WINNER_NWAY-a
2026-05-14T06:57:27,2591948518,Mbappé Kylian,15.0,Vítěz,25-WINNER_NWAY-a
2026-05-14T06:57:27,2591948519,Ronaldo Cristiano,70.0,Vítěz,25-WINNER_NWAY-a
2026-05-13T22:25:32,2591948506,Hakimi Achraf,50.0,Vítěz,25-WINNER_NWAY-a
2026-05-13T22:25:32,2591948507,Kane Harry,3.5,Vítěz,25-WINNER_NWAY-a
2026-05-13T22:25:32,2591948508,Vinícius Júnior,30.0,Vítěz,25-WINNER_NWAY-a
2026-05-13T22:25:32,2591948509,Rice Declan,7.0,Vítěz,25-WINNER_NWAY-a
2026-05-13T22:25:32,2591948510,Kvaratskhelia Khvicha,10.0,Vítěz,25-WINNER_NWAY-a
2026-05-13T22:25:32,2591948511,Messi Lionel,60.0,Vítěz,25-WINNER_NWAY-a
2026-05-13T22:25:32,2591948512,Haaland Erling,30.0,Vítěz,25-WINNER_NWAY-a
2026-05-13T22:25:32,2591948513,Vitinha Ferreira Vitor,20.0,Vítěz,25-WINNER_NWAY-a
2026-05-13T22:25:32,2591948514,Martínez Lautaro,100.0,Vítěz,25-WINNER_NWAY-a
2026-05-13T22:25:32,2591948515,Olise Michael,6.0,Vítěz,25-WINNER_NWAY-a
2026-05-13T22:25:32,2591948516,Yamal Lamine,8.0,Vítěz,25-WINNER_NWAY-a
2026-05-13T22:25:32,2591948517,Dembele Ousmane,5.0,Vítěz,25-WINNER_NWAY-a
2026-05-13T22:25:32,2591948518,Mbappé Kylian,15.0,Vítěz,25-WINNER_NWAY-a
2026-05-13T22:25:32,2591948519,Ronaldo Cristiano,70.0,Vítěz,25-WINNER_NWAY-a
2026-05-13T14:59:11,2591948506,Hakimi Achraf,50.0,Vítěz,25-WINNER_NWAY-a
2026-05-13T14:59:11,2591948507,Kane Harry,3.5,Vítěz,25-WINNER_NWAY-a
2026-05-13T14:59:11,2591948508,Vinícius Júnior,30.0,Vítěz,25-WINNER_NWAY-a
2026-05-13T14:59:11,2591948509,Rice Declan,7.0,Vítěz,25-WINNER_NWAY-a
2026-05-13T14:59:11,2591948510,Kvaratskhelia Khvicha,10.0,Vítěz,25-WINNER_NWAY-a
2026-05-13T14:59:11,2591948511,Messi Lionel,60.0,Vítěz,25-WINNER_NWAY-a
2026-05-13T14:59:11,2591948512,Haaland Erling,30.0,Vítěz,25-WINNER_NWAY-a
2026-05-13T14:59:11,2591948513,Vitinha Ferreira Vitor,20.0,Vítěz,25-WINNER_NWAY-a
2026-05-13T14:59:11,2591948514,Martínez Lautaro,100.0,Vítěz,25-WINNER_NWAY-a
2026-05-13T14:59:11,2591948515,Olise Michael,6.0,Vítěz,25-WINNER_NWAY-a
2026-05-13T14:59:11,2591948516,Yamal Lamine,8.0,Vítěz,25-WINNER_NWAY-a
2026-05-13T14:59:11,2591948517,Dembele Ousmane,5.0,Vítěz,25-WINNER_NWAY-a
2026-05-13T14:59:11,2591948518,Mbappé Kylian,15.0,Vítěz,25-WINNER_NWAY-a
2026-05-13T14:59:11,2591948519,Ronaldo Cristiano,70.0,Vítěz,25-WINNER_NWAY-a
2026-05-13T06:59:13,2591948506,Hakimi Achraf,50.0,Vítěz,25-WINNER_NWAY-a
2026-05-13T06:59:13,2591948507,Kane Harry,3.5,Vítěz,25-WINNER_NWAY-a
2026-05-13T06:59:13,2591948508,Vinícius Júnior,30.0,Vítěz,25-WINNER_NWAY-a
2026-05-13T06:59:13,2591948509,Rice Declan,7.0,Vítěz,25-WINNER_NWAY-a
2026-05-13T06:59:13,2591948510,Kvaratskhelia Khvicha,10.0,Vítěz,25-WINNER_NWAY-a
2026-05-13T06:59:13,2591948511,Messi Lionel,60.0,Vítěz,25-WINNER_NWAY-a
2026-05-13T06:59:13,2591948512,Haaland Erling,30.0,Vítěz,25-WINNER_NWAY-a
2026-05-13T06:59:13,2591948513,Vitinha Ferreira Vitor,20.0,Vítěz,25-WINNER_NWAY-a
2026-05-13T06:59:13,2591948514,Martínez Lautaro,100.0,Vítěz,25-WINNER_NWAY-a
2026-05-13T06:59:13,2591948515,Olise Michael,6.0,Vítěz,25-WINNER_NWAY-a
2026-05-13T06:59:13,2591948516,Yamal Lamine,8.0,Vítěz,25-WINNER_NWAY-a
2026-05-13T06:59:13,2591948517,Dembele Ousmane,5.0,Vítěz,25-WINNER_NWAY-a
2026-05-13T06:59:13,2591948518,Mbappé Kylian,15.0,Vítěz,25-WINNER_NWAY-a
2026-05-13T06:59:13,2591948519,Ronaldo Cristiano,70.0,Vítěz,25-WINNER_NWAY-a
2026-05-12T22:25:09,2591948506,Hakimi Achraf,50.0,Vítěz,25-WINNER_NWAY-a
2026-05-12T22:25:09,2591948507,Kane Harry,3.5,Vítěz,25-WINNER_NWAY-a
2026-05-12T22:25:09,2591948508,Vinícius Júnior,30.0,Vítěz,25-WINNER_NWAY-a
2026-05-12T22:25:09,2591948509,Rice Declan,7.0,Vítěz,25-WINNER_NWAY-a
2026-05-12T22:25:09,2591948510,Kvaratskhelia Khvicha,10.0,Vítěz,25-WINNER_NWAY-a
2026-05-12T22:25:09,2591948511,Messi Lionel,60.0,Vítěz,25-WINNER_NWAY-a
2026-05-12T22:25:09,2591948512,Haaland Erling,30.0,Vítěz,25-WINNER_NWAY-a
2026-05-12T22:25:09,2591948513,Vitinha Ferreira Vitor,20.0,Vítěz,25-WINNER_NWAY-a
2026-05-12T22:25:09,2591948514,Martínez Lautaro,100.0,Vítěz,25-WINNER_NWAY-a
2026-05-12T22:25:09,2591948515,Olise Michael,6.0,Vítěz,25-WINNER_NWAY-a
2026-05-12T22:25:09,2591948516,Yamal Lamine,8.0,Vítěz,25-WINNER_NWAY-a
2026-05-12T22:25:09,2591948517,Dembele Ousmane,5.0,Vítěz,25-WINNER_NWAY-a
2026-05-12T22:25:09,2591948518,Mbappé Kylian,15.0,Vítěz,25-WINNER_NWAY-a
2026-05-12T22:25:09,2591948519,Ronaldo Cristiano,70.0,Vítěz,25-WINNER_NWAY-a
2026-05-12T14:55:07,2591948506,Hakimi Achraf,50.0,Vítěz,25-WINNER_NWAY-a
2026-05-12T14:55:07,2591948507,Kane Harry,3.5,Vítěz,25-WINNER_NWAY-a
2026-05-12T14:55:07,2591948508,Vinícius Júnior,30.0,Vítěz,25-WINNER_NWAY-a
2026-05-12T14:55:07,2591948509,Rice Declan,7.0,Vítěz,25-WINNER_NWAY-a
2026-05-12T14:55:07,2591948510,Kvaratskhelia Khvicha,10.0,Vítěz,25-WINNER_NWAY-a
2026-05-12T14:55:07,2591948511,Messi Lionel,60.0,Vítěz,25-WINNER_NWAY-a
2026-05-12T14:55:07,2591948512,Haaland Erling,30.0,Vítěz,25-WINNER_NWAY-a
2026-05-12T14:55:07,2591948513,Vitinha Ferreira Vitor,20.0,Vítěz,25-WINNER_NWAY-a
2026-05-12T14:55:07,2591948514,Martínez Lautaro,100.0,Vítěz,25-WINNER_NWAY-a
2026-05-12T14:55:07,2591948515,Olise Michael,6.0,Vítěz,25-WINNER_NWAY-a
2026-05-12T14:55:07,2591948516,Yamal Lamine,8.0,Vítěz,25-WINNER_NWAY-a
2026-05-12T14:55:07,2591948517,Dembele Ousmane,5.0,Vítěz,25-WINNER_NWAY-a
2026-05-12T14:55:07,2591948518,Mbappé Kylian,15.0,Vítěz,25-WINNER_NWAY-a
2026-05-12T14:55:07,2591948519,Ronaldo Cristiano,70.0,Vítěz,25-WINNER_NWAY-a
2026-05-12T06:55:08,2591948506,Hakimi Achraf,50.0,Vítěz,25-WINNER_NWAY-a
2026-05-12T06:55:08,2591948507,Kane Harry,3.5,Vítěz,25-WINNER_NWAY-a
2026-05-12T06:55:08,2591948508,Vinícius Júnior,30.0,Vítěz,25-WINNER_NWAY-a
2026-05-12T06:55:08,2591948509,Rice Declan,7.0,Vítěz,25-WINNER_NWAY-a
2026-05-12T06:55:08,2591948510,Kvaratskhelia Khvicha,10.0,Vítěz,25-WINNER_NWAY-a
2026-05-12T06:55:08,2591948511,Messi Lionel,60.0,Vítěz,25-WINNER_NWAY-a
2026-05-12T06:55:08,2591948512,Haaland Erling,30.0,Vítěz,25-WINNER_NWAY-a
2026-05-12T06:55:08,2591948513,Vitinha Ferreira Vitor,20.0,Vítěz,25-WINNER_NWAY-a
2026-05-12T06:55:08,2591948514,Martínez Lautaro,100.0,Vítěz,25-WINNER_NWAY-a
2026-05-12T06:55:08,2591948515,Olise Michael,6.0,Vítěz,25-WINNER_NWAY-a
2026-05-12T06:55:08,2591948516,Yamal Lamine,8.0,Vítěz,25-WINNER_NWAY-a
2026-05-12T06:55:08,2591948517,Dembele Ousmane,5.0,Vítěz,25-WINNER_NWAY-a
2026-05-12T06:55:08,2591948518,Mbappé Kylian,15.0,Vítěz,25-WINNER_NWAY-a
2026-05-12T06:55:08,2591948519,Ronaldo Cristiano,70.0,Vítěz,25-WINNER_NWAY-a
2026-05-11T22:22:01,2591948506,Hakimi Achraf,50.0,Vítěz,25-WINNER_NWAY-a
2026-05-11T22:22:01,2591948507,Kane Harry,3.5,Vítěz,25-WINNER_NWAY-a
2026-05-11T22:22:01,2591948508,Vinícius Júnior,30.0,Vítěz,25-WINNER_NWAY-a
2026-05-11T22:22:01,2591948509,Rice Declan,7.0,Vítěz,25-WINNER_NWAY-a
2026-05-11T22:22:01,2591948510,Kvaratskhelia Khvicha,10.0,Vítěz,25-WINNER_NWAY-a
2026-05-11T22:22:01,2591948511,Messi Lionel,60.0,Vítěz,25-WINNER_NWAY-a
2026-05-11T22:22:01,2591948512,Haaland Erling,30.0,Vítěz,25-WINNER_NWAY-a
2026-05-11T22:22:01,2591948513,Vitinha Ferreira Vitor,20.0,Vítěz,25-WINNER_NWAY-a
2026-05-11T22:22:01,2591948514,Martínez Lautaro,100.0,Vítěz,25-WINNER_NWAY-a
2026-05-11T22:22:01,2591948515,Olise Michael,6.0,Vítěz,25-WINNER_NWAY-a
2026-05-11T22:22:01,2591948516,Yamal Lamine,8.0,Vítěz,25-WINNER_NWAY-a
2026-05-11T22:22:01,2591948517,Dembele Ousmane,5.0,Vítěz,25-WINNER_NWAY-a
2026-05-11T22:22:01,2591948518,Mbappé Kylian,15.0,Vítěz,25-WINNER_NWAY-a
2026-05-11T22:22:01,2591948519,Ronaldo Cristiano,70.0,Vítěz,25-WINNER_NWAY-a
2026-05-11T15:02:00,2591948506,Hakimi Achraf,50.0,Vítěz,25-WINNER_NWAY-a
2026-05-11T15:02:00,2591948507,Kane Harry,3.5,Vítěz,25-WINNER_NWAY-a
2026-05-11T15:02:00,2591948508,Vinícius Júnior,30.0,Vítěz,25-WINNER_NWAY-a
2026-05-11T15:02:00,2591948509,Rice Declan,7.0,Vítěz,25-WINNER_NWAY-a
2026-05-11T15:02:00,2591948510,Kvaratskhelia Khvicha,10.0,Vítěz,25-WINNER_NWAY-a
2026-05-11T15:02:00,2591948511,Messi Lionel,60.0,Vítěz,25-WINNER_NWAY-a
2026-05-11T15:02:00,2591948512,Haaland Erling,30.0,Vítěz,25-WINNER_NWAY-a
2026-05-11T15:02:00,2591948513,Vitinha Ferreira Vitor,20.0,Vítěz,25-WINNER_NWAY-a
2026-05-11T15:02:00,2591948514,Martínez Lautaro,100.0,Vítěz,25-WINNER_NWAY-a
2026-05-11T15:02:00,2591948515,Olise Michael,6.0,Vítěz,25-WINNER_NWAY-a
2026-05-11T15:02:00,2591948516,Yamal Lamine,8.0,Vítěz,25-WINNER_NWAY-a
2026-05-11T15:02:00,2591948517,Dembele Ousmane,5.0,Vítěz,25-WINNER_NWAY-a
2026-05-11T15:02:00,2591948518,Mbappé Kylian,15.0,Vítěz,25-WINNER_NWAY-a
2026-05-11T15:02:00,2591948519,Ronaldo Cristiano,70.0,Vítěz,25-WINNER_NWAY-a
2026-05-11T07:06:59,2591948506,Hakimi Achraf,50.0,Vítěz,25-WINNER_NWAY-a
2026-05-11T07:06:59,2591948507,Kane Harry,3.5,Vítěz,25-WINNER_NWAY-a
2026-05-11T07:06:59,2591948508,Vinícius Júnior,30.0,Vítěz,25-WINNER_NWAY-a
2026-05-11T07:06:59,2591948509,Rice Declan,7.0,Vítěz,25-WINNER_NWAY-a
2026-05-11T07:06:59,2591948510,Kvaratskhelia Khvicha,10.0,Vítěz,25-WINNER_NWAY-a
2026-05-11T07:06:59,2591948511,Messi Lionel,60.0,Vítěz,25-WINNER_NWAY-a
2026-05-11T07:06:59,2591948512,Haaland Erling,30.0,Vítěz,25-WINNER_NWAY-a
2026-05-11T07:06:59,2591948513,Vitinha Ferreira Vitor,20.0,Vítěz,25-WINNER_NWAY-a
2026-05-11T07:06:59,2591948514,Martínez Lautaro,100.0,Vítěz,25-WINNER_NWAY-a
2026-05-11T07:06:59,2591948515,Olise Michael,6.0,Vítěz,25-WINNER_NWAY-a
2026-05-11T07:06:59,2591948516,Yamal Lamine,8.0,Vítěz,25-WINNER_NWAY-a
2026-05-11T07:06:59,2591948517,Dembele Ousmane,5.0,Vítěz,25-WINNER_NWAY-a
2026-05-11T07:06:59,2591948518,Mbappé Kylian,15.0,Vítěz,25-WINNER_NWAY-a
2026-05-11T07:06:59,2591948519,Ronaldo Cristiano,70.0,Vítěz,25-WINNER_NWAY-a
2026-05-10T22:14:49,2591948506,Hakimi Achraf,50.0,Vítěz,25-WINNER_NWAY-a
2026-05-10T22:14:49,2591948507,Kane Harry,3.5,Vítěz,25-WINNER_NWAY-a
2026-05-10T22:14:49,2591948508,Vinícius Júnior,30.0,Vítěz,25-WINNER_NWAY-a
2026-05-10T22:14:49,2591948509,Rice Declan,7.0,Vítěz,25-WINNER_NWAY-a
2026-05-10T22:14:49,2591948510,Kvaratskhelia Khvicha,10.0,Vítěz,25-WINNER_NWAY-a
2026-05-10T22:14:49,2591948511,Messi Lionel,60.0,Vítěz,25-WINNER_NWAY-a
2026-05-10T22:14:49,2591948512,Haaland Erling,30.0,Vítěz,25-WINNER_NWAY-a
2026-05-10T22:14:49,2591948513,Vitinha Ferreira Vitor,20.0,Vítěz,25-WINNER_NWAY-a
2026-05-10T22:14:49,2591948514,Martínez Lautaro,100.0,Vítěz,25-WINNER_NWAY-a
2026-05-10T22:14:49,2591948515,Olise Michael,6.0,Vítěz,25-WINNER_NWAY-a
2026-05-10T22:14:49,2591948516,Yamal Lamine,8.0,Vítěz,25-WINNER_NWAY-a
2026-05-10T22:14:49,2591948517,Dembele Ousmane,5.0,Vítěz,25-WINNER_NWAY-a
2026-05-10T22:14:49,2591948518,Mbappé Kylian,15.0,Vítěz,25-WINNER_NWAY-a
2026-05-10T22:14:49,2591948519,Ronaldo Cristiano,70.0,Vítěz,25-WINNER_NWAY-a
2026-05-10T14:24:19,2591948506,Hakimi Achraf,50.0,Vítěz,25-WINNER_NWAY-a
2026-05-10T14:24:19,2591948507,Kane Harry,3.5,Vítěz,25-WINNER_NWAY-a
2026-05-10T14:24:19,2591948508,Vinícius Júnior,30.0,Vítěz,25-WINNER_NWAY-a
2026-05-10T14:24:19,2591948509,Rice Declan,7.0,Vítěz,25-WINNER_NWAY-a
2026-05-10T14:24:19,2591948510,Kvaratskhelia Khvicha,10.0,Vítěz,25-WINNER_NWAY-a
2026-05-10T14:24:19,2591948511,Messi Lionel,60.0,Vítěz,25-WINNER_NWAY-a
2026-05-10T14:24:19,2591948512,Haaland Erling,30.0,Vítěz,25-WINNER_NWAY-a
2026-05-10T14:24:19,2591948513,Vitinha Ferreira Vitor,20.0,Vítěz,25-WINNER_NWAY-a
2026-05-10T14:24:19,2591948514,Martínez Lautaro,100.0,Vítěz,25-WINNER_NWAY-a
2026-05-10T14:24:19,2591948515,Olise Michael,6.0,Vítěz,25-WINNER_NWAY-a
2026-05-10T14:24:19,2591948516,Yamal Lamine,8.0,Vítěz,25-WINNER_NWAY-a
2026-05-10T14:24:19,2591948517,Dembele Ousmane,5.0,Vítěz,25-WINNER_NWAY-a
2026-05-10T14:24:19,2591948518,Mbappé Kylian,15.0,Vítěz,25-WINNER_NWAY-a
2026-05-10T14:24:19,2591948519,Ronaldo Cristiano,70.0,Vítěz,25-WINNER_NWAY-a
2026-05-10T06:52:06,2591948506,Hakimi Achraf,50.0,Vítěz,25-WINNER_NWAY-a
2026-05-10T06:52:06,2591948507,Kane Harry,3.5,Vítěz,25-WINNER_NWAY-a
2026-05-10T06:52:06,2591948508,Vinícius Júnior,30.0,Vítěz,25-WINNER_NWAY-a
2026-05-10T06:52:06,2591948509,Rice Declan,7.0,Vítěz,25-WINNER_NWAY-a
2026-05-10T06:52:06,2591948510,Kvaratskhelia Khvicha,10.0,Vítěz,25-WINNER_NWAY-a
2026-05-10T06:52:06,2591948511,Messi Lionel,60.0,Vítěz,25-WINNER_NWAY-a
2026-05-10T06:52:06,2591948512,Haaland Erling,30.0,Vítěz,25-WINNER_NWAY-a
2026-05-10T06:52:06,2591948513,Vitinha Ferreira Vitor,20.0,Vítěz,25-WINNER_NWAY-a
2026-05-10T06:52:06,2591948514,Martínez Lautaro,100.0,Vítěz,25-WINNER_NWAY-a
2026-05-10T06:52:06,2591948515,Olise Michael,6.0,Vítěz,25-WINNER_NWAY-a
2026-05-10T06:52:06,2591948516,Yamal Lamine,8.0,Vítěz,25-WINNER_NWAY-a
2026-05-10T06:52:06,2591948517,Dembele Ousmane,5.0,Vítěz,25-WINNER_NWAY-a
2026-05-10T06:52:06,2591948518,Mbappé Kylian,15.0,Vítěz,25-WINNER_NWAY-a
2026-05-10T06:52:06,2591948519,Ronaldo Cristiano,70.0,Vítěz,25-WINNER_NWAY-a
2026-05-09T22:13:35,2591948506,Hakimi Achraf,50.0,Vítěz,25-WINNER_NWAY-a
2026-05-09T22:13:35,2591948507,Kane Harry,3.5,Vítěz,25-WINNER_NWAY-a
2026-05-09T22:13:35,2591948508,Vinícius Júnior,40.0,Vítěz,25-WINNER_NWAY-a
2026-05-09T22:13:35,2591948509,Rice Declan,7.0,Vítěz,25-WINNER_NWAY-a
2026-05-09T22:13:35,2591948510,Kvaratskhelia Khvicha,10.0,Vítěz,25-WINNER_NWAY-a
2026-05-09T22:13:35,2591948511,Messi Lionel,60.0,Vítěz,25-WINNER_NWAY-a
2026-05-09T22:13:35,2591948512,Haaland Erling,30.0,Vítěz,25-WINNER_NWAY-a
2026-05-09T22:13:35,2591948513,Vitinha Ferreira Vitor,20.0,Vítěz,25-WINNER_NWAY-a
2026-05-09T22:13:35,2591948514,Martínez Lautaro,100.0,Vítěz,25-WINNER_NWAY-a
2026-05-09T22:13:35,2591948515,Olise Michael,6.0,Vítěz,25-WINNER_NWAY-a
2026-05-09T22:13:35,2591948516,Yamal Lamine,8.0,Vítěz,25-WINNER_NWAY-a
2026-05-09T22:13:35,2591948517,Dembele Ousmane,5.0,Vítěz,25-WINNER_NWAY-a
2026-05-09T22:13:35,2591948518,Mbappé Kylian,15.0,Vítěz,25-WINNER_NWAY-a
2026-05-09T22:13:35,2591948519,Ronaldo Cristiano,70.0,Vítěz,25-WINNER_NWAY-a
2026-05-09T14:22:46,2591948506,Hakimi Achraf,50.0,Vítěz,25-WINNER_NWAY-a
2026-05-09T14:22:46,2591948507,Kane Harry,3.5,Vítěz,25-WINNER_NWAY-a
2026-05-09T14:22:46,2591948508,Vinícius Júnior,40.0,Vítěz,25-WINNER_NWAY-a
2026-05-09T14:22:46,2591948509,Rice Declan,7.0,Vítěz,25-WINNER_NWAY-a
2026-05-09T14:22:46,2591948510,Kvaratskhelia Khvicha,10.0,Vítěz,25-WINNER_NWAY-a
2026-05-09T14:22:46,2591948511,Messi Lionel,60.0,Vítěz,25-WINNER_NWAY-a
2026-05-09T14:22:46,2591948512,Haaland Erling,30.0,Vítěz,25-WINNER_NWAY-a
2026-05-09T14:22:46,2591948513,Vitinha Ferreira Vitor,20.0,Vítěz,25-WINNER_NWAY-a
2026-05-09T14:22:46,2591948514,Martínez Lautaro,100.0,Vítěz,25-WINNER_NWAY-a
2026-05-09T14:22:46,2591948515,Olise Michael,6.0,Vítěz,25-WINNER_NWAY-a
2026-05-09T14:22:46,2591948516,Yamal Lamine,8.0,Vítěz,25-WINNER_NWAY-a
2026-05-09T14:22:46,2591948517,Dembele Ousmane,5.0,Vítěz,25-WINNER_NWAY-a
2026-05-09T14:22:46,2591948518,Mbappé Kylian,15.0,Vítěz,25-WINNER_NWAY-a
2026-05-09T14:22:46,2591948519,Ronaldo Cristiano,70.0,Vítěz,25-WINNER_NWAY-a
2026-05-09T06:40:30,2591948506,Hakimi Achraf,50.0,Vítěz,25-WINNER_NWAY-a
2026-05-09T06:40:30,2591948507,Kane Harry,3.5,Vítěz,25-WINNER_NWAY-a
2026-05-09T06:40:30,2591948508,Vinícius Júnior,40.0,Vítěz,25-WINNER_NWAY-a
2026-05-09T06:40:30,2591948509,Rice Declan,7.0,Vítěz,25-WINNER_NWAY-a
2026-05-09T06:40:30,2591948510,Kvaratskhelia Khvicha,10.0,Vítěz,25-WINNER_NWAY-a
2026-05-09T06:40:30,2591948511,Messi Lionel,60.0,Vítěz,25-WINNER_NWAY-a
2026-05-09T06:40:30,2591948512,Haaland Erling,30.0,Vítěz,25-WINNER_NWAY-a
2026-05-09T06:40:30,2591948513,Vitinha Ferreira Vitor,20.0,Vítěz,25-WINNER_NWAY-a
2026-05-09T06:40:30,2591948514,Martínez Lautaro,100.0,Vítěz,25-WINNER_NWAY-a
2026-05-09T06:40:30,2591948515,Olise Michael,6.0,Vítěz,25-WINNER_NWAY-a
2026-05-09T06:40:30,2591948516,Yamal Lamine,8.0,Vítěz,25-WINNER_NWAY-a
2026-05-09T06:40:30,2591948517,Dembele Ousmane,5.0,Vítěz,25-WINNER_NWAY-a
2026-05-09T06:40:30,2591948518,Mbappé Kylian,15.0,Vítěz,25-WINNER_NWAY-a
2026-05-09T06:40:30,2591948519,Ronaldo Cristiano,70.0,Vítěz,25-WINNER_NWAY-a
2026-05-08T22:19:10,2591948506,Hakimi Achraf,50.0,Vítěz,25-WINNER_NWAY-a
2026-05-08T22:19:10,2591948507,Kane Harry,3.5,Vítěz,25-WINNER_NWAY-a
2026-05-08T22:19:10,2591948508,Vinícius Júnior,40.0,Vítěz,25-WINNER_NWAY-a
2026-05-08T22:19:10,2591948509,Rice Declan,7.0,Vítěz,25-WINNER_NWAY-a
2026-05-08T22:19:10,2591948510,Kvaratskhelia Khvicha,10.0,Vítěz,25-WINNER_NWAY-a
2026-05-08T22:19:10,2591948511,Messi Lionel,60.0,Vítěz,25-WINNER_NWAY-a
2026-05-08T22:19:10,2591948512,Haaland Erling,30.0,Vítěz,25-WINNER_NWAY-a
2026-05-08T22:19:10,2591948513,Vitinha Ferreira Vitor,20.0,Vítěz,25-WINNER_NWAY-a
2026-05-08T22:19:10,2591948514,Martínez Lautaro,100.0,Vítěz,25-WINNER_NWAY-a
2026-05-08T22:19:10,2591948515,Olise Michael,6.0,Vítěz,25-WINNER_NWAY-a
2026-05-08T22:19:10,2591948516,Yamal Lamine,8.0,Vítěz,25-WINNER_NWAY-a
2026-05-08T22:19:10,2591948517,Dembele Ousmane,5.0,Vítěz,25-WINNER_NWAY-a
2026-05-08T22:19:10,2591948518,Mbappé Kylian,15.0,Vítěz,25-WINNER_NWAY-a
2026-05-08T22:19:10,2591948519,Ronaldo Cristiano,70.0,Vítěz,25-WINNER_NWAY-a
2026-05-08T14:34:27,2591948506,Hakimi Achraf,50.0,Vítěz,25-WINNER_NWAY-a
2026-05-08T14:34:27,2591948507,Kane Harry,3.5,Vítěz,25-WINNER_NWAY-a
2026-05-08T14:34:27,2591948508,Vinícius Júnior,40.0,Vítěz,25-WINNER_NWAY-a
2026-05-08T14:34:27,2591948509,Rice Declan,7.0,Vítěz,25-WINNER_NWAY-a
2026-05-08T14:34:27,2591948510,Kvaratskhelia Khvicha,10.0,Vítěz,25-WINNER_NWAY-a
2026-05-08T14:34:27,2591948511,Messi Lionel,60.0,Vítěz,25-WINNER_NWAY-a
2026-05-08T14:34:27,2591948512,Haaland Erling,30.0,Vítěz,25-WINNER_NWAY-a
2026-05-08T14:34:27,2591948513,Vitinha Ferreira Vitor,20.0,Vítěz,25-WINNER_NWAY-a
2026-05-08T14:34:27,2591948514,Martínez Lautaro,100.0,Vítěz,25-WINNER_NWAY-a
2026-05-08T14:34:27,2591948515,Olise Michael,6.0,Vítěz,25-WINNER_NWAY-a
2026-05-08T14:34:27,2591948516,Yamal Lamine,8.0,Vítěz,25-WINNER_NWAY-a
2026-05-08T14:34:27,2591948517,Dembele Ousmane,5.0,Vítěz,25-WINNER_NWAY-a
2026-05-08T14:34:27,2591948518,Mbappé Kylian,15.0,Vítěz,25-WINNER_NWAY-a
2026-05-08T14:34:27,2591948519,Ronaldo Cristiano,70.0,Vítěz,25-WINNER_NWAY-a
2026-05-08T06:33:54,2591948506,Hakimi Achraf,50.0,Vítěz,25-WINNER_NWAY-a
2026-05-08T06:33:54,2591948507,Kane Harry,3.5,Vítěz,25-WINNER_NWAY-a
2026-05-08T06:33:54,2591948508,Vinícius Júnior,40.0,Vítěz,25-WINNER_NWAY-a
2026-05-08T06:33:54,2591948509,Rice Declan,7.0,Vítěz,25-WINNER_NWAY-a
2026-05-08T06:33:54,2591948510,Kvaratskhelia Khvicha,10.0,Vítěz,25-WINNER_NWAY-a
2026-05-08T06:33:54,2591948511,Messi Lionel,60.0,Vítěz,25-WINNER_NWAY-a
2026-05-08T06:33:54,2591948512,Haaland Erling,30.0,Vítěz,25-WINNER_NWAY-a
2026-05-08T06:33:54,2591948513,Vitinha Ferreira Vitor,20.0,Vítěz,25-WINNER_NWAY-a
2026-05-08T06:33:54,2591948514,Martínez Lautaro,100.0,Vítěz,25-WINNER_NWAY-a
2026-05-08T06:33:54,2591948515,Olise Michael,6.0,Vítěz,25-WINNER_NWAY-a
2026-05-08T06:33:54,2591948516,Yamal Lamine,8.0,Vítěz,25-WINNER_NWAY-a
2026-05-08T06:33:54,2591948517,Dembele Ousmane,5.0,Vítěz,25-WINNER_NWAY-a
2026-05-08T06:33:54,2591948518,Mbappé Kylian,15.0,Vítěz,25-WINNER_NWAY-a
2026-05-08T06:33:54,2591948519,Ronaldo Cristiano,70.0,Vítěz,25-WINNER_NWAY-a
2026-05-07T22:21:28,2591948506,Hakimi Achraf,50.0,Vítěz,25-WINNER_NWAY-a
2026-05-07T22:21:28,2591948507,Kane Harry,3.5,Vítěz,25-WINNER_NWAY-a
2026-05-07T22:21:28,2591948508,Vinícius Júnior,40.0,Vítěz,25-WINNER_NWAY-a
2026-05-07T22:21:28,2591948509,Rice Declan,7.0,Vítěz,25-WINNER_NWAY-a
2026-05-07T22:21:28,2591948510,Kvaratskhelia Khvicha,10.0,Vítěz,25-WINNER_NWAY-a
2026-05-07T22:21:28,2591948511,Messi Lionel,60.0,Vítěz,25-WINNER_NWAY-a
2026-05-07T22:21:28,2591948512,Haaland Erling,30.0,Vítěz,25-WINNER_NWAY-a
2026-05-07T22:21:28,2591948513,Vitinha Ferreira Vitor,20.0,Vítěz,25-WINNER_NWAY-a
2026-05-07T22:21:28,2591948514,Martínez Lautaro,100.0,Vítěz,25-WINNER_NWAY-a
2026-05-07T22:21:28,2591948515,Olise Michael,6.0,Vítěz,25-WINNER_NWAY-a
2026-05-07T22:21:28,2591948516,Yamal Lamine,8.0,Vítěz,25-WINNER_NWAY-a
2026-05-07T22:21:28,2591948517,Dembele Ousmane,5.0,Vítěz,25-WINNER_NWAY-a
2026-05-07T22:21:28,2591948518,Mbappé Kylian,15.0,Vítěz,25-WINNER_NWAY-a
2026-05-07T22:21:28,2591948519,Ronaldo Cristiano,70.0,Vítěz,25-WINNER_NWAY-a
2026-05-07T14:53:56,2591948506,Hakimi Achraf,50.0,Vítěz,25-WINNER_NWAY-a
2026-05-07T14:53:56,2591948507,Kane Harry,3.5,Vítěz,25-WINNER_NWAY-a
2026-05-07T14:53:56,2591948508,Vinícius Júnior,40.0,Vítěz,25-WINNER_NWAY-a
2026-05-07T14:53:56,2591948509,Rice Declan,7.0,Vítěz,25-WINNER_NWAY-a
2026-05-07T14:53:56,2591948510,Kvaratskhelia Khvicha,10.0,Vítěz,25-WINNER_NWAY-a
2026-05-07T14:53:56,2591948511,Messi Lionel,60.0,Vítěz,25-WINNER_NWAY-a
2026-05-07T14:53:56,2591948512,Haaland Erling,30.0,Vítěz,25-WINNER_NWAY-a
2026-05-07T14:53:56,2591948513,Vitinha Ferreira Vitor,20.0,Vítěz,25-WINNER_NWAY-a
2026-05-07T14:53:56,2591948514,Martínez Lautaro,100.0,Vítěz,25-WINNER_NWAY-a
2026-05-07T14:53:56,2591948515,Olise Michael,6.0,Vítěz,25-WINNER_NWAY-a
2026-05-07T14:53:56,2591948516,Yamal Lamine,8.0,Vítěz,25-WINNER_NWAY-a
2026-05-07T14:53:56,2591948517,Dembele Ousmane,5.0,Vítěz,25-WINNER_NWAY-a
2026-05-07T14:53:56,2591948518,Mbappé Kylian,15.0,Vítěz,25-WINNER_NWAY-a
2026-05-07T14:53:56,2591948519,Ronaldo Cristiano,70.0,Vítěz,25-WINNER_NWAY-a
2026-05-06T14:53:04,2591948506,Hakimi Achraf,40.0,Vítěz,25-WINNER_NWAY-a
2026-05-06T14:53:04,2591948507,Kane Harry,2.7,Vítěz,25-WINNER_NWAY-a
2026-05-06T14:53:04,2591948508,Vinícius Júnior,30.0,Vítěz,25-WINNER_NWAY-a
2026-05-06T14:53:04,2591948509,Rice Declan,10.0,Vítěz,25-WINNER_NWAY-a
2026-05-06T14:53:04,2591948510,Kvaratskhelia Khvicha,20.0,Vítěz,25-WINNER_NWAY-a
2026-05-06T14:53:04,2591948511,Messi Lionel,50.0,Vítěz,25-WINNER_NWAY-a
2026-05-06T14:53:04,2591948512,Haaland Erling,25.0,Vítěz,25-WINNER_NWAY-a
2026-05-06T14:53:04,2591948513,Vitinha Ferreira Vitor,35.0,Vítěz,25-WINNER_NWAY-a
2026-05-06T14:53:04,2591948514,Martínez Lautaro,100.0,Vítěz,25-WINNER_NWAY-a
2026-05-06T14:53:04,2591948515,Olise Michael,5.0,Vítěz,25-WINNER_NWAY-a
2026-05-06T14:53:04,2591948516,Yamal Lamine,8.0,Vítěz,25-WINNER_NWAY-a
2026-05-06T14:53:04,2591948517,Dembele Ousmane,7.0,Vítěz,25-WINNER_NWAY-a
2026-05-06T14:53:04,2591948518,Mbappé Kylian,13.0,Vítěz,25-WINNER_NWAY-a
2026-05-06T14:53:04,2591948519,Ronaldo Cristiano,60.0,Vítěz,25-WINNER_NWAY-a
2026-05-06T06:52:02,2591948506,Hakimi Achraf,40.0,Vítěz,25-WINNER_NWAY-a
2026-05-06T06:52:02,2591948507,Kane Harry,2.7,Vítěz,25-WINNER_NWAY-a
2026-05-06T06:52:02,2591948508,Vinícius Júnior,30.0,Vítěz,25-WINNER_NWAY-a
2026-05-06T06:52:02,2591948509,Rice Declan,10.0,Vítěz,25-WINNER_NWAY-a
2026-05-06T06:52:02,2591948510,Kvaratskhelia Khvicha,20.0,Vítěz,25-WINNER_NWAY-a
2026-05-06T06:52:02,2591948511,Messi Lionel,50.0,Vítěz,25-WINNER_NWAY-a
2026-05-06T06:52:02,2591948512,Haaland Erling,25.0,Vítěz,25-WINNER_NWAY-a
2026-05-06T06:52:02,2591948513,Vitinha Ferreira Vitor,35.0,Vítěz,25-WINNER_NWAY-a
2026-05-06T06:52:02,2591948514,Martínez Lautaro,100.0,Vítěz,25-WINNER_NWAY-a
2026-05-06T06:52:02,2591948515,Olise Michael,5.0,Vítěz,25-WINNER_NWAY-a
2026-05-06T06:52:02,2591948516,Yamal Lamine,8.0,Vítěz,25-WINNER_NWAY-a
2026-05-06T06:52:02,2591948517,Dembele Ousmane,7.0,Vítěz,25-WINNER_NWAY-a
2026-05-06T06:52:02,2591948518,Mbappé Kylian,13.0,Vítěz,25-WINNER_NWAY-a
2026-05-06T06:52:02,2591948519,Ronaldo Cristiano,60.0,Vítěz,25-WINNER_NWAY-a
2026-05-05T22:19:09,2591948506,Hakimi Achraf,40.0,Vítěz,25-WINNER_NWAY-a
2026-05-05T22:19:09,2591948507,Kane Harry,2.7,Vítěz,25-WINNER_NWAY-a
2026-05-05T22:19:09,2591948508,Vinícius Júnior,30.0,Vítěz,25-WINNER_NWAY-a
2026-05-05T22:19:09,2591948509,Rice Declan,10.0,Vítěz,25-WINNER_NWAY-a
2026-05-05T22:19:09,2591948510,Kvaratskhelia Khvicha,20.0,Vítěz,25-WINNER_NWAY-a
2026-05-05T22:19:09,2591948511,Messi Lionel,50.0,Vítěz,25-WINNER_NWAY-a
2026-05-05T22:19:09,2591948512,Haaland Erling,25.0,Vítěz,25-WINNER_NWAY-a
2026-05-05T22:19:09,2591948513,Vitinha Ferreira Vitor,35.0,Vítěz,25-WINNER_NWAY-a
2026-05-05T22:19:09,2591948514,Martínez Lautaro,100.0,Vítěz,25-WINNER_NWAY-a
2026-05-05T22:19:09,2591948515,Olise Michael,5.0,Vítěz,25-WINNER_NWAY-a
2026-05-05T22:19:09,2591948516,Yamal Lamine,8.0,Vítěz,25-WINNER_NWAY-a
2026-05-05T22:19:09,2591948517,Dembele Ousmane,7.0,Vítěz,25-WINNER_NWAY-a
2026-05-05T22:19:09,2591948518,Mbappé Kylian,13.0,Vítěz,25-WINNER_NWAY-a
2026-05-05T22:19:09,2591948519,Ronaldo Cristiano,60.0,Vítěz,25-WINNER_NWAY-a
2026-05-05T06:42:49,2591948506,Hakimi Achraf,40.0,Vítěz,25-WINNER_NWAY-a
2026-05-05T06:42:49,2591948507,Kane Harry,2.7,Vítěz,25-WINNER_NWAY-a
2026-05-05T06:42:49,2591948508,Vinícius Júnior,30.0,Vítěz,25-WINNER_NWAY-a
2026-05-05T06:42:49,2591948509,Rice Declan,10.0,Vítěz,25-WINNER_NWAY-a
2026-05-05T06:42:49,2591948510,Kvaratskhelia Khvicha,20.0,Vítěz,25-WINNER_NWAY-a
2026-05-05T06:42:49,2591948511,Messi Lionel,50.0,Vítěz,25-WINNER_NWAY-a
2026-05-05T06:42:49,2591948512,Haaland Erling,25.0,Vítěz,25-WINNER_NWAY-a
2026-05-05T06:42:49,2591948513,Vitinha Ferreira Vitor,35.0,Vítěz,25-WINNER_NWAY-a
2026-05-05T06:42:49,2591948514,Martínez Lautaro,100.0,Vítěz,25-WINNER_NWAY-a
2026-05-05T06:42:49,2591948515,Olise Michael,5.0,Vítěz,25-WINNER_NWAY-a
2026-05-05T06:42:49,2591948516,Yamal Lamine,8.0,Vítěz,25-WINNER_NWAY-a
2026-05-05T06:42:49,2591948517,Dembele Ousmane,7.0,Vítěz,25-WINNER_NWAY-a
2026-05-05T06:42:49,2591948518,Mbappé Kylian,13.0,Vítěz,25-WINNER_NWAY-a
2026-05-05T06:42:49,2591948519,Ronaldo Cristiano,60.0,Vítěz,25-WINNER_NWAY-a
2026-05-04T22:19:43,2591948506,Hakimi Achraf,40.0,Vítěz,25-WINNER_NWAY-a
2026-05-04T22:19:43,2591948507,Kane Harry,2.7,Vítěz,25-WINNER_NWAY-a
2026-05-04T22:19:43,2591948508,Vinícius Júnior,30.0,Vítěz,25-WINNER_NWAY-a
2026-05-04T22:19:43,2591948509,Rice Declan,10.0,Vítěz,25-WINNER_NWAY-a
2026-05-04T22:19:43,2591948510,Kvaratskhelia Khvicha,20.0,Vítěz,25-WINNER_NWAY-a
2026-05-04T22:19:43,2591948511,Messi Lionel,50.0,Vítěz,25-WINNER_NWAY-a
2026-05-04T22:19:43,2591948512,Haaland Erling,25.0,Vítěz,25-WINNER_NWAY-a
2026-05-04T22:19:43,2591948513,Vitinha Ferreira Vitor,35.0,Vítěz,25-WINNER_NWAY-a
2026-05-04T22:19:43,2591948514,Martínez Lautaro,100.0,Vítěz,25-WINNER_NWAY-a
2026-05-04T22:19:43,2591948515,Olise Michael,5.0,Vítěz,25-WINNER_NWAY-a
2026-05-04T22:19:43,2591948516,Yamal Lamine,8.0,Vítěz,25-WINNER_NWAY-a
2026-05-04T22:19:43,2591948517,Dembele Ousmane,7.0,Vítěz,25-WINNER_NWAY-a
2026-05-04T22:19:43,2591948518,Mbappé Kylian,13.0,Vítěz,25-WINNER_NWAY-a
2026-05-04T22:19:43,2591948519,Ronaldo Cristiano,60.0,Vítěz,25-WINNER_NWAY-a
2026-05-04T14:42:51,2591948506,Hakimi Achraf,40.0,Vítěz,25-WINNER_NWAY-a
2026-05-04T14:42:51,2591948507,Kane Harry,2.7,Vítěz,25-WINNER_NWAY-a
2026-05-04T14:42:51,2591948508,Vinícius Júnior,30.0,Vítěz,25-WINNER_NWAY-a
2026-05-04T14:42:51,2591948509,Rice Declan,10.0,Vítěz,25-WINNER_NWAY-a
2026-05-04T14:42:51,2591948510,Kvaratskhelia Khvicha,20.0,Vítěz,25-WINNER_NWAY-a
2026-05-04T14:42:51,2591948511,Messi Lionel,50.0,Vítěz,25-WINNER_NWAY-a
2026-05-04T14:42:51,2591948512,Haaland Erling,25.0,Vítěz,25-WINNER_NWAY-a
2026-05-04T14:42:51,2591948513,Vitinha Ferreira Vitor,35.0,Vítěz,25-WINNER_NWAY-a
2026-05-04T14:42:51,2591948514,Martínez Lautaro,100.0,Vítěz,25-WINNER_NWAY-a
2026-05-04T14:42:51,2591948515,Olise Michael,5.0,Vítěz,25-WINNER_NWAY-a
2026-05-04T14:42:51,2591948516,Yamal Lamine,8.0,Vítěz,25-WINNER_NWAY-a
2026-05-04T14:42:51,2591948517,Dembele Ousmane,7.0,Vítěz,25-WINNER_NWAY-a
2026-05-04T14:42:51,2591948518,Mbappé Kylian,13.0,Vítěz,25-WINNER_NWAY-a
2026-05-04T14:42:51,2591948519,Ronaldo Cristiano,60.0,Vítěz,25-WINNER_NWAY-a
2026-05-04T06:58:35,2591948506,Hakimi Achraf,40.0,Vítěz,25-WINNER_NWAY-a
2026-05-04T06:58:35,2591948507,Kane Harry,2.7,Vítěz,25-WINNER_NWAY-a
2026-05-04T06:58:35,2591948508,Vinícius Júnior,30.0,Vítěz,25-WINNER_NWAY-a
2026-05-04T06:58:35,2591948509,Rice Declan,10.0,Vítěz,25-WINNER_NWAY-a
2026-05-04T06:58:35,2591948510,Kvaratskhelia Khvicha,20.0,Vítěz,25-WINNER_NWAY-a
2026-05-04T06:58:35,2591948511,Messi Lionel,50.0,Vítěz,25-WINNER_NWAY-a
2026-05-04T06:58:35,2591948512,Haaland Erling,25.0,Vítěz,25-WINNER_NWAY-a
2026-05-04T06:58:35,2591948513,Vitinha Ferreira Vitor,35.0,Vítěz,25-WINNER_NWAY-a
2026-05-04T06:58:35,2591948514,Martínez Lautaro,100.0,Vítěz,25-WINNER_NWAY-a
2026-05-04T06:58:35,2591948515,Olise Michael,5.0,Vítěz,25-WINNER_NWAY-a
2026-05-04T06:58:35,2591948516,Yamal Lamine,8.0,Vítěz,25-WINNER_NWAY-a
2026-05-04T06:58:35,2591948517,Dembele Ousmane,7.0,Vítěz,25-WINNER_NWAY-a
2026-05-04T06:58:35,2591948518,Mbappé Kylian,13.0,Vítěz,25-WINNER_NWAY-a
2026-05-04T06:58:35,2591948519,Ronaldo Cristiano,60.0,Vítěz,25-WINNER_NWAY-a
2026-05-03T22:12:40,2591948506,Hakimi Achraf,40.0,Vítěz,25-WINNER_NWAY-a
2026-05-03T22:12:40,2591948507,Kane Harry,2.7,Vítěz,25-WINNER_NWAY-a
2026-05-03T22:12:40,2591948508,Vinícius Júnior,30.0,Vítěz,25-WINNER_NWAY-a
2026-05-03T22:12:40,2591948509,Rice Declan,10.0,Vítěz,25-WINNER_NWAY-a
2026-05-03T22:12:40,2591948510,Kvaratskhelia Khvicha,20.0,Vítěz,25-WINNER_NWAY-a
2026-05-03T22:12:40,2591948511,Messi Lionel,50.0,Vítěz,25-WINNER_NWAY-a
2026-05-03T22:12:40,2591948512,Haaland Erling,25.0,Vítěz,25-WINNER_NWAY-a
2026-05-03T22:12:40,2591948513,Vitinha Ferreira Vitor,35.0,Vítěz,25-WINNER_NWAY-a
2026-05-03T22:12:40,2591948514,Martínez Lautaro,100.0,Vítěz,25-WINNER_NWAY-a
2026-05-03T22:12:40,2591948515,Olise Michael,5.0,Vítěz,25-WINNER_NWAY-a
2026-05-03T22:12:40,2591948516,Yamal Lamine,8.0,Vítěz,25-WINNER_NWAY-a
2026-05-03T22:12:40,2591948517,Dembele Ousmane,7.0,Vítěz,25-WINNER_NWAY-a
2026-05-03T22:12:40,2591948518,Mbappé Kylian,13.0,Vítěz,25-WINNER_NWAY-a
2026-05-03T22:12:40,2591948519,Ronaldo Cristiano,60.0,Vítěz,25-WINNER_NWAY-a
2026-05-03T14:18:20,2591948506,Hakimi Achraf,40.0,Vítěz,25-WINNER_NWAY-a
2026-05-03T14:18:20,2591948507,Kane Harry,2.7,Vítěz,25-WINNER_NWAY-a
2026-05-03T14:18:20,2591948508,Vinícius Júnior,30.0,Vítěz,25-WINNER_NWAY-a
2026-05-03T14:18:20,2591948509,Rice Declan,10.0,Vítěz,25-WINNER_NWAY-a
2026-05-03T14:18:20,2591948510,Kvaratskhelia Khvicha,20.0,Vítěz,25-WINNER_NWAY-a
2026-05-03T14:18:20,2591948511,Messi Lionel,50.0,Vítěz,25-WINNER_NWAY-a
2026-05-03T14:18:20,2591948512,Haaland Erling,25.0,Vítěz,25-WINNER_NWAY-a
2026-05-03T14:18:20,2591948513,Vitinha Ferreira Vitor,35.0,Vítěz,25-WINNER_NWAY-a
2026-05-03T14:18:20,2591948514,Martínez Lautaro,100.0,Vítěz,25-WINNER_NWAY-a
2026-05-03T14:18:20,2591948515,Olise Michael,5.0,Vítěz,25-WINNER_NWAY-a
2026-05-03T14:18:20,2591948516,Yamal Lamine,8.0,Vítěz,25-WINNER_NWAY-a
2026-05-03T14:18:20,2591948517,Dembele Ousmane,7.0,Vítěz,25-WINNER_NWAY-a
2026-05-03T14:18:20,2591948518,Mbappé Kylian,13.0,Vítěz,25-WINNER_NWAY-a
2026-05-03T14:18:20,2591948519,Ronaldo Cristiano,60.0,Vítěz,25-WINNER_NWAY-a
2026-05-03T06:48:45,2591948506,Hakimi Achraf,40.0,Vítěz,25-WINNER_NWAY-a
2026-05-03T06:48:45,2591948507,Kane Harry,2.7,Vítěz,25-WINNER_NWAY-a
2026-05-03T06:48:45,2591948508,Vinícius Júnior,30.0,Vítěz,25-WINNER_NWAY-a
2026-05-03T06:48:45,2591948509,Rice Declan,10.0,Vítěz,25-WINNER_NWAY-a
2026-05-03T06:48:45,2591948510,Kvaratskhelia Khvicha,20.0,Vítěz,25-WINNER_NWAY-a
2026-05-03T06:48:45,2591948511,Messi Lionel,50.0,Vítěz,25-WINNER_NWAY-a
2026-05-03T06:48:45,2591948512,Haaland Erling,25.0,Vítěz,25-WINNER_NWAY-a
2026-05-03T06:48:45,2591948513,Vitinha Ferreira Vitor,35.0,Vítěz,25-WINNER_NWAY-a
2026-05-03T06:48:45,2591948514,Martínez Lautaro,100.0,Vítěz,25-WINNER_NWAY-a
2026-05-03T06:48:45,2591948515,Olise Michael,5.0,Vítěz,25-WINNER_NWAY-a
2026-05-03T06:48:45,2591948516,Yamal Lamine,8.0,Vítěz,25-WINNER_NWAY-a
2026-05-03T06:48:45,2591948517,Dembele Ousmane,7.0,Vítěz,25-WINNER_NWAY-a
2026-05-03T06:48:45,2591948518,Mbappé Kylian,13.0,Vítěz,25-WINNER_NWAY-a
2026-05-03T06:48:45,2591948519,Ronaldo Cristiano,60.0,Vítěz,25-WINNER_NWAY-a
2026-05-02T22:11:53,2591948506,Hakimi Achraf,40.0,Vítěz,25-WINNER_NWAY-a
2026-05-02T22:11:53,2591948507,Kane Harry,2.7,Vítěz,25-WINNER_NWAY-a
2026-05-02T22:11:53,2591948508,Vinícius Júnior,30.0,Vítěz,25-WINNER_NWAY-a
2026-05-02T22:11:53,2591948509,Rice Declan,10.0,Vítěz,25-WINNER_NWAY-a
2026-05-02T22:11:53,2591948510,Kvaratskhelia Khvicha,20.0,Vítěz,25-WINNER_NWAY-a
2026-05-02T22:11:53,2591948511,Messi Lionel,50.0,Vítěz,25-WINNER_NWAY-a
2026-05-02T22:11:53,2591948512,Haaland Erling,25.0,Vítěz,25-WINNER_NWAY-a
2026-05-02T22:11:53,2591948513,Vitinha Ferreira Vitor,35.0,Vítěz,25-WINNER_NWAY-a
2026-05-02T22:11:53,2591948514,Martínez Lautaro,100.0,Vítěz,25-WINNER_NWAY-a
2026-05-02T22:11:53,2591948515,Olise Michael,5.0,Vítěz,25-WINNER_NWAY-a
2026-05-02T22:11:53,2591948516,Yamal Lamine,8.0,Vítěz,25-WINNER_NWAY-a
2026-05-02T22:11:53,2591948517,Dembele Ousmane,7.0,Vítěz,25-WINNER_NWAY-a
2026-05-02T22:11:53,2591948518,Mbappé Kylian,13.0,Vítěz,25-WINNER_NWAY-a
2026-05-02T22:11:53,2591948519,Ronaldo Cristiano,60.0,Vítěz,25-WINNER_NWAY-a
2026-05-02T14:18:45,2591948506,Hakimi Achraf,40.0,Vítěz,25-WINNER_NWAY-a
2026-05-02T14:18:45,2591948507,Kane Harry,2.7,Vítěz,25-WINNER_NWAY-a
2026-05-02T14:18:45,2591948508,Vinícius Júnior,30.0,Vítěz,25-WINNER_NWAY-a
2026-05-02T14:18:45,2591948509,Rice Declan,10.0,Vítěz,25-WINNER_NWAY-a
2026-05-02T14:18:45,2591948510,Kvaratskhelia Khvicha,20.0,Vítěz,25-WINNER_NWAY-a
2026-05-02T14:18:45,2591948511,Messi Lionel,50.0,Vítěz,25-WINNER_NWAY-a
2026-05-02T14:18:45,2591948512,Haaland Erling,25.0,Vítěz,25-WINNER_NWAY-a
2026-05-02T14:18:45,2591948513,Vitinha Ferreira Vitor,35.0,Vítěz,25-WINNER_NWAY-a
2026-05-02T14:18:45,2591948514,Martínez Lautaro,100.0,Vítěz,25-WINNER_NWAY-a
2026-05-02T14:18:45,2591948515,Olise Michael,5.0,Vítěz,25-WINNER_NWAY-a
2026-05-02T14:18:45,2591948516,Yamal Lamine,8.0,Vítěz,25-WINNER_NWAY-a
2026-05-02T14:18:45,2591948517,Dembele Ousmane,7.0,Vítěz,25-WINNER_NWAY-a
2026-05-02T14:18:45,2591948518,Mbappé Kylian,13.0,Vítěz,25-WINNER_NWAY-a
2026-05-02T14:18:45,2591948519,Ronaldo Cristiano,60.0,Vítěz,25-WINNER_NWAY-a
2026-05-02T06:36:34,2591948506,Hakimi Achraf,40.0,Vítěz,25-WINNER_NWAY-a
2026-05-02T06:36:34,2591948507,Kane Harry,2.7,Vítěz,25-WINNER_NWAY-a
2026-05-02T06:36:34,2591948508,Vinícius Júnior,30.0,Vítěz,25-WINNER_NWAY-a
2026-05-02T06:36:34,2591948509,Rice Declan,10.0,Vítěz,25-WINNER_NWAY-a
2026-05-02T06:36:34,2591948510,Kvaratskhelia Khvicha,20.0,Vítěz,25-WINNER_NWAY-a
2026-05-02T06:36:34,2591948511,Messi Lionel,50.0,Vítěz,25-WINNER_NWAY-a
2026-05-02T06:36:34,2591948512,Haaland Erling,25.0,Vítěz,25-WINNER_NWAY-a
2026-05-02T06:36:34,2591948513,Vitinha Ferreira Vitor,35.0,Vítěz,25-WINNER_NWAY-a
2026-05-02T06:36:34,2591948514,Martínez Lautaro,100.0,Vítěz,25-WINNER_NWAY-a
2026-05-02T06:36:34,2591948515,Olise Michael,5.0,Vítěz,25-WINNER_NWAY-a
2026-05-02T06:36:34,2591948516,Yamal Lamine,8.0,Vítěz,25-WINNER_NWAY-a
2026-05-02T06:36:34,2591948517,Dembele Ousmane,7.0,Vítěz,25-WINNER_NWAY-a
2026-05-02T06:36:34,2591948518,Mbappé Kylian,13.0,Vítěz,25-WINNER_NWAY-a
2026-05-02T06:36:34,2591948519,Ronaldo Cristiano,60.0,Vítěz,25-WINNER_NWAY-a
2026-05-01T22:15:31,2591948506,Hakimi Achraf,40.0,Vítěz,25-WINNER_NWAY-a
2026-05-01T22:15:31,2591948507,Kane Harry,2.7,Vítěz,25-WINNER_NWAY-a
2026-05-01T22:15:31,2591948508,Vinícius Júnior,30.0,Vítěz,25-WINNER_NWAY-a
2026-05-01T22:15:31,2591948509,Rice Declan,10.0,Vítěz,25-WINNER_NWAY-a
2026-05-01T22:15:31,2591948510,Kvaratskhelia Khvicha,20.0,Vítěz,25-WINNER_NWAY-a
2026-05-01T22:15:31,2591948511,Messi Lionel,50.0,Vítěz,25-WINNER_NWAY-a
2026-05-01T22:15:31,2591948512,Haaland Erling,25.0,Vítěz,25-WINNER_NWAY-a
2026-05-01T22:15:31,2591948513,Vitinha Ferreira Vitor,35.0,Vítěz,25-WINNER_NWAY-a
2026-05-01T22:15:31,2591948514,Martínez Lautaro,100.0,Vítěz,25-WINNER_NWAY-a
2026-05-01T22:15:31,2591948515,Olise Michael,5.0,Vítěz,25-WINNER_NWAY-a
2026-05-01T22:15:31,2591948516,Yamal Lamine,8.0,Vítěz,25-WINNER_NWAY-a
2026-05-01T22:15:31,2591948517,Dembele Ousmane,7.0,Vítěz,25-WINNER_NWAY-a
2026-05-01T22:15:31,2591948518,Mbappé Kylian,13.0,Vítěz,25-WINNER_NWAY-a
2026-05-01T22:15:31,2591948519,Ronaldo Cristiano,60.0,Vítěz,25-WINNER_NWAY-a
2026-05-01T14:27:21,2591948506,Hakimi Achraf,40.0,Vítěz,25-WINNER_NWAY-a
2026-05-01T14:27:21,2591948507,Kane Harry,2.7,Vítěz,25-WINNER_NWAY-a
2026-05-01T14:27:21,2591948508,Vinícius Júnior,30.0,Vítěz,25-WINNER_NWAY-a
2026-05-01T14:27:21,2591948509,Rice Declan,10.0,Vítěz,25-WINNER_NWAY-a
2026-05-01T14:27:21,2591948510,Kvaratskhelia Khvicha,20.0,Vítěz,25-WINNER_NWAY-a
2026-05-01T14:27:21,2591948511,Messi Lionel,50.0,Vítěz,25-WINNER_NWAY-a
2026-05-01T14:27:21,2591948512,Haaland Erling,25.0,Vítěz,25-WINNER_NWAY-a
2026-05-01T14:27:21,2591948513,Vitinha Ferreira Vitor,35.0,Vítěz,25-WINNER_NWAY-a
2026-05-01T14:27:21,2591948514,Martínez Lautaro,100.0,Vítěz,25-WINNER_NWAY-a
2026-05-01T14:27:21,2591948515,Olise Michael,5.0,Vítěz,25-WINNER_NWAY-a
2026-05-01T14:27:21,2591948516,Yamal Lamine,8.0,Vítěz,25-WINNER_NWAY-a
2026-05-01T14:27:21,2591948517,Dembele Ousmane,7.0,Vítěz,25-WINNER_NWAY-a
2026-05-01T14:27:21,2591948518,Mbappé Kylian,13.0,Vítěz,25-WINNER_NWAY-a
2026-05-01T14:27:21,2591948519,Ronaldo Cristiano,60.0,Vítěz,25-WINNER_NWAY-a
2026-05-01T06:52:26,2591948506,Hakimi Achraf,40.0,Vítěz,25-WINNER_NWAY-a
2026-05-01T06:52:26,2591948507,Kane Harry,2.7,Vítěz,25-WINNER_NWAY-a
2026-05-01T06:52:26,2591948508,Vinícius Júnior,30.0,Vítěz,25-WINNER_NWAY-a
2026-05-01T06:52:26,2591948509,Rice Declan,10.0,Vítěz,25-WINNER_NWAY-a
2026-05-01T06:52:26,2591948510,Kvaratskhelia Khvicha,20.0,Vítěz,25-WINNER_NWAY-a
2026-05-01T06:52:26,2591948511,Messi Lionel,50.0,Vítěz,25-WINNER_NWAY-a
2026-05-01T06:52:26,2591948512,Haaland Erling,25.0,Vítěz,25-WINNER_NWAY-a
2026-05-01T06:52:26,2591948513,Vitinha Ferreira Vitor,35.0,Vítěz,25-WINNER_NWAY-a
2026-05-01T06:52:26,2591948514,Martínez Lautaro,100.0,Vítěz,25-WINNER_NWAY-a
2026-05-01T06:52:26,2591948515,Olise Michael,5.0,Vítěz,25-WINNER_NWAY-a
2026-05-01T06:52:26,2591948516,Yamal Lamine,8.0,Vítěz,25-WINNER_NWAY-a
2026-05-01T06:52:26,2591948517,Dembele Ousmane,7.0,Vítěz,25-WINNER_NWAY-a
2026-05-01T06:52:26,2591948518,Mbappé Kylian,13.0,Vítěz,25-WINNER_NWAY-a
2026-05-01T06:52:26,2591948519,Ronaldo Cristiano,60.0,Vítěz,25-WINNER_NWAY-a
2026-04-30T22:17:40,2591948506,Hakimi Achraf,40.0,Vítěz,25-WINNER_NWAY-a
2026-04-30T22:17:40,2591948507,Kane Harry,2.7,Vítěz,25-WINNER_NWAY-a
2026-04-30T22:17:40,2591948508,Vinícius Júnior,30.0,Vítěz,25-WINNER_NWAY-a
2026-04-30T22:17:40,2591948509,Rice Declan,10.0,Vítěz,25-WINNER_NWAY-a
2026-04-30T22:17:40,2591948510,Kvaratskhelia Khvicha,20.0,Vítěz,25-WINNER_NWAY-a
2026-04-30T22:17:40,2591948511,Messi Lionel,50.0,Vítěz,25-WINNER_NWAY-a
2026-04-30T22:17:40,2591948512,Haaland Erling,25.0,Vítěz,25-WINNER_NWAY-a
2026-04-30T22:17:40,2591948513,Vitinha Ferreira Vitor,35.0,Vítěz,25-WINNER_NWAY-a
2026-04-30T22:17:40,2591948514,Martínez Lautaro,100.0,Vítěz,25-WINNER_NWAY-a
2026-04-30T22:17:40,2591948515,Olise Michael,5.0,Vítěz,25-WINNER_NWAY-a
2026-04-30T22:17:40,2591948516,Yamal Lamine,8.0,Vítěz,25-WINNER_NWAY-a
2026-04-30T22:17:40,2591948517,Dembele Ousmane,7.0,Vítěz,25-WINNER_NWAY-a
2026-04-30T22:17:40,2591948518,Mbappé Kylian,13.0,Vítěz,25-WINNER_NWAY-a
2026-04-30T22:17:40,2591948519,Ronaldo Cristiano,60.0,Vítěz,25-WINNER_NWAY-a
2026-04-30T14:41:03,2591948506,Hakimi Achraf,40.0,Vítěz,25-WINNER_NWAY-a
2026-04-30T14:41:03,2591948507,Kane Harry,2.7,Vítěz,25-WINNER_NWAY-a
2026-04-30T14:41:03,2591948508,Vinícius Júnior,30.0,Vítěz,25-WINNER_NWAY-a
2026-04-30T14:41:03,2591948509,Rice Declan,10.0,Vítěz,25-WINNER_NWAY-a
2026-04-30T14:41:03,2591948510,Kvaratskhelia Khvicha,20.0,Vítěz,25-WINNER_NWAY-a
2026-04-30T14:41:03,2591948511,Messi Lionel,50.0,Vítěz,25-WINNER_NWAY-a
2026-04-30T14:41:03,2591948512,Haaland Erling,25.0,Vítěz,25-WINNER_NWAY-a
2026-04-30T14:41:03,2591948513,Vitinha Ferreira Vitor,35.0,Vítěz,25-WINNER_NWAY-a
2026-04-30T14:41:03,2591948514,Martínez Lautaro,100.0,Vítěz,25-WINNER_NWAY-a
2026-04-30T14:41:03,2591948515,Olise Michael,5.0,Vítěz,25-WINNER_NWAY-a
2026-04-30T14:41:03,2591948516,Yamal Lamine,8.0,Vítěz,25-WINNER_NWAY-a
2026-04-30T14:41:03,2591948517,Dembele Ousmane,7.0,Vítěz,25-WINNER_NWAY-a
2026-04-30T14:41:03,2591948518,Mbappé Kylian,13.0,Vítěz,25-WINNER_NWAY-a
2026-04-30T14:41:03,2591948519,Ronaldo Cristiano,60.0,Vítěz,25-WINNER_NWAY-a
2026-04-30T06:49:43,2591948506,Hakimi Achraf,40.0,Vítěz,25-WINNER_NWAY-a
2026-04-30T06:49:43,2591948507,Kane Harry,2.6,Vítěz,25-WINNER_NWAY-a
2026-04-30T06:49:43,2591948508,Vinícius Júnior,30.0,Vítěz,25-WINNER_NWAY-a
2026-04-30T06:49:43,2591948509,Rice Declan,9.0,Vítěz,25-WINNER_NWAY-a
2026-04-30T06:49:43,2591948510,Kvaratskhelia Khvicha,20.0,Vítěz,25-WINNER_NWAY-a
2026-04-30T06:49:43,2591948511,Messi Lionel,50.0,Vítěz,25-WINNER_NWAY-a
2026-04-30T06:49:43,2591948512,Haaland Erling,25.0,Vítěz,25-WINNER_NWAY-a
2026-04-30T06:49:43,2591948513,Vitinha Ferreira Vitor,35.0,Vítěz,25-WINNER_NWAY-a
2026-04-30T06:49:43,2591948514,Martínez Lautaro,100.0,Vítěz,25-WINNER_NWAY-a
2026-04-30T06:49:43,2591948515,Olise Michael,5.0,Vítěz,25-WINNER_NWAY-a
2026-04-30T06:49:43,2591948516,Yamal Lamine,7.0,Vítěz,25-WINNER_NWAY-a
2026-04-30T06:49:43,2591948517,Dembele Ousmane,10.0,Vítěz,25-WINNER_NWAY-a
2026-04-30T06:49:43,2591948518,Mbappé Kylian,13.0,Vítěz,25-WINNER_NWAY-a
2026-04-30T06:49:43,2591948519,Ronaldo Cristiano,60.0,Vítěz,25-WINNER_NWAY-a
2026-04-29T22:18:15,2591948506,Hakimi Achraf,40.0,Vítěz,25-WINNER_NWAY-a
2026-04-29T22:18:15,2591948507,Kane Harry,2.6,Vítěz,25-WINNER_NWAY-a
2026-04-29T22:18:15,2591948508,Vinícius Júnior,30.0,Vítěz,25-WINNER_NWAY-a
2026-04-29T22:18:15,2591948509,Rice Declan,9.0,Vítěz,25-WINNER_NWAY-a
2026-04-29T22:18:15,2591948510,Kvaratskhelia Khvicha,20.0,Vítěz,25-WINNER_NWAY-a
2026-04-29T22:18:15,2591948511,Messi Lionel,50.0,Vítěz,25-WINNER_NWAY-a
2026-04-29T22:18:15,2591948512,Haaland Erling,25.0,Vítěz,25-WINNER_NWAY-a
2026-04-29T22:18:15,2591948513,Vitinha Ferreira Vitor,35.0,Vítěz,25-WINNER_NWAY-a
2026-04-29T22:18:15,2591948514,Martínez Lautaro,100.0,Vítěz,25-WINNER_NWAY-a
2026-04-29T22:18:15,2591948515,Olise Michael,5.0,Vítěz,25-WINNER_NWAY-a
2026-04-29T22:18:15,2591948516,Yamal Lamine,7.0,Vítěz,25-WINNER_NWAY-a
2026-04-29T22:18:15,2591948517,Dembele Ousmane,10.0,Vítěz,25-WINNER_NWAY-a
2026-04-29T22:18:15,2591948518,Mbappé Kylian,13.0,Vítěz,25-WINNER_NWAY-a
2026-04-29T22:18:15,2591948519,Ronaldo Cristiano,60.0,Vítěz,25-WINNER_NWAY-a
2026-04-29T14:43:44,2591948506,Hakimi Achraf,40.0,Vítěz,25-WINNER_NWAY-a
2026-04-29T14:43:44,2591948507,Kane Harry,2.6,Vítěz,25-WINNER_NWAY-a
2026-04-29T14:43:44,2591948508,Vinícius Júnior,30.0,Vítěz,25-WINNER_NWAY-a
2026-04-29T14:43:44,2591948509,Rice Declan,9.0,Vítěz,25-WINNER_NWAY-a
2026-04-29T14:43:44,2591948510,Kvaratskhelia Khvicha,20.0,Vítěz,25-WINNER_NWAY-a
2026-04-29T14:43:44,2591948511,Messi Lionel,50.0,Vítěz,25-WINNER_NWAY-a
2026-04-29T14:43:44,2591948512,Haaland Erling,25.0,Vítěz,25-WINNER_NWAY-a
2026-04-29T14:43:44,2591948513,Vitinha Ferreira Vitor,35.0,Vítěz,25-WINNER_NWAY-a
2026-04-29T14:43:44,2591948514,Martínez Lautaro,100.0,Vítěz,25-WINNER_NWAY-a
2026-04-29T14:43:44,2591948515,Olise Michael,5.0,Vítěz,25-WINNER_NWAY-a
2026-04-29T14:43:44,2591948516,Yamal Lamine,7.0,Vítěz,25-WINNER_NWAY-a
2026-04-29T14:43:44,2591948517,Dembele Ousmane,10.0,Vítěz,25-WINNER_NWAY-a
2026-04-29T14:43:44,2591948518,Mbappé Kylian,13.0,Vítěz,25-WINNER_NWAY-a
2026-04-29T14:43:44,2591948519,Ronaldo Cristiano,60.0,Vítěz,25-WINNER_NWAY-a
2026-04-29T06:47:04,2591948506,Hakimi Achraf,40.0,Vítěz,25-WINNER_NWAY-a
2026-04-29T06:47:04,2591948507,Kane Harry,2.6,Vítěz,25-WINNER_NWAY-a
2026-04-29T06:47:04,2591948508,Vinícius Júnior,30.0,Vítěz,25-WINNER_NWAY-a
2026-04-29T06:47:04,2591948509,Rice Declan,9.0,Vítěz,25-WINNER_NWAY-a
2026-04-29T06:47:04,2591948510,Kvaratskhelia Khvicha,20.0,Vítěz,25-WINNER_NWAY-a
2026-04-29T06:47:04,2591948511,Messi Lionel,50.0,Vítěz,25-WINNER_NWAY-a
2026-04-29T06:47:04,2591948512,Haaland Erling,25.0,Vítěz,25-WINNER_NWAY-a
2026-04-29T06:47:04,2591948513,Vitinha Ferreira Vitor,35.0,Vítěz,25-WINNER_NWAY-a
2026-04-29T06:47:04,2591948514,Martínez Lautaro,100.0,Vítěz,25-WINNER_NWAY-a
2026-04-29T06:47:04,2591948515,Olise Michael,5.0,Vítěz,25-WINNER_NWAY-a
2026-04-29T06:47:04,2591948516,Yamal Lamine,7.0,Vítěz,25-WINNER_NWAY-a
2026-04-29T06:47:04,2591948517,Dembele Ousmane,10.0,Vítěz,25-WINNER_NWAY-a
2026-04-29T06:47:04,2591948518,Mbappé Kylian,13.0,Vítěz,25-WINNER_NWAY-a
2026-04-29T06:47:04,2591948519,Ronaldo Cristiano,60.0,Vítěz,25-WINNER_NWAY-a
