date,id,name,odd,event_name,selection_id
2026-10-06T12:28:43,2715827206,Méně než 50,1.41,Počet mandátů Republikánské strany v Senátu po volbách 2026,25-GENERAL_QUESTION_TOTAL-a
2026-10-06T12:28:43,2715827207,50 a více,2.65,Počet mandátů Republikánské strany v Senátu po volbách 2026,25-GENERAL_QUESTION_TOTAL-a
2026-10-06T12:28:43,2715915717,Ano,1.42,"Demokraté většina v Senátu, Demokraté většina ve Sněmovně reprezentantů po volbách do Kongresu 2026",25-GENERAL_QUESTION_YES_NO-a
2026-10-06T12:28:43,2715915718,Ne,1.0,"Demokraté většina v Senátu, Demokraté většina ve Sněmovně reprezentantů po volbách do Kongresu 2026",25-GENERAL_QUESTION_YES_NO-a
2026-10-06T12:28:43,2715915719,Ano,95.0,"Demokraté většina v Senátu, Republikáni většina ve Sněmovně reprezentantů po volbách do Kongresu 2026",25-GENERAL_QUESTION_YES_NO-a
2026-10-06T12:28:43,2715915720,Ne,1.0,"Demokraté většina v Senátu, Republikáni většina ve Sněmovně reprezentantů po volbách do Kongresu 2026",25-GENERAL_QUESTION_YES_NO-a
2026-10-06T12:28:43,2715915721,Ano,3.3,"Republikáni většina v Senátu, Demokraté většina ve Sněmovně reprezentantů po volbách do Kongresu 2026",25-GENERAL_QUESTION_YES_NO-a
2026-10-06T12:28:43,2715915722,Ne,1.0,"Republikáni většina v Senátu, Demokraté většina ve Sněmovně reprezentantů po volbách do Kongresu 2026",25-GENERAL_QUESTION_YES_NO-a
2026-10-06T12:28:43,2715915723,Ne,1.0,"Republikáni většina v Senátu, Republikáni většina ve Sněmovně reprezentantů po volbách do Kongresu 2026",25-GENERAL_QUESTION_YES_NO-a
2026-10-06T12:28:43,2715915724,Ano,11.0,"Republikáni většina v Senátu, Republikáni většina ve Sněmovně reprezentantů po volbách do Kongresu 2026",25-GENERAL_QUESTION_YES_NO-a
2026-10-06T12:28:43,2715915725,Méně než 218,10.0,Počet mandátů Demokratické strany ve Sněmovně reprezentantů po volbách 2026,25-GENERAL_QUESTION_TOTAL-a
2026-10-06T12:28:43,2715915726,218 a více,1.02,Počet mandátů Demokratické strany ve Sněmovně reprezentantů po volbách 2026,25-GENERAL_QUESTION_TOTAL-a
2026-10-06T01:59:22,2715827206,Méně než 50,1.41,Počet mandátů Republikánské strany v Senátu po volbách 2026,25-GENERAL_QUESTION_TOTAL-a
2026-10-06T01:59:22,2715827207,50 a více,2.65,Počet mandátů Republikánské strany v Senátu po volbách 2026,25-GENERAL_QUESTION_TOTAL-a
2026-10-06T01:59:22,2715915717,Ano,1.42,"Demokraté většina v Senátu, Demokraté většina ve Sněmovně reprezentantů po volbách do Kongresu 2026",25-GENERAL_QUESTION_YES_NO-a
2026-10-06T01:59:22,2715915718,Ne,1.0,"Demokraté většina v Senátu, Demokraté většina ve Sněmovně reprezentantů po volbách do Kongresu 2026",25-GENERAL_QUESTION_YES_NO-a
2026-10-06T01:59:22,2715915719,Ano,95.0,"Demokraté většina v Senátu, Republikáni většina ve Sněmovně reprezentantů po volbách do Kongresu 2026",25-GENERAL_QUESTION_YES_NO-a
2026-10-06T01:59:22,2715915720,Ne,1.0,"Demokraté většina v Senátu, Republikáni většina ve Sněmovně reprezentantů po volbách do Kongresu 2026",25-GENERAL_QUESTION_YES_NO-a
2026-10-06T01:59:22,2715915721,Ano,3.3,"Republikáni většina v Senátu, Demokraté většina ve Sněmovně reprezentantů po volbách do Kongresu 2026",25-GENERAL_QUESTION_YES_NO-a
2026-10-06T01:59:22,2715915722,Ne,1.0,"Republikáni většina v Senátu, Demokraté většina ve Sněmovně reprezentantů po volbách do Kongresu 2026",25-GENERAL_QUESTION_YES_NO-a
2026-10-06T01:59:22,2715915723,Ne,1.0,"Republikáni většina v Senátu, Republikáni většina ve Sněmovně reprezentantů po volbách do Kongresu 2026",25-GENERAL_QUESTION_YES_NO-a
2026-10-06T01:59:22,2715915724,Ano,11.0,"Republikáni většina v Senátu, Republikáni většina ve Sněmovně reprezentantů po volbách do Kongresu 2026",25-GENERAL_QUESTION_YES_NO-a
2026-10-06T01:59:22,2715915725,Méně než 218,10.0,Počet mandátů Demokratické strany ve Sněmovně reprezentantů po volbách 2026,25-GENERAL_QUESTION_TOTAL-a
2026-10-06T01:59:22,2715915726,218 a více,1.02,Počet mandátů Demokratické strany ve Sněmovně reprezentantů po volbách 2026,25-GENERAL_QUESTION_TOTAL-a
2026-10-05T21:23:01,2715827206,Méně než 50,1.41,Počet mandátů Republikánské strany v Senátu po volbách 2026,25-GENERAL_QUESTION_TOTAL-a
2026-10-05T21:23:01,2715827207,50 a více,2.65,Počet mandátů Republikánské strany v Senátu po volbách 2026,25-GENERAL_QUESTION_TOTAL-a
2026-10-05T21:23:01,2715915717,Ano,1.42,"Demokraté většina v Senátu, Demokraté většina ve Sněmovně reprezentantů po volbách do Kongresu 2026",25-GENERAL_QUESTION_YES_NO-a
2026-10-05T21:23:01,2715915718,Ne,1.0,"Demokraté většina v Senátu, Demokraté většina ve Sněmovně reprezentantů po volbách do Kongresu 2026",25-GENERAL_QUESTION_YES_NO-a
2026-10-05T21:23:01,2715915719,Ano,95.0,"Demokraté většina v Senátu, Republikáni většina ve Sněmovně reprezentantů po volbách do Kongresu 2026",25-GENERAL_QUESTION_YES_NO-a
2026-10-05T21:23:01,2715915720,Ne,1.0,"Demokraté většina v Senátu, Republikáni většina ve Sněmovně reprezentantů po volbách do Kongresu 2026",25-GENERAL_QUESTION_YES_NO-a
2026-10-05T21:23:01,2715915721,Ano,3.3,"Republikáni většina v Senátu, Demokraté většina ve Sněmovně reprezentantů po volbách do Kongresu 2026",25-GENERAL_QUESTION_YES_NO-a
2026-10-05T21:23:01,2715915722,Ne,1.0,"Republikáni většina v Senátu, Demokraté většina ve Sněmovně reprezentantů po volbách do Kongresu 2026",25-GENERAL_QUESTION_YES_NO-a
2026-10-05T21:23:01,2715915723,Ne,1.0,"Republikáni většina v Senátu, Republikáni většina ve Sněmovně reprezentantů po volbách do Kongresu 2026",25-GENERAL_QUESTION_YES_NO-a
2026-10-05T21:23:01,2715915724,Ano,11.0,"Republikáni většina v Senátu, Republikáni většina ve Sněmovně reprezentantů po volbách do Kongresu 2026",25-GENERAL_QUESTION_YES_NO-a
2026-10-05T21:23:01,2715915725,Méně než 218,10.0,Počet mandátů Demokratické strany ve Sněmovně reprezentantů po volbách 2026,25-GENERAL_QUESTION_TOTAL-a
2026-10-05T21:23:01,2715915726,218 a více,1.02,Počet mandátů Demokratické strany ve Sněmovně reprezentantů po volbách 2026,25-GENERAL_QUESTION_TOTAL-a
2026-10-05T13:07:05,2715827206,Méně než 50,1.41,Počet mandátů Republikánské strany v Senátu po volbách 2026,25-GENERAL_QUESTION_TOTAL-a
2026-10-05T13:07:05,2715827207,50 a více,2.65,Počet mandátů Republikánské strany v Senátu po volbách 2026,25-GENERAL_QUESTION_TOTAL-a
2026-10-05T13:07:05,2715915717,Ano,1.42,"Demokraté většina v Senátu, Demokraté většina ve Sněmovně reprezentantů po volbách do Kongresu 2026",25-GENERAL_QUESTION_YES_NO-a
2026-10-05T13:07:05,2715915718,Ne,1.0,"Demokraté většina v Senátu, Demokraté většina ve Sněmovně reprezentantů po volbách do Kongresu 2026",25-GENERAL_QUESTION_YES_NO-a
2026-10-05T13:07:05,2715915719,Ano,95.0,"Demokraté většina v Senátu, Republikáni většina ve Sněmovně reprezentantů po volbách do Kongresu 2026",25-GENERAL_QUESTION_YES_NO-a
2026-10-05T13:07:05,2715915720,Ne,1.0,"Demokraté většina v Senátu, Republikáni většina ve Sněmovně reprezentantů po volbách do Kongresu 2026",25-GENERAL_QUESTION_YES_NO-a
2026-10-05T13:07:05,2715915721,Ano,3.3,"Republikáni většina v Senátu, Demokraté většina ve Sněmovně reprezentantů po volbách do Kongresu 2026",25-GENERAL_QUESTION_YES_NO-a
2026-10-05T13:07:05,2715915722,Ne,1.0,"Republikáni většina v Senátu, Demokraté většina ve Sněmovně reprezentantů po volbách do Kongresu 2026",25-GENERAL_QUESTION_YES_NO-a
2026-10-05T13:07:05,2715915723,Ne,1.0,"Republikáni většina v Senátu, Republikáni většina ve Sněmovně reprezentantů po volbách do Kongresu 2026",25-GENERAL_QUESTION_YES_NO-a
2026-10-05T13:07:05,2715915724,Ano,11.0,"Republikáni většina v Senátu, Republikáni většina ve Sněmovně reprezentantů po volbách do Kongresu 2026",25-GENERAL_QUESTION_YES_NO-a
2026-10-05T13:07:05,2715915725,Méně než 218,10.0,Počet mandátů Demokratické strany ve Sněmovně reprezentantů po volbách 2026,25-GENERAL_QUESTION_TOTAL-a
2026-10-05T13:07:05,2715915726,218 a více,1.02,Počet mandátů Demokratické strany ve Sněmovně reprezentantů po volbách 2026,25-GENERAL_QUESTION_TOTAL-a
2026-10-05T00:20:21,2715827206,Méně než 50,1.43,Počet mandátů Republikánské strany v Senátu po volbách 2026,25-GENERAL_QUESTION_TOTAL-a
2026-10-05T00:20:21,2715827207,50 a více,2.58,Počet mandátů Republikánské strany v Senátu po volbách 2026,25-GENERAL_QUESTION_TOTAL-a
2026-10-05T00:20:21,2715915717,Ano,1.45,"Demokraté většina v Senátu, Demokraté většina ve Sněmovně reprezentantů po volbách do Kongresu 2026",25-GENERAL_QUESTION_YES_NO-a
2026-10-05T00:20:21,2715915718,Ne,1.0,"Demokraté většina v Senátu, Demokraté většina ve Sněmovně reprezentantů po volbách do Kongresu 2026",25-GENERAL_QUESTION_YES_NO-a
2026-10-05T00:20:21,2715915719,Ano,95.0,"Demokraté většina v Senátu, Republikáni většina ve Sněmovně reprezentantů po volbách do Kongresu 2026",25-GENERAL_QUESTION_YES_NO-a
2026-10-05T00:20:21,2715915720,Ne,1.0,"Demokraté většina v Senátu, Republikáni většina ve Sněmovně reprezentantů po volbách do Kongresu 2026",25-GENERAL_QUESTION_YES_NO-a
2026-10-05T00:20:21,2715915721,Ano,3.25,"Republikáni většina v Senátu, Demokraté většina ve Sněmovně reprezentantů po volbách do Kongresu 2026",25-GENERAL_QUESTION_YES_NO-a
2026-10-05T00:20:21,2715915722,Ne,1.0,"Republikáni většina v Senátu, Demokraté většina ve Sněmovně reprezentantů po volbách do Kongresu 2026",25-GENERAL_QUESTION_YES_NO-a
2026-10-05T00:20:21,2715915723,Ne,1.0,"Republikáni většina v Senátu, Republikáni většina ve Sněmovně reprezentantů po volbách do Kongresu 2026",25-GENERAL_QUESTION_YES_NO-a
2026-10-05T00:20:21,2715915724,Ano,10.0,"Republikáni většina v Senátu, Republikáni většina ve Sněmovně reprezentantů po volbách do Kongresu 2026",25-GENERAL_QUESTION_YES_NO-a
2026-10-05T00:20:21,2715915725,Méně než 218,10.0,Počet mandátů Demokratické strany ve Sněmovně reprezentantů po volbách 2026,25-GENERAL_QUESTION_TOTAL-a
2026-10-05T00:20:21,2715915726,218 a více,1.02,Počet mandátů Demokratické strany ve Sněmovně reprezentantů po volbách 2026,25-GENERAL_QUESTION_TOTAL-a
2026-10-04T17:55:34,2715827206,Méně než 50,1.43,Počet mandátů Republikánské strany v Senátu po volbách 2026,25-GENERAL_QUESTION_TOTAL-a
2026-10-04T17:55:34,2715827207,50 a více,2.58,Počet mandátů Republikánské strany v Senátu po volbách 2026,25-GENERAL_QUESTION_TOTAL-a
2026-10-04T17:55:34,2715915717,Ano,1.45,"Demokraté většina v Senátu, Demokraté většina ve Sněmovně reprezentantů po volbách do Kongresu 2026",25-GENERAL_QUESTION_YES_NO-a
2026-10-04T17:55:34,2715915718,Ne,1.0,"Demokraté většina v Senátu, Demokraté většina ve Sněmovně reprezentantů po volbách do Kongresu 2026",25-GENERAL_QUESTION_YES_NO-a
2026-10-04T17:55:34,2715915719,Ano,95.0,"Demokraté většina v Senátu, Republikáni většina ve Sněmovně reprezentantů po volbách do Kongresu 2026",25-GENERAL_QUESTION_YES_NO-a
2026-10-04T17:55:34,2715915720,Ne,1.0,"Demokraté většina v Senátu, Republikáni většina ve Sněmovně reprezentantů po volbách do Kongresu 2026",25-GENERAL_QUESTION_YES_NO-a
2026-10-04T17:55:34,2715915721,Ano,3.25,"Republikáni většina v Senátu, Demokraté většina ve Sněmovně reprezentantů po volbách do Kongresu 2026",25-GENERAL_QUESTION_YES_NO-a
2026-10-04T17:55:34,2715915722,Ne,1.0,"Republikáni většina v Senátu, Demokraté většina ve Sněmovně reprezentantů po volbách do Kongresu 2026",25-GENERAL_QUESTION_YES_NO-a
2026-10-04T17:55:34,2715915723,Ne,1.0,"Republikáni většina v Senátu, Republikáni většina ve Sněmovně reprezentantů po volbách do Kongresu 2026",25-GENERAL_QUESTION_YES_NO-a
2026-10-04T17:55:34,2715915724,Ano,10.0,"Republikáni většina v Senátu, Republikáni většina ve Sněmovně reprezentantů po volbách do Kongresu 2026",25-GENERAL_QUESTION_YES_NO-a
2026-10-04T17:55:34,2715915725,Méně než 218,10.0,Počet mandátů Demokratické strany ve Sněmovně reprezentantů po volbách 2026,25-GENERAL_QUESTION_TOTAL-a
2026-10-04T17:55:34,2715915726,218 a více,1.02,Počet mandátů Demokratické strany ve Sněmovně reprezentantů po volbách 2026,25-GENERAL_QUESTION_TOTAL-a
2026-10-04T11:33:42,2715827206,Méně než 50,1.43,Počet mandátů Republikánské strany v Senátu po volbách 2026,25-GENERAL_QUESTION_TOTAL-a
2026-10-04T11:33:42,2715827207,50 a více,2.58,Počet mandátů Republikánské strany v Senátu po volbách 2026,25-GENERAL_QUESTION_TOTAL-a
2026-10-04T11:33:42,2715915717,Ano,1.45,"Demokraté většina v Senátu, Demokraté většina ve Sněmovně reprezentantů po volbách do Kongresu 2026",25-GENERAL_QUESTION_YES_NO-a
2026-10-04T11:33:42,2715915718,Ne,1.0,"Demokraté většina v Senátu, Demokraté většina ve Sněmovně reprezentantů po volbách do Kongresu 2026",25-GENERAL_QUESTION_YES_NO-a
2026-10-04T11:33:42,2715915719,Ano,95.0,"Demokraté většina v Senátu, Republikáni většina ve Sněmovně reprezentantů po volbách do Kongresu 2026",25-GENERAL_QUESTION_YES_NO-a
2026-10-04T11:33:42,2715915720,Ne,1.0,"Demokraté většina v Senátu, Republikáni většina ve Sněmovně reprezentantů po volbách do Kongresu 2026",25-GENERAL_QUESTION_YES_NO-a
2026-10-04T11:33:42,2715915721,Ano,3.25,"Republikáni většina v Senátu, Demokraté většina ve Sněmovně reprezentantů po volbách do Kongresu 2026",25-GENERAL_QUESTION_YES_NO-a
2026-10-04T11:33:42,2715915722,Ne,1.0,"Republikáni většina v Senátu, Demokraté většina ve Sněmovně reprezentantů po volbách do Kongresu 2026",25-GENERAL_QUESTION_YES_NO-a
2026-10-04T11:33:42,2715915723,Ne,1.0,"Republikáni většina v Senátu, Republikáni většina ve Sněmovně reprezentantů po volbách do Kongresu 2026",25-GENERAL_QUESTION_YES_NO-a
2026-10-04T11:33:42,2715915724,Ano,10.0,"Republikáni většina v Senátu, Republikáni většina ve Sněmovně reprezentantů po volbách do Kongresu 2026",25-GENERAL_QUESTION_YES_NO-a
2026-10-04T11:33:42,2715915725,Méně než 218,10.0,Počet mandátů Demokratické strany ve Sněmovně reprezentantů po volbách 2026,25-GENERAL_QUESTION_TOTAL-a
2026-10-04T11:33:42,2715915726,218 a více,1.02,Počet mandátů Demokratické strany ve Sněmovně reprezentantů po volbách 2026,25-GENERAL_QUESTION_TOTAL-a
2026-10-04T00:15:34,2715827206,Méně než 50,1.43,Počet mandátů Republikánské strany v Senátu po volbách 2026,25-GENERAL_QUESTION_TOTAL-a
2026-10-04T00:15:34,2715827207,50 a více,2.58,Počet mandátů Republikánské strany v Senátu po volbách 2026,25-GENERAL_QUESTION_TOTAL-a
2026-10-04T00:15:34,2715915717,Ano,1.45,"Demokraté většina v Senátu, Demokraté většina ve Sněmovně reprezentantů po volbách do Kongresu 2026",25-GENERAL_QUESTION_YES_NO-a
2026-10-04T00:15:34,2715915718,Ne,1.0,"Demokraté většina v Senátu, Demokraté většina ve Sněmovně reprezentantů po volbách do Kongresu 2026",25-GENERAL_QUESTION_YES_NO-a
2026-10-04T00:15:34,2715915719,Ano,95.0,"Demokraté většina v Senátu, Republikáni většina ve Sněmovně reprezentantů po volbách do Kongresu 2026",25-GENERAL_QUESTION_YES_NO-a
2026-10-04T00:15:34,2715915720,Ne,1.0,"Demokraté většina v Senátu, Republikáni většina ve Sněmovně reprezentantů po volbách do Kongresu 2026",25-GENERAL_QUESTION_YES_NO-a
2026-10-04T00:15:34,2715915721,Ano,3.25,"Republikáni většina v Senátu, Demokraté většina ve Sněmovně reprezentantů po volbách do Kongresu 2026",25-GENERAL_QUESTION_YES_NO-a
2026-10-04T00:15:34,2715915722,Ne,1.0,"Republikáni většina v Senátu, Demokraté většina ve Sněmovně reprezentantů po volbách do Kongresu 2026",25-GENERAL_QUESTION_YES_NO-a
2026-10-04T00:15:34,2715915723,Ne,1.0,"Republikáni většina v Senátu, Republikáni většina ve Sněmovně reprezentantů po volbách do Kongresu 2026",25-GENERAL_QUESTION_YES_NO-a
2026-10-04T00:15:34,2715915724,Ano,10.0,"Republikáni většina v Senátu, Republikáni většina ve Sněmovně reprezentantů po volbách do Kongresu 2026",25-GENERAL_QUESTION_YES_NO-a
2026-10-04T00:15:34,2715915725,Méně než 218,10.0,Počet mandátů Demokratické strany ve Sněmovně reprezentantů po volbách 2026,25-GENERAL_QUESTION_TOTAL-a
2026-10-04T00:15:34,2715915726,218 a více,1.02,Počet mandátů Demokratické strany ve Sněmovně reprezentantů po volbách 2026,25-GENERAL_QUESTION_TOTAL-a
2026-10-03T17:41:38,2715827206,Méně než 50,1.46,Počet mandátů Republikánské strany v Senátu po volbách 2026,25-GENERAL_QUESTION_TOTAL-a
2026-10-03T17:41:38,2715827207,50 a více,2.49,Počet mandátů Republikánské strany v Senátu po volbách 2026,25-GENERAL_QUESTION_TOTAL-a
2026-10-03T17:41:38,2715915717,Ano,1.5,"Demokraté většina v Senátu, Demokraté většina ve Sněmovně reprezentantů po volbách do Kongresu 2026",25-GENERAL_QUESTION_YES_NO-a
2026-10-03T17:41:38,2715915718,Ne,1.0,"Demokraté většina v Senátu, Demokraté většina ve Sněmovně reprezentantů po volbách do Kongresu 2026",25-GENERAL_QUESTION_YES_NO-a
2026-10-03T17:41:38,2715915719,Ano,88.0,"Demokraté většina v Senátu, Republikáni většina ve Sněmovně reprezentantů po volbách do Kongresu 2026",25-GENERAL_QUESTION_YES_NO-a
2026-10-03T17:41:38,2715915720,Ne,1.0,"Demokraté většina v Senátu, Republikáni většina ve Sněmovně reprezentantů po volbách do Kongresu 2026",25-GENERAL_QUESTION_YES_NO-a
2026-10-03T17:41:38,2715915721,Ano,2.95,"Republikáni většina v Senátu, Demokraté většina ve Sněmovně reprezentantů po volbách do Kongresu 2026",25-GENERAL_QUESTION_YES_NO-a
2026-10-03T17:41:38,2715915722,Ne,1.0,"Republikáni většina v Senátu, Demokraté většina ve Sněmovně reprezentantů po volbách do Kongresu 2026",25-GENERAL_QUESTION_YES_NO-a
2026-10-03T17:41:38,2715915723,Ne,1.0,"Republikáni většina v Senátu, Republikáni většina ve Sněmovně reprezentantů po volbách do Kongresu 2026",25-GENERAL_QUESTION_YES_NO-a
2026-10-03T17:41:38,2715915724,Ano,9.5,"Republikáni většina v Senátu, Republikáni většina ve Sněmovně reprezentantů po volbách do Kongresu 2026",25-GENERAL_QUESTION_YES_NO-a
2026-10-03T17:41:38,2715915725,Méně než 218,9.38,Počet mandátů Demokratické strany ve Sněmovně reprezentantů po volbách 2026,25-GENERAL_QUESTION_TOTAL-a
2026-10-03T17:41:38,2715915726,218 a více,1.02,Počet mandátů Demokratické strany ve Sněmovně reprezentantů po volbách 2026,25-GENERAL_QUESTION_TOTAL-a
2026-10-03T10:51:22,2715827206,Méně než 50,1.46,Počet mandátů Republikánské strany v Senátu po volbách 2026,25-GENERAL_QUESTION_TOTAL-a
2026-10-03T10:51:22,2715827207,50 a více,2.49,Počet mandátů Republikánské strany v Senátu po volbách 2026,25-GENERAL_QUESTION_TOTAL-a
2026-10-03T10:51:22,2715915717,Ano,1.5,"Demokraté většina v Senátu, Demokraté většina ve Sněmovně reprezentantů po volbách do Kongresu 2026",25-GENERAL_QUESTION_YES_NO-a
2026-10-03T10:51:22,2715915718,Ne,1.0,"Demokraté většina v Senátu, Demokraté většina ve Sněmovně reprezentantů po volbách do Kongresu 2026",25-GENERAL_QUESTION_YES_NO-a
2026-10-03T10:51:22,2715915719,Ano,88.0,"Demokraté většina v Senátu, Republikáni většina ve Sněmovně reprezentantů po volbách do Kongresu 2026",25-GENERAL_QUESTION_YES_NO-a
2026-10-03T10:51:22,2715915720,Ne,1.0,"Demokraté většina v Senátu, Republikáni většina ve Sněmovně reprezentantů po volbách do Kongresu 2026",25-GENERAL_QUESTION_YES_NO-a
2026-10-03T10:51:22,2715915721,Ano,2.95,"Republikáni většina v Senátu, Demokraté většina ve Sněmovně reprezentantů po volbách do Kongresu 2026",25-GENERAL_QUESTION_YES_NO-a
2026-10-03T10:51:22,2715915722,Ne,1.0,"Republikáni většina v Senátu, Demokraté většina ve Sněmovně reprezentantů po volbách do Kongresu 2026",25-GENERAL_QUESTION_YES_NO-a
2026-10-03T10:51:22,2715915723,Ne,1.0,"Republikáni většina v Senátu, Republikáni většina ve Sněmovně reprezentantů po volbách do Kongresu 2026",25-GENERAL_QUESTION_YES_NO-a
2026-10-03T10:51:22,2715915724,Ano,9.5,"Republikáni většina v Senátu, Republikáni většina ve Sněmovně reprezentantů po volbách do Kongresu 2026",25-GENERAL_QUESTION_YES_NO-a
2026-10-03T10:51:22,2715915725,Méně než 218,9.38,Počet mandátů Demokratické strany ve Sněmovně reprezentantů po volbách 2026,25-GENERAL_QUESTION_TOTAL-a
2026-10-03T10:51:22,2715915726,218 a více,1.02,Počet mandátů Demokratické strany ve Sněmovně reprezentantů po volbách 2026,25-GENERAL_QUESTION_TOTAL-a
2026-10-03T00:50:07,2715827206,Méně než 50,1.46,Počet mandátů Republikánské strany v Senátu po volbách 2026,25-GENERAL_QUESTION_TOTAL-a
2026-10-03T00:50:07,2715827207,50 a více,2.49,Počet mandátů Republikánské strany v Senátu po volbách 2026,25-GENERAL_QUESTION_TOTAL-a
2026-10-03T00:50:07,2715915717,Ano,1.5,"Demokraté většina v Senátu, Demokraté většina ve Sněmovně reprezentantů po volbách do Kongresu 2026",25-GENERAL_QUESTION_YES_NO-a
2026-10-03T00:50:07,2715915718,Ne,1.0,"Demokraté většina v Senátu, Demokraté většina ve Sněmovně reprezentantů po volbách do Kongresu 2026",25-GENERAL_QUESTION_YES_NO-a
2026-10-03T00:50:07,2715915719,Ano,88.0,"Demokraté většina v Senátu, Republikáni většina ve Sněmovně reprezentantů po volbách do Kongresu 2026",25-GENERAL_QUESTION_YES_NO-a
2026-10-03T00:50:07,2715915720,Ne,1.0,"Demokraté většina v Senátu, Republikáni většina ve Sněmovně reprezentantů po volbách do Kongresu 2026",25-GENERAL_QUESTION_YES_NO-a
2026-10-03T00:50:07,2715915721,Ano,2.95,"Republikáni většina v Senátu, Demokraté většina ve Sněmovně reprezentantů po volbách do Kongresu 2026",25-GENERAL_QUESTION_YES_NO-a
2026-10-03T00:50:07,2715915722,Ne,1.0,"Republikáni většina v Senátu, Demokraté většina ve Sněmovně reprezentantů po volbách do Kongresu 2026",25-GENERAL_QUESTION_YES_NO-a
2026-10-03T00:50:07,2715915723,Ne,1.0,"Republikáni většina v Senátu, Republikáni většina ve Sněmovně reprezentantů po volbách do Kongresu 2026",25-GENERAL_QUESTION_YES_NO-a
2026-10-03T00:50:07,2715915724,Ano,9.5,"Republikáni většina v Senátu, Republikáni většina ve Sněmovně reprezentantů po volbách do Kongresu 2026",25-GENERAL_QUESTION_YES_NO-a
2026-10-03T00:50:07,2715915725,Méně než 218,9.38,Počet mandátů Demokratické strany ve Sněmovně reprezentantů po volbách 2026,25-GENERAL_QUESTION_TOTAL-a
2026-10-03T00:50:07,2715915726,218 a více,1.02,Počet mandátů Demokratické strany ve Sněmovně reprezentantů po volbách 2026,25-GENERAL_QUESTION_TOTAL-a
2026-10-02T18:49:50,2715827206,Méně než 50,1.46,Počet mandátů Republikánské strany v Senátu po volbách 2026,25-GENERAL_QUESTION_TOTAL-a
2026-10-02T18:49:50,2715827207,50 a více,2.49,Počet mandátů Republikánské strany v Senátu po volbách 2026,25-GENERAL_QUESTION_TOTAL-a
2026-10-02T18:49:50,2715915717,Ano,1.5,"Demokraté většina v Senátu, Demokraté většina ve Sněmovně reprezentantů po volbách do Kongresu 2026",25-GENERAL_QUESTION_YES_NO-a
2026-10-02T18:49:50,2715915718,Ne,1.0,"Demokraté většina v Senátu, Demokraté většina ve Sněmovně reprezentantů po volbách do Kongresu 2026",25-GENERAL_QUESTION_YES_NO-a
2026-10-02T18:49:50,2715915719,Ano,88.0,"Demokraté většina v Senátu, Republikáni většina ve Sněmovně reprezentantů po volbách do Kongresu 2026",25-GENERAL_QUESTION_YES_NO-a
2026-10-02T18:49:50,2715915720,Ne,1.0,"Demokraté většina v Senátu, Republikáni většina ve Sněmovně reprezentantů po volbách do Kongresu 2026",25-GENERAL_QUESTION_YES_NO-a
2026-10-02T18:49:50,2715915721,Ano,2.95,"Republikáni většina v Senátu, Demokraté většina ve Sněmovně reprezentantů po volbách do Kongresu 2026",25-GENERAL_QUESTION_YES_NO-a
2026-10-02T18:49:50,2715915722,Ne,1.0,"Republikáni většina v Senátu, Demokraté většina ve Sněmovně reprezentantů po volbách do Kongresu 2026",25-GENERAL_QUESTION_YES_NO-a
2026-10-02T18:49:50,2715915723,Ne,1.0,"Republikáni většina v Senátu, Republikáni většina ve Sněmovně reprezentantů po volbách do Kongresu 2026",25-GENERAL_QUESTION_YES_NO-a
2026-10-02T18:49:50,2715915724,Ano,9.5,"Republikáni většina v Senátu, Republikáni většina ve Sněmovně reprezentantů po volbách do Kongresu 2026",25-GENERAL_QUESTION_YES_NO-a
2026-10-02T18:49:50,2715915725,Méně než 218,9.38,Počet mandátů Demokratické strany ve Sněmovně reprezentantů po volbách 2026,25-GENERAL_QUESTION_TOTAL-a
2026-10-02T18:49:50,2715915726,218 a více,1.02,Počet mandátů Demokratické strany ve Sněmovně reprezentantů po volbách 2026,25-GENERAL_QUESTION_TOTAL-a
2026-10-02T11:37:50,2715827206,Méně než 50,1.48,Počet mandátů Republikánské strany v Senátu po volbách 2026,25-GENERAL_QUESTION_TOTAL-a
2026-10-02T11:37:50,2715827207,50 a více,2.43,Počet mandátů Republikánské strany v Senátu po volbách 2026,25-GENERAL_QUESTION_TOTAL-a
2026-10-02T11:37:50,2715915717,Ano,1.5,"Demokraté většina v Senátu, Demokraté většina ve Sněmovně reprezentantů po volbách do Kongresu 2026",25-GENERAL_QUESTION_YES_NO-a
2026-10-02T11:37:50,2715915718,Ne,1.0,"Demokraté většina v Senátu, Demokraté většina ve Sněmovně reprezentantů po volbách do Kongresu 2026",25-GENERAL_QUESTION_YES_NO-a
2026-10-02T11:37:50,2715915719,Ano,88.0,"Demokraté většina v Senátu, Republikáni většina ve Sněmovně reprezentantů po volbách do Kongresu 2026",25-GENERAL_QUESTION_YES_NO-a
2026-10-02T11:37:50,2715915720,Ne,1.0,"Demokraté většina v Senátu, Republikáni většina ve Sněmovně reprezentantů po volbách do Kongresu 2026",25-GENERAL_QUESTION_YES_NO-a
2026-10-02T11:37:50,2715915721,Ano,2.95,"Republikáni většina v Senátu, Demokraté většina ve Sněmovně reprezentantů po volbách do Kongresu 2026",25-GENERAL_QUESTION_YES_NO-a
2026-10-02T11:37:50,2715915722,Ne,1.0,"Republikáni většina v Senátu, Demokraté většina ve Sněmovně reprezentantů po volbách do Kongresu 2026",25-GENERAL_QUESTION_YES_NO-a
2026-10-02T11:37:50,2715915723,Ne,1.0,"Republikáni většina v Senátu, Republikáni většina ve Sněmovně reprezentantů po volbách do Kongresu 2026",25-GENERAL_QUESTION_YES_NO-a
2026-10-02T11:37:50,2715915724,Ano,9.5,"Republikáni většina v Senátu, Republikáni většina ve Sněmovně reprezentantů po volbách do Kongresu 2026",25-GENERAL_QUESTION_YES_NO-a
2026-10-02T11:37:50,2715915725,Méně než 218,9.38,Počet mandátů Demokratické strany ve Sněmovně reprezentantů po volbách 2026,25-GENERAL_QUESTION_TOTAL-a
2026-10-02T11:37:50,2715915726,218 a více,1.02,Počet mandátů Demokratické strany ve Sněmovně reprezentantů po volbách 2026,25-GENERAL_QUESTION_TOTAL-a
2026-10-02T01:12:24,2715827206,Méně než 50,1.48,Počet mandátů Republikánské strany v Senátu po volbách 2026,25-GENERAL_QUESTION_TOTAL-a
2026-10-02T01:12:24,2715827207,50 a více,2.43,Počet mandátů Republikánské strany v Senátu po volbách 2026,25-GENERAL_QUESTION_TOTAL-a
2026-10-02T01:12:24,2715915717,Ano,1.5,"Demokraté většina v Senátu, Demokraté většina ve Sněmovně reprezentantů po volbách do Kongresu 2026",25-GENERAL_QUESTION_YES_NO-a
2026-10-02T01:12:24,2715915718,Ne,1.0,"Demokraté většina v Senátu, Demokraté většina ve Sněmovně reprezentantů po volbách do Kongresu 2026",25-GENERAL_QUESTION_YES_NO-a
2026-10-02T01:12:24,2715915719,Ano,88.0,"Demokraté většina v Senátu, Republikáni většina ve Sněmovně reprezentantů po volbách do Kongresu 2026",25-GENERAL_QUESTION_YES_NO-a
2026-10-02T01:12:24,2715915720,Ne,1.0,"Demokraté většina v Senátu, Republikáni většina ve Sněmovně reprezentantů po volbách do Kongresu 2026",25-GENERAL_QUESTION_YES_NO-a
2026-10-02T01:12:24,2715915721,Ano,2.95,"Republikáni většina v Senátu, Demokraté většina ve Sněmovně reprezentantů po volbách do Kongresu 2026",25-GENERAL_QUESTION_YES_NO-a
2026-10-02T01:12:24,2715915722,Ne,1.0,"Republikáni většina v Senátu, Demokraté většina ve Sněmovně reprezentantů po volbách do Kongresu 2026",25-GENERAL_QUESTION_YES_NO-a
2026-10-02T01:12:24,2715915723,Ne,1.0,"Republikáni většina v Senátu, Republikáni většina ve Sněmovně reprezentantů po volbách do Kongresu 2026",25-GENERAL_QUESTION_YES_NO-a
2026-10-02T01:12:24,2715915724,Ano,9.5,"Republikáni většina v Senátu, Republikáni většina ve Sněmovně reprezentantů po volbách do Kongresu 2026",25-GENERAL_QUESTION_YES_NO-a
2026-10-02T01:12:24,2715915725,Méně než 218,9.38,Počet mandátů Demokratické strany ve Sněmovně reprezentantů po volbách 2026,25-GENERAL_QUESTION_TOTAL-a
2026-10-02T01:12:24,2715915726,218 a více,1.02,Počet mandátů Demokratické strany ve Sněmovně reprezentantů po volbách 2026,25-GENERAL_QUESTION_TOTAL-a
2026-10-01T19:09:58,2715827206,Méně než 50,1.48,Počet mandátů Republikánské strany v Senátu po volbách 2026,25-GENERAL_QUESTION_TOTAL-a
2026-10-01T19:09:58,2715827207,50 a více,2.43,Počet mandátů Republikánské strany v Senátu po volbách 2026,25-GENERAL_QUESTION_TOTAL-a
2026-10-01T19:09:58,2715915717,Ano,1.5,"Demokraté většina v Senátu, Demokraté většina ve Sněmovně reprezentantů po volbách do Kongresu 2026",25-GENERAL_QUESTION_YES_NO-a
2026-10-01T19:09:58,2715915718,Ne,1.0,"Demokraté většina v Senátu, Demokraté většina ve Sněmovně reprezentantů po volbách do Kongresu 2026",25-GENERAL_QUESTION_YES_NO-a
2026-10-01T19:09:58,2715915719,Ano,88.0,"Demokraté většina v Senátu, Republikáni většina ve Sněmovně reprezentantů po volbách do Kongresu 2026",25-GENERAL_QUESTION_YES_NO-a
2026-10-01T19:09:58,2715915720,Ne,1.0,"Demokraté většina v Senátu, Republikáni většina ve Sněmovně reprezentantů po volbách do Kongresu 2026",25-GENERAL_QUESTION_YES_NO-a
2026-10-01T19:09:58,2715915721,Ano,2.95,"Republikáni většina v Senátu, Demokraté většina ve Sněmovně reprezentantů po volbách do Kongresu 2026",25-GENERAL_QUESTION_YES_NO-a
2026-10-01T19:09:58,2715915722,Ne,1.0,"Republikáni většina v Senátu, Demokraté většina ve Sněmovně reprezentantů po volbách do Kongresu 2026",25-GENERAL_QUESTION_YES_NO-a
2026-10-01T19:09:58,2715915723,Ne,1.0,"Republikáni většina v Senátu, Republikáni většina ve Sněmovně reprezentantů po volbách do Kongresu 2026",25-GENERAL_QUESTION_YES_NO-a
2026-10-01T19:09:58,2715915724,Ano,9.5,"Republikáni většina v Senátu, Republikáni většina ve Sněmovně reprezentantů po volbách do Kongresu 2026",25-GENERAL_QUESTION_YES_NO-a
2026-10-01T19:09:58,2715915725,Méně než 218,9.38,Počet mandátů Demokratické strany ve Sněmovně reprezentantů po volbách 2026,25-GENERAL_QUESTION_TOTAL-a
2026-10-01T19:09:58,2715915726,218 a více,1.02,Počet mandátů Demokratické strany ve Sněmovně reprezentantů po volbách 2026,25-GENERAL_QUESTION_TOTAL-a
2026-10-01T12:07:04,2715827206,Méně než 50,1.48,Počet mandátů Republikánské strany v Senátu po volbách 2026,25-GENERAL_QUESTION_TOTAL-a
2026-10-01T12:07:04,2715827207,50 a více,2.43,Počet mandátů Republikánské strany v Senátu po volbách 2026,25-GENERAL_QUESTION_TOTAL-a
2026-10-01T12:07:04,2715915717,Ano,1.5,"Demokraté většina v Senátu, Demokraté většina ve Sněmovně reprezentantů po volbách do Kongresu 2026",25-GENERAL_QUESTION_YES_NO-a
2026-10-01T12:07:04,2715915718,Ne,1.0,"Demokraté většina v Senátu, Demokraté většina ve Sněmovně reprezentantů po volbách do Kongresu 2026",25-GENERAL_QUESTION_YES_NO-a
2026-10-01T12:07:04,2715915719,Ano,88.0,"Demokraté většina v Senátu, Republikáni většina ve Sněmovně reprezentantů po volbách do Kongresu 2026",25-GENERAL_QUESTION_YES_NO-a
2026-10-01T12:07:04,2715915720,Ne,1.0,"Demokraté většina v Senátu, Republikáni většina ve Sněmovně reprezentantů po volbách do Kongresu 2026",25-GENERAL_QUESTION_YES_NO-a
2026-10-01T12:07:04,2715915721,Ano,2.95,"Republikáni většina v Senátu, Demokraté většina ve Sněmovně reprezentantů po volbách do Kongresu 2026",25-GENERAL_QUESTION_YES_NO-a
2026-10-01T12:07:04,2715915722,Ne,1.0,"Republikáni většina v Senátu, Demokraté většina ve Sněmovně reprezentantů po volbách do Kongresu 2026",25-GENERAL_QUESTION_YES_NO-a
2026-10-01T12:07:04,2715915723,Ne,1.0,"Republikáni většina v Senátu, Republikáni většina ve Sněmovně reprezentantů po volbách do Kongresu 2026",25-GENERAL_QUESTION_YES_NO-a
2026-10-01T12:07:04,2715915724,Ano,9.5,"Republikáni většina v Senátu, Republikáni většina ve Sněmovně reprezentantů po volbách do Kongresu 2026",25-GENERAL_QUESTION_YES_NO-a
2026-10-01T12:07:04,2715915725,Méně než 218,9.38,Počet mandátů Demokratické strany ve Sněmovně reprezentantů po volbách 2026,25-GENERAL_QUESTION_TOTAL-a
2026-10-01T12:07:04,2715915726,218 a více,1.02,Počet mandátů Demokratické strany ve Sněmovně reprezentantů po volbách 2026,25-GENERAL_QUESTION_TOTAL-a
2026-10-01T00:55:51,2715827206,Méně než 50,1.48,Počet mandátů Republikánské strany v Senátu po volbách 2026,25-GENERAL_QUESTION_TOTAL-a
2026-10-01T00:55:51,2715827207,50 a více,2.43,Počet mandátů Republikánské strany v Senátu po volbách 2026,25-GENERAL_QUESTION_TOTAL-a
2026-10-01T00:55:51,2715915717,Ano,1.5,"Demokraté většina v Senátu, Demokraté většina ve Sněmovně reprezentantů po volbách do Kongresu 2026",25-GENERAL_QUESTION_YES_NO-a
2026-10-01T00:55:51,2715915718,Ne,1.0,"Demokraté většina v Senátu, Demokraté většina ve Sněmovně reprezentantů po volbách do Kongresu 2026",25-GENERAL_QUESTION_YES_NO-a
2026-10-01T00:55:51,2715915719,Ano,88.0,"Demokraté většina v Senátu, Republikáni většina ve Sněmovně reprezentantů po volbách do Kongresu 2026",25-GENERAL_QUESTION_YES_NO-a
2026-10-01T00:55:51,2715915720,Ne,1.0,"Demokraté většina v Senátu, Republikáni většina ve Sněmovně reprezentantů po volbách do Kongresu 2026",25-GENERAL_QUESTION_YES_NO-a
2026-10-01T00:55:51,2715915721,Ano,2.95,"Republikáni většina v Senátu, Demokraté většina ve Sněmovně reprezentantů po volbách do Kongresu 2026",25-GENERAL_QUESTION_YES_NO-a
2026-10-01T00:55:51,2715915722,Ne,1.0,"Republikáni většina v Senátu, Demokraté většina ve Sněmovně reprezentantů po volbách do Kongresu 2026",25-GENERAL_QUESTION_YES_NO-a
2026-10-01T00:55:51,2715915723,Ne,1.0,"Republikáni většina v Senátu, Republikáni většina ve Sněmovně reprezentantů po volbách do Kongresu 2026",25-GENERAL_QUESTION_YES_NO-a
2026-10-01T00:55:51,2715915724,Ano,9.5,"Republikáni většina v Senátu, Republikáni většina ve Sněmovně reprezentantů po volbách do Kongresu 2026",25-GENERAL_QUESTION_YES_NO-a
2026-10-01T00:55:51,2715915725,Méně než 218,9.38,Počet mandátů Demokratické strany ve Sněmovně reprezentantů po volbách 2026,25-GENERAL_QUESTION_TOTAL-a
2026-10-01T00:55:51,2715915726,218 a více,1.02,Počet mandátů Demokratické strany ve Sněmovně reprezentantů po volbách 2026,25-GENERAL_QUESTION_TOTAL-a
2026-09-30T18:43:54,2715827206,Méně než 50,1.48,Počet mandátů Republikánské strany v Senátu po volbách 2026,25-GENERAL_QUESTION_TOTAL-a
2026-09-30T18:43:54,2715827207,50 a více,2.43,Počet mandátů Republikánské strany v Senátu po volbách 2026,25-GENERAL_QUESTION_TOTAL-a
2026-09-30T18:43:54,2715915717,Ano,1.5,"Demokraté většina v Senátu, Demokraté většina ve Sněmovně reprezentantů po volbách do Kongresu 2026",25-GENERAL_QUESTION_YES_NO-a
2026-09-30T18:43:54,2715915718,Ne,1.0,"Demokraté většina v Senátu, Demokraté většina ve Sněmovně reprezentantů po volbách do Kongresu 2026",25-GENERAL_QUESTION_YES_NO-a
2026-09-30T18:43:54,2715915719,Ano,88.0,"Demokraté většina v Senátu, Republikáni většina ve Sněmovně reprezentantů po volbách do Kongresu 2026",25-GENERAL_QUESTION_YES_NO-a
2026-09-30T18:43:54,2715915720,Ne,1.0,"Demokraté většina v Senátu, Republikáni většina ve Sněmovně reprezentantů po volbách do Kongresu 2026",25-GENERAL_QUESTION_YES_NO-a
2026-09-30T18:43:54,2715915721,Ano,2.95,"Republikáni většina v Senátu, Demokraté většina ve Sněmovně reprezentantů po volbách do Kongresu 2026",25-GENERAL_QUESTION_YES_NO-a
2026-09-30T18:43:54,2715915722,Ne,1.0,"Republikáni většina v Senátu, Demokraté většina ve Sněmovně reprezentantů po volbách do Kongresu 2026",25-GENERAL_QUESTION_YES_NO-a
2026-09-30T18:43:54,2715915723,Ne,1.0,"Republikáni většina v Senátu, Republikáni většina ve Sněmovně reprezentantů po volbách do Kongresu 2026",25-GENERAL_QUESTION_YES_NO-a
2026-09-30T18:43:54,2715915724,Ano,9.5,"Republikáni většina v Senátu, Republikáni většina ve Sněmovně reprezentantů po volbách do Kongresu 2026",25-GENERAL_QUESTION_YES_NO-a
2026-09-30T18:43:54,2715915725,Méně než 218,9.38,Počet mandátů Demokratické strany ve Sněmovně reprezentantů po volbách 2026,25-GENERAL_QUESTION_TOTAL-a
2026-09-30T18:43:54,2715915726,218 a více,1.02,Počet mandátů Demokratické strany ve Sněmovně reprezentantů po volbách 2026,25-GENERAL_QUESTION_TOTAL-a
2026-09-30T11:38:08,2715827206,Méně než 50,1.48,Počet mandátů Republikánské strany v Senátu po volbách 2026,25-GENERAL_QUESTION_TOTAL-a
2026-09-30T11:38:08,2715827207,50 a více,2.43,Počet mandátů Republikánské strany v Senátu po volbách 2026,25-GENERAL_QUESTION_TOTAL-a
2026-09-30T11:38:08,2715915717,Ano,1.5,"Demokraté většina v Senátu, Demokraté většina ve Sněmovně reprezentantů po volbách do Kongresu 2026",25-GENERAL_QUESTION_YES_NO-a
2026-09-30T11:38:08,2715915718,Ne,1.0,"Demokraté většina v Senátu, Demokraté většina ve Sněmovně reprezentantů po volbách do Kongresu 2026",25-GENERAL_QUESTION_YES_NO-a
2026-09-30T11:38:08,2715915719,Ano,88.0,"Demokraté většina v Senátu, Republikáni většina ve Sněmovně reprezentantů po volbách do Kongresu 2026",25-GENERAL_QUESTION_YES_NO-a
2026-09-30T11:38:08,2715915720,Ne,1.0,"Demokraté většina v Senátu, Republikáni většina ve Sněmovně reprezentantů po volbách do Kongresu 2026",25-GENERAL_QUESTION_YES_NO-a
2026-09-30T11:38:08,2715915721,Ano,2.95,"Republikáni většina v Senátu, Demokraté většina ve Sněmovně reprezentantů po volbách do Kongresu 2026",25-GENERAL_QUESTION_YES_NO-a
2026-09-30T11:38:08,2715915722,Ne,1.0,"Republikáni většina v Senátu, Demokraté většina ve Sněmovně reprezentantů po volbách do Kongresu 2026",25-GENERAL_QUESTION_YES_NO-a
2026-09-30T11:38:08,2715915723,Ne,1.0,"Republikáni většina v Senátu, Republikáni většina ve Sněmovně reprezentantů po volbách do Kongresu 2026",25-GENERAL_QUESTION_YES_NO-a
2026-09-30T11:38:08,2715915724,Ano,9.5,"Republikáni většina v Senátu, Republikáni většina ve Sněmovně reprezentantů po volbách do Kongresu 2026",25-GENERAL_QUESTION_YES_NO-a
2026-09-30T11:38:08,2715915725,Méně než 218,9.38,Počet mandátů Demokratické strany ve Sněmovně reprezentantů po volbách 2026,25-GENERAL_QUESTION_TOTAL-a
2026-09-30T11:38:08,2715915726,218 a více,1.02,Počet mandátů Demokratické strany ve Sněmovně reprezentantů po volbách 2026,25-GENERAL_QUESTION_TOTAL-a
2026-09-30T00:54:49,2715827206,Méně než 50,1.48,Počet mandátů Republikánské strany v Senátu po volbách 2026,25-GENERAL_QUESTION_TOTAL-a
2026-09-30T00:54:49,2715827207,50 a více,2.43,Počet mandátů Republikánské strany v Senátu po volbách 2026,25-GENERAL_QUESTION_TOTAL-a
2026-09-30T00:54:49,2715915717,Ano,1.5,"Demokraté většina v Senátu, Demokraté většina ve Sněmovně reprezentantů po volbách do Kongresu 2026",25-GENERAL_QUESTION_YES_NO-a
2026-09-30T00:54:49,2715915718,Ne,1.0,"Demokraté většina v Senátu, Demokraté většina ve Sněmovně reprezentantů po volbách do Kongresu 2026",25-GENERAL_QUESTION_YES_NO-a
2026-09-30T00:54:49,2715915719,Ano,88.0,"Demokraté většina v Senátu, Republikáni většina ve Sněmovně reprezentantů po volbách do Kongresu 2026",25-GENERAL_QUESTION_YES_NO-a
2026-09-30T00:54:49,2715915720,Ne,1.0,"Demokraté většina v Senátu, Republikáni většina ve Sněmovně reprezentantů po volbách do Kongresu 2026",25-GENERAL_QUESTION_YES_NO-a
2026-09-30T00:54:49,2715915721,Ano,2.95,"Republikáni většina v Senátu, Demokraté většina ve Sněmovně reprezentantů po volbách do Kongresu 2026",25-GENERAL_QUESTION_YES_NO-a
2026-09-30T00:54:49,2715915722,Ne,1.0,"Republikáni většina v Senátu, Demokraté většina ve Sněmovně reprezentantů po volbách do Kongresu 2026",25-GENERAL_QUESTION_YES_NO-a
2026-09-30T00:54:49,2715915723,Ne,1.0,"Republikáni většina v Senátu, Republikáni většina ve Sněmovně reprezentantů po volbách do Kongresu 2026",25-GENERAL_QUESTION_YES_NO-a
2026-09-30T00:54:49,2715915724,Ano,9.5,"Republikáni většina v Senátu, Republikáni většina ve Sněmovně reprezentantů po volbách do Kongresu 2026",25-GENERAL_QUESTION_YES_NO-a
2026-09-30T00:54:49,2715915725,Méně než 218,9.38,Počet mandátů Demokratické strany ve Sněmovně reprezentantů po volbách 2026,25-GENERAL_QUESTION_TOTAL-a
2026-09-30T00:54:49,2715915726,218 a více,1.02,Počet mandátů Demokratické strany ve Sněmovně reprezentantů po volbách 2026,25-GENERAL_QUESTION_TOTAL-a
2026-09-29T19:00:11,2715827206,Méně než 50,1.48,Počet mandátů Republikánské strany v Senátu po volbách 2026,25-GENERAL_QUESTION_TOTAL-a
2026-09-29T19:00:11,2715827207,50 a více,2.43,Počet mandátů Republikánské strany v Senátu po volbách 2026,25-GENERAL_QUESTION_TOTAL-a
2026-09-29T19:00:11,2715915717,Ano,1.5,"Demokraté většina v Senátu, Demokraté většina ve Sněmovně reprezentantů po volbách do Kongresu 2026",25-GENERAL_QUESTION_YES_NO-a
2026-09-29T19:00:11,2715915718,Ne,1.0,"Demokraté většina v Senátu, Demokraté většina ve Sněmovně reprezentantů po volbách do Kongresu 2026",25-GENERAL_QUESTION_YES_NO-a
2026-09-29T19:00:11,2715915719,Ano,88.0,"Demokraté většina v Senátu, Republikáni většina ve Sněmovně reprezentantů po volbách do Kongresu 2026",25-GENERAL_QUESTION_YES_NO-a
2026-09-29T19:00:11,2715915720,Ne,1.0,"Demokraté většina v Senátu, Republikáni většina ve Sněmovně reprezentantů po volbách do Kongresu 2026",25-GENERAL_QUESTION_YES_NO-a
2026-09-29T19:00:11,2715915721,Ano,2.95,"Republikáni většina v Senátu, Demokraté většina ve Sněmovně reprezentantů po volbách do Kongresu 2026",25-GENERAL_QUESTION_YES_NO-a
2026-09-29T19:00:11,2715915722,Ne,1.0,"Republikáni většina v Senátu, Demokraté většina ve Sněmovně reprezentantů po volbách do Kongresu 2026",25-GENERAL_QUESTION_YES_NO-a
2026-09-29T19:00:11,2715915723,Ne,1.0,"Republikáni většina v Senátu, Republikáni většina ve Sněmovně reprezentantů po volbách do Kongresu 2026",25-GENERAL_QUESTION_YES_NO-a
2026-09-29T19:00:11,2715915724,Ano,9.5,"Republikáni většina v Senátu, Republikáni většina ve Sněmovně reprezentantů po volbách do Kongresu 2026",25-GENERAL_QUESTION_YES_NO-a
2026-09-29T19:00:11,2715915725,Méně než 218,9.38,Počet mandátů Demokratické strany ve Sněmovně reprezentantů po volbách 2026,25-GENERAL_QUESTION_TOTAL-a
2026-09-29T19:00:11,2715915726,218 a více,1.02,Počet mandátů Demokratické strany ve Sněmovně reprezentantů po volbách 2026,25-GENERAL_QUESTION_TOTAL-a
2026-09-29T11:51:15,2715827206,Méně než 50,1.48,Počet mandátů Republikánské strany v Senátu po volbách 2026,25-GENERAL_QUESTION_TOTAL-a
2026-09-29T11:51:15,2715827207,50 a více,2.43,Počet mandátů Republikánské strany v Senátu po volbách 2026,25-GENERAL_QUESTION_TOTAL-a
2026-09-29T11:51:15,2715915717,Ano,1.5,"Demokraté většina v Senátu, Demokraté většina ve Sněmovně reprezentantů po volbách do Kongresu 2026",25-GENERAL_QUESTION_YES_NO-a
2026-09-29T11:51:15,2715915718,Ne,1.0,"Demokraté většina v Senátu, Demokraté většina ve Sněmovně reprezentantů po volbách do Kongresu 2026",25-GENERAL_QUESTION_YES_NO-a
2026-09-29T11:51:15,2715915719,Ano,88.0,"Demokraté většina v Senátu, Republikáni většina ve Sněmovně reprezentantů po volbách do Kongresu 2026",25-GENERAL_QUESTION_YES_NO-a
2026-09-29T11:51:15,2715915720,Ne,1.0,"Demokraté většina v Senátu, Republikáni většina ve Sněmovně reprezentantů po volbách do Kongresu 2026",25-GENERAL_QUESTION_YES_NO-a
2026-09-29T11:51:15,2715915721,Ano,2.95,"Republikáni většina v Senátu, Demokraté většina ve Sněmovně reprezentantů po volbách do Kongresu 2026",25-GENERAL_QUESTION_YES_NO-a
2026-09-29T11:51:15,2715915722,Ne,1.0,"Republikáni většina v Senátu, Demokraté většina ve Sněmovně reprezentantů po volbách do Kongresu 2026",25-GENERAL_QUESTION_YES_NO-a
2026-09-29T11:51:15,2715915723,Ne,1.0,"Republikáni většina v Senátu, Republikáni většina ve Sněmovně reprezentantů po volbách do Kongresu 2026",25-GENERAL_QUESTION_YES_NO-a
2026-09-29T11:51:15,2715915724,Ano,9.5,"Republikáni většina v Senátu, Republikáni většina ve Sněmovně reprezentantů po volbách do Kongresu 2026",25-GENERAL_QUESTION_YES_NO-a
2026-09-29T11:51:15,2715915725,Méně než 218,9.38,Počet mandátů Demokratické strany ve Sněmovně reprezentantů po volbách 2026,25-GENERAL_QUESTION_TOTAL-a
2026-09-29T11:51:15,2715915726,218 a více,1.02,Počet mandátů Demokratické strany ve Sněmovně reprezentantů po volbách 2026,25-GENERAL_QUESTION_TOTAL-a
2026-09-29T01:21:48,2715827206,Méně než 50,1.46,Počet mandátů Republikánské strany v Senátu po volbách 2026,25-GENERAL_QUESTION_TOTAL-a
2026-09-29T01:21:48,2715827207,50 a více,2.49,Počet mandátů Republikánské strany v Senátu po volbách 2026,25-GENERAL_QUESTION_TOTAL-a
2026-09-29T01:21:48,2715915717,Ano,1.48,"Demokraté většina v Senátu, Demokraté většina ve Sněmovně reprezentantů po volbách do Kongresu 2026",25-GENERAL_QUESTION_YES_NO-a
2026-09-29T01:21:48,2715915718,Ne,1.0,"Demokraté většina v Senátu, Demokraté většina ve Sněmovně reprezentantů po volbách do Kongresu 2026",25-GENERAL_QUESTION_YES_NO-a
2026-09-29T01:21:48,2715915719,Ano,88.0,"Demokraté většina v Senátu, Republikáni většina ve Sněmovně reprezentantů po volbách do Kongresu 2026",25-GENERAL_QUESTION_YES_NO-a
2026-09-29T01:21:48,2715915720,Ne,1.0,"Demokraté většina v Senátu, Republikáni většina ve Sněmovně reprezentantů po volbách do Kongresu 2026",25-GENERAL_QUESTION_YES_NO-a
2026-09-29T01:21:48,2715915721,Ano,2.95,"Republikáni většina v Senátu, Demokraté většina ve Sněmovně reprezentantů po volbách do Kongresu 2026",25-GENERAL_QUESTION_YES_NO-a
2026-09-29T01:21:48,2715915722,Ne,1.0,"Republikáni většina v Senátu, Demokraté většina ve Sněmovně reprezentantů po volbách do Kongresu 2026",25-GENERAL_QUESTION_YES_NO-a
2026-09-29T01:21:48,2715915723,Ne,1.0,"Republikáni většina v Senátu, Republikáni většina ve Sněmovně reprezentantů po volbách do Kongresu 2026",25-GENERAL_QUESTION_YES_NO-a
2026-09-29T01:21:48,2715915724,Ano,9.5,"Republikáni většina v Senátu, Republikáni většina ve Sněmovně reprezentantů po volbách do Kongresu 2026",25-GENERAL_QUESTION_YES_NO-a
2026-09-29T01:21:48,2715915725,Méně než 218,9.38,Počet mandátů Demokratické strany ve Sněmovně reprezentantů po volbách 2026,25-GENERAL_QUESTION_TOTAL-a
2026-09-29T01:21:48,2715915726,218 a více,1.02,Počet mandátů Demokratické strany ve Sněmovně reprezentantů po volbách 2026,25-GENERAL_QUESTION_TOTAL-a
2026-09-28T20:19:29,2715827206,Méně než 50,1.46,Počet mandátů Republikánské strany v Senátu po volbách 2026,25-GENERAL_QUESTION_TOTAL-a
2026-09-28T20:19:29,2715827207,50 a více,2.49,Počet mandátů Republikánské strany v Senátu po volbách 2026,25-GENERAL_QUESTION_TOTAL-a
2026-09-28T20:19:29,2715915717,Ano,1.48,"Demokraté většina v Senátu, Demokraté většina ve Sněmovně reprezentantů po volbách do Kongresu 2026",25-GENERAL_QUESTION_YES_NO-a
2026-09-28T20:19:29,2715915718,Ne,1.0,"Demokraté většina v Senátu, Demokraté většina ve Sněmovně reprezentantů po volbách do Kongresu 2026",25-GENERAL_QUESTION_YES_NO-a
2026-09-28T20:19:29,2715915719,Ano,88.0,"Demokraté většina v Senátu, Republikáni většina ve Sněmovně reprezentantů po volbách do Kongresu 2026",25-GENERAL_QUESTION_YES_NO-a
2026-09-28T20:19:29,2715915720,Ne,1.0,"Demokraté většina v Senátu, Republikáni většina ve Sněmovně reprezentantů po volbách do Kongresu 2026",25-GENERAL_QUESTION_YES_NO-a
2026-09-28T20:19:29,2715915721,Ano,2.95,"Republikáni většina v Senátu, Demokraté většina ve Sněmovně reprezentantů po volbách do Kongresu 2026",25-GENERAL_QUESTION_YES_NO-a
2026-09-28T20:19:29,2715915722,Ne,1.0,"Republikáni většina v Senátu, Demokraté většina ve Sněmovně reprezentantů po volbách do Kongresu 2026",25-GENERAL_QUESTION_YES_NO-a
2026-09-28T20:19:29,2715915723,Ne,1.0,"Republikáni většina v Senátu, Republikáni většina ve Sněmovně reprezentantů po volbách do Kongresu 2026",25-GENERAL_QUESTION_YES_NO-a
2026-09-28T20:19:29,2715915724,Ano,9.5,"Republikáni většina v Senátu, Republikáni většina ve Sněmovně reprezentantů po volbách do Kongresu 2026",25-GENERAL_QUESTION_YES_NO-a
2026-09-28T20:19:29,2715915725,Méně než 218,9.38,Počet mandátů Demokratické strany ve Sněmovně reprezentantů po volbách 2026,25-GENERAL_QUESTION_TOTAL-a
2026-09-28T20:19:29,2715915726,218 a více,1.02,Počet mandátů Demokratické strany ve Sněmovně reprezentantů po volbách 2026,25-GENERAL_QUESTION_TOTAL-a
2026-09-28T12:26:35,2715827206,Méně než 50,1.46,Počet mandátů Republikánské strany v Senátu po volbách 2026,25-GENERAL_QUESTION_TOTAL-a
2026-09-28T12:26:35,2715827207,50 a více,2.49,Počet mandátů Republikánské strany v Senátu po volbách 2026,25-GENERAL_QUESTION_TOTAL-a
2026-09-28T12:26:35,2715915717,Ano,1.48,"Demokraté většina v Senátu, Demokraté většina ve Sněmovně reprezentantů po volbách do Kongresu 2026",25-GENERAL_QUESTION_YES_NO-a
2026-09-28T12:26:35,2715915718,Ne,1.0,"Demokraté většina v Senátu, Demokraté většina ve Sněmovně reprezentantů po volbách do Kongresu 2026",25-GENERAL_QUESTION_YES_NO-a
2026-09-28T12:26:35,2715915719,Ano,88.0,"Demokraté většina v Senátu, Republikáni většina ve Sněmovně reprezentantů po volbách do Kongresu 2026",25-GENERAL_QUESTION_YES_NO-a
2026-09-28T12:26:35,2715915720,Ne,1.0,"Demokraté většina v Senátu, Republikáni většina ve Sněmovně reprezentantů po volbách do Kongresu 2026",25-GENERAL_QUESTION_YES_NO-a
2026-09-28T12:26:35,2715915721,Ano,2.95,"Republikáni většina v Senátu, Demokraté většina ve Sněmovně reprezentantů po volbách do Kongresu 2026",25-GENERAL_QUESTION_YES_NO-a
2026-09-28T12:26:35,2715915722,Ne,1.0,"Republikáni většina v Senátu, Demokraté většina ve Sněmovně reprezentantů po volbách do Kongresu 2026",25-GENERAL_QUESTION_YES_NO-a
2026-09-28T12:26:35,2715915723,Ne,1.0,"Republikáni většina v Senátu, Republikáni většina ve Sněmovně reprezentantů po volbách do Kongresu 2026",25-GENERAL_QUESTION_YES_NO-a
2026-09-28T12:26:35,2715915724,Ano,9.5,"Republikáni většina v Senátu, Republikáni většina ve Sněmovně reprezentantů po volbách do Kongresu 2026",25-GENERAL_QUESTION_YES_NO-a
2026-09-28T12:26:35,2715915725,Méně než 218,9.38,Počet mandátů Demokratické strany ve Sněmovně reprezentantů po volbách 2026,25-GENERAL_QUESTION_TOTAL-a
2026-09-28T12:26:35,2715915726,218 a více,1.02,Počet mandátů Demokratické strany ve Sněmovně reprezentantů po volbách 2026,25-GENERAL_QUESTION_TOTAL-a
2026-09-28T00:09:03,2715827206,Méně než 50,1.43,Počet mandátů Republikánské strany v Senátu po volbách 2026,25-GENERAL_QUESTION_TOTAL-a
2026-09-28T00:09:03,2715827207,50 a více,2.58,Počet mandátů Republikánské strany v Senátu po volbách 2026,25-GENERAL_QUESTION_TOTAL-a
2026-09-28T00:09:03,2715915717,Ano,1.44,"Demokraté většina v Senátu, Demokraté většina ve Sněmovně reprezentantů po volbách do Kongresu 2026",25-GENERAL_QUESTION_YES_NO-a
2026-09-28T00:09:03,2715915718,Ne,1.0,"Demokraté většina v Senátu, Demokraté většina ve Sněmovně reprezentantů po volbách do Kongresu 2026",25-GENERAL_QUESTION_YES_NO-a
2026-09-28T00:09:03,2715915719,Ano,88.0,"Demokraté většina v Senátu, Republikáni většina ve Sněmovně reprezentantů po volbách do Kongresu 2026",25-GENERAL_QUESTION_YES_NO-a
2026-09-28T00:09:03,2715915720,Ne,1.0,"Demokraté většina v Senátu, Republikáni většina ve Sněmovně reprezentantů po volbách do Kongresu 2026",25-GENERAL_QUESTION_YES_NO-a
2026-09-28T00:09:03,2715915721,Ano,3.0,"Republikáni většina v Senátu, Demokraté většina ve Sněmovně reprezentantů po volbách do Kongresu 2026",25-GENERAL_QUESTION_YES_NO-a
2026-09-28T00:09:03,2715915722,Ne,1.0,"Republikáni většina v Senátu, Demokraté většina ve Sněmovně reprezentantů po volbách do Kongresu 2026",25-GENERAL_QUESTION_YES_NO-a
2026-09-28T00:09:03,2715915723,Ne,1.0,"Republikáni většina v Senátu, Republikáni většina ve Sněmovně reprezentantů po volbách do Kongresu 2026",25-GENERAL_QUESTION_YES_NO-a
2026-09-28T00:09:03,2715915724,Ano,9.0,"Republikáni většina v Senátu, Republikáni většina ve Sněmovně reprezentantů po volbách do Kongresu 2026",25-GENERAL_QUESTION_YES_NO-a
2026-09-28T00:09:03,2715915725,Méně než 218,9.38,Počet mandátů Demokratické strany ve Sněmovně reprezentantů po volbách 2026,25-GENERAL_QUESTION_TOTAL-a
2026-09-28T00:09:03,2715915726,218 a více,1.02,Počet mandátů Demokratické strany ve Sněmovně reprezentantů po volbách 2026,25-GENERAL_QUESTION_TOTAL-a
2026-09-27T17:59:38,2715827206,Méně než 50,1.43,Počet mandátů Republikánské strany v Senátu po volbách 2026,25-GENERAL_QUESTION_TOTAL-a
2026-09-27T17:59:38,2715827207,50 a více,2.58,Počet mandátů Republikánské strany v Senátu po volbách 2026,25-GENERAL_QUESTION_TOTAL-a
2026-09-27T17:59:38,2715915717,Ano,1.44,"Demokraté většina v Senátu, Demokraté většina ve Sněmovně reprezentantů po volbách do Kongresu 2026",25-GENERAL_QUESTION_YES_NO-a
2026-09-27T17:59:38,2715915718,Ne,1.0,"Demokraté většina v Senátu, Demokraté většina ve Sněmovně reprezentantů po volbách do Kongresu 2026",25-GENERAL_QUESTION_YES_NO-a
2026-09-27T17:59:38,2715915719,Ano,88.0,"Demokraté většina v Senátu, Republikáni většina ve Sněmovně reprezentantů po volbách do Kongresu 2026",25-GENERAL_QUESTION_YES_NO-a
2026-09-27T17:59:38,2715915720,Ne,1.0,"Demokraté většina v Senátu, Republikáni většina ve Sněmovně reprezentantů po volbách do Kongresu 2026",25-GENERAL_QUESTION_YES_NO-a
2026-09-27T17:59:38,2715915721,Ano,3.0,"Republikáni většina v Senátu, Demokraté většina ve Sněmovně reprezentantů po volbách do Kongresu 2026",25-GENERAL_QUESTION_YES_NO-a
2026-09-27T17:59:38,2715915722,Ne,1.0,"Republikáni většina v Senátu, Demokraté většina ve Sněmovně reprezentantů po volbách do Kongresu 2026",25-GENERAL_QUESTION_YES_NO-a
2026-09-27T17:59:38,2715915723,Ne,1.0,"Republikáni většina v Senátu, Republikáni většina ve Sněmovně reprezentantů po volbách do Kongresu 2026",25-GENERAL_QUESTION_YES_NO-a
2026-09-27T17:59:38,2715915724,Ano,9.0,"Republikáni většina v Senátu, Republikáni většina ve Sněmovně reprezentantů po volbách do Kongresu 2026",25-GENERAL_QUESTION_YES_NO-a
2026-09-27T17:59:38,2715915725,Méně než 218,9.38,Počet mandátů Demokratické strany ve Sněmovně reprezentantů po volbách 2026,25-GENERAL_QUESTION_TOTAL-a
2026-09-27T17:59:38,2715915726,218 a více,1.02,Počet mandátů Demokratické strany ve Sněmovně reprezentantů po volbách 2026,25-GENERAL_QUESTION_TOTAL-a
2026-09-27T11:05:01,2715827206,Méně než 50,1.43,Počet mandátů Republikánské strany v Senátu po volbách 2026,25-GENERAL_QUESTION_TOTAL-a
2026-09-27T11:05:01,2715827207,50 a více,2.58,Počet mandátů Republikánské strany v Senátu po volbách 2026,25-GENERAL_QUESTION_TOTAL-a
2026-09-27T11:05:01,2715915717,Ano,1.44,"Demokraté většina v Senátu, Demokraté většina ve Sněmovně reprezentantů po volbách do Kongresu 2026",25-GENERAL_QUESTION_YES_NO-a
2026-09-27T11:05:01,2715915718,Ne,1.0,"Demokraté většina v Senátu, Demokraté většina ve Sněmovně reprezentantů po volbách do Kongresu 2026",25-GENERAL_QUESTION_YES_NO-a
2026-09-27T11:05:01,2715915719,Ano,88.0,"Demokraté většina v Senátu, Republikáni většina ve Sněmovně reprezentantů po volbách do Kongresu 2026",25-GENERAL_QUESTION_YES_NO-a
2026-09-27T11:05:01,2715915720,Ne,1.0,"Demokraté většina v Senátu, Republikáni většina ve Sněmovně reprezentantů po volbách do Kongresu 2026",25-GENERAL_QUESTION_YES_NO-a
2026-09-27T11:05:01,2715915721,Ano,3.0,"Republikáni většina v Senátu, Demokraté většina ve Sněmovně reprezentantů po volbách do Kongresu 2026",25-GENERAL_QUESTION_YES_NO-a
2026-09-27T11:05:01,2715915722,Ne,1.0,"Republikáni většina v Senátu, Demokraté většina ve Sněmovně reprezentantů po volbách do Kongresu 2026",25-GENERAL_QUESTION_YES_NO-a
2026-09-27T11:05:01,2715915723,Ne,1.0,"Republikáni většina v Senátu, Republikáni většina ve Sněmovně reprezentantů po volbách do Kongresu 2026",25-GENERAL_QUESTION_YES_NO-a
2026-09-27T11:05:01,2715915724,Ano,9.0,"Republikáni většina v Senátu, Republikáni většina ve Sněmovně reprezentantů po volbách do Kongresu 2026",25-GENERAL_QUESTION_YES_NO-a
2026-09-27T11:05:01,2715915725,Méně než 218,9.38,Počet mandátů Demokratické strany ve Sněmovně reprezentantů po volbách 2026,25-GENERAL_QUESTION_TOTAL-a
2026-09-27T11:05:01,2715915726,218 a více,1.02,Počet mandátů Demokratické strany ve Sněmovně reprezentantů po volbách 2026,25-GENERAL_QUESTION_TOTAL-a
2026-09-27T00:04:17,2715827206,Méně než 50,1.43,Počet mandátů Republikánské strany v Senátu po volbách 2026,25-GENERAL_QUESTION_TOTAL-a
2026-09-27T00:04:17,2715827207,50 a více,2.58,Počet mandátů Republikánské strany v Senátu po volbách 2026,25-GENERAL_QUESTION_TOTAL-a
2026-09-27T00:04:17,2715915717,Ano,1.44,"Demokraté většina v Senátu, Demokraté většina ve Sněmovně reprezentantů po volbách do Kongresu 2026",25-GENERAL_QUESTION_YES_NO-a
2026-09-27T00:04:17,2715915718,Ne,1.0,"Demokraté většina v Senátu, Demokraté většina ve Sněmovně reprezentantů po volbách do Kongresu 2026",25-GENERAL_QUESTION_YES_NO-a
2026-09-27T00:04:17,2715915719,Ano,88.0,"Demokraté většina v Senátu, Republikáni většina ve Sněmovně reprezentantů po volbách do Kongresu 2026",25-GENERAL_QUESTION_YES_NO-a
2026-09-27T00:04:17,2715915720,Ne,1.0,"Demokraté většina v Senátu, Republikáni většina ve Sněmovně reprezentantů po volbách do Kongresu 2026",25-GENERAL_QUESTION_YES_NO-a
2026-09-27T00:04:17,2715915721,Ano,3.0,"Republikáni většina v Senátu, Demokraté většina ve Sněmovně reprezentantů po volbách do Kongresu 2026",25-GENERAL_QUESTION_YES_NO-a
2026-09-27T00:04:17,2715915722,Ne,1.0,"Republikáni většina v Senátu, Demokraté většina ve Sněmovně reprezentantů po volbách do Kongresu 2026",25-GENERAL_QUESTION_YES_NO-a
2026-09-27T00:04:17,2715915723,Ne,1.0,"Republikáni většina v Senátu, Republikáni většina ve Sněmovně reprezentantů po volbách do Kongresu 2026",25-GENERAL_QUESTION_YES_NO-a
2026-09-27T00:04:17,2715915724,Ano,9.0,"Republikáni většina v Senátu, Republikáni většina ve Sněmovně reprezentantů po volbách do Kongresu 2026",25-GENERAL_QUESTION_YES_NO-a
2026-09-27T00:04:17,2715915725,Méně než 218,9.38,Počet mandátů Demokratické strany ve Sněmovně reprezentantů po volbách 2026,25-GENERAL_QUESTION_TOTAL-a
2026-09-27T00:04:17,2715915726,218 a více,1.02,Počet mandátů Demokratické strany ve Sněmovně reprezentantů po volbách 2026,25-GENERAL_QUESTION_TOTAL-a
2026-09-26T17:30:02,2715827206,Méně než 50,1.43,Počet mandátů Republikánské strany v Senátu po volbách 2026,25-GENERAL_QUESTION_TOTAL-a
2026-09-26T17:30:02,2715827207,50 a více,2.58,Počet mandátů Republikánské strany v Senátu po volbách 2026,25-GENERAL_QUESTION_TOTAL-a
2026-09-26T17:30:02,2715915717,Ano,1.44,"Demokraté většina v Senátu, Demokraté většina ve Sněmovně reprezentantů po volbách do Kongresu 2026",25-GENERAL_QUESTION_YES_NO-a
2026-09-26T17:30:02,2715915718,Ne,1.0,"Demokraté většina v Senátu, Demokraté většina ve Sněmovně reprezentantů po volbách do Kongresu 2026",25-GENERAL_QUESTION_YES_NO-a
2026-09-26T17:30:02,2715915719,Ano,88.0,"Demokraté většina v Senátu, Republikáni většina ve Sněmovně reprezentantů po volbách do Kongresu 2026",25-GENERAL_QUESTION_YES_NO-a
2026-09-26T17:30:02,2715915720,Ne,1.0,"Demokraté většina v Senátu, Republikáni většina ve Sněmovně reprezentantů po volbách do Kongresu 2026",25-GENERAL_QUESTION_YES_NO-a
2026-09-26T17:30:02,2715915721,Ano,3.0,"Republikáni většina v Senátu, Demokraté většina ve Sněmovně reprezentantů po volbách do Kongresu 2026",25-GENERAL_QUESTION_YES_NO-a
2026-09-26T17:30:02,2715915722,Ne,1.0,"Republikáni většina v Senátu, Demokraté většina ve Sněmovně reprezentantů po volbách do Kongresu 2026",25-GENERAL_QUESTION_YES_NO-a
2026-09-26T17:30:02,2715915723,Ne,1.0,"Republikáni většina v Senátu, Republikáni většina ve Sněmovně reprezentantů po volbách do Kongresu 2026",25-GENERAL_QUESTION_YES_NO-a
2026-09-26T17:30:02,2715915724,Ano,9.0,"Republikáni většina v Senátu, Republikáni většina ve Sněmovně reprezentantů po volbách do Kongresu 2026",25-GENERAL_QUESTION_YES_NO-a
2026-09-26T17:30:02,2715915725,Méně než 218,9.38,Počet mandátů Demokratické strany ve Sněmovně reprezentantů po volbách 2026,25-GENERAL_QUESTION_TOTAL-a
2026-09-26T17:30:02,2715915726,218 a více,1.02,Počet mandátů Demokratické strany ve Sněmovně reprezentantů po volbách 2026,25-GENERAL_QUESTION_TOTAL-a
2026-09-26T10:32:53,2715827206,Méně než 50,1.43,Počet mandátů Republikánské strany v Senátu po volbách 2026,25-GENERAL_QUESTION_TOTAL-a
2026-09-26T10:32:53,2715827207,50 a více,2.58,Počet mandátů Republikánské strany v Senátu po volbách 2026,25-GENERAL_QUESTION_TOTAL-a
2026-09-26T10:32:53,2715915717,Ano,1.44,"Demokraté většina v Senátu, Demokraté většina ve Sněmovně reprezentantů po volbách do Kongresu 2026",25-GENERAL_QUESTION_YES_NO-a
2026-09-26T10:32:53,2715915718,Ne,1.0,"Demokraté většina v Senátu, Demokraté většina ve Sněmovně reprezentantů po volbách do Kongresu 2026",25-GENERAL_QUESTION_YES_NO-a
2026-09-26T10:32:53,2715915719,Ano,88.0,"Demokraté většina v Senátu, Republikáni většina ve Sněmovně reprezentantů po volbách do Kongresu 2026",25-GENERAL_QUESTION_YES_NO-a
2026-09-26T10:32:53,2715915720,Ne,1.0,"Demokraté většina v Senátu, Republikáni většina ve Sněmovně reprezentantů po volbách do Kongresu 2026",25-GENERAL_QUESTION_YES_NO-a
2026-09-26T10:32:53,2715915721,Ano,3.0,"Republikáni většina v Senátu, Demokraté většina ve Sněmovně reprezentantů po volbách do Kongresu 2026",25-GENERAL_QUESTION_YES_NO-a
2026-09-26T10:32:53,2715915722,Ne,1.0,"Republikáni většina v Senátu, Demokraté většina ve Sněmovně reprezentantů po volbách do Kongresu 2026",25-GENERAL_QUESTION_YES_NO-a
2026-09-26T10:32:53,2715915723,Ne,1.0,"Republikáni většina v Senátu, Republikáni většina ve Sněmovně reprezentantů po volbách do Kongresu 2026",25-GENERAL_QUESTION_YES_NO-a
2026-09-26T10:32:53,2715915724,Ano,9.0,"Republikáni většina v Senátu, Republikáni většina ve Sněmovně reprezentantů po volbách do Kongresu 2026",25-GENERAL_QUESTION_YES_NO-a
2026-09-26T10:32:53,2715915725,Méně než 218,9.38,Počet mandátů Demokratické strany ve Sněmovně reprezentantů po volbách 2026,25-GENERAL_QUESTION_TOTAL-a
2026-09-26T10:32:53,2715915726,218 a více,1.02,Počet mandátů Demokratické strany ve Sněmovně reprezentantů po volbách 2026,25-GENERAL_QUESTION_TOTAL-a
2026-09-26T00:16:40,2715827206,Méně než 50,1.43,Počet mandátů Republikánské strany v Senátu po volbách 2026,25-GENERAL_QUESTION_TOTAL-a
2026-09-26T00:16:40,2715827207,50 a více,2.58,Počet mandátů Republikánské strany v Senátu po volbách 2026,25-GENERAL_QUESTION_TOTAL-a
2026-09-26T00:16:40,2715915717,Ano,1.44,"Demokraté většina v Senátu, Demokraté většina ve Sněmovně reprezentantů po volbách do Kongresu 2026",25-GENERAL_QUESTION_YES_NO-a
2026-09-26T00:16:40,2715915718,Ne,1.0,"Demokraté většina v Senátu, Demokraté většina ve Sněmovně reprezentantů po volbách do Kongresu 2026",25-GENERAL_QUESTION_YES_NO-a
2026-09-26T00:16:40,2715915719,Ano,88.0,"Demokraté většina v Senátu, Republikáni většina ve Sněmovně reprezentantů po volbách do Kongresu 2026",25-GENERAL_QUESTION_YES_NO-a
2026-09-26T00:16:40,2715915720,Ne,1.0,"Demokraté většina v Senátu, Republikáni většina ve Sněmovně reprezentantů po volbách do Kongresu 2026",25-GENERAL_QUESTION_YES_NO-a
2026-09-26T00:16:40,2715915721,Ano,3.0,"Republikáni většina v Senátu, Demokraté většina ve Sněmovně reprezentantů po volbách do Kongresu 2026",25-GENERAL_QUESTION_YES_NO-a
2026-09-26T00:16:40,2715915722,Ne,1.0,"Republikáni většina v Senátu, Demokraté většina ve Sněmovně reprezentantů po volbách do Kongresu 2026",25-GENERAL_QUESTION_YES_NO-a
2026-09-26T00:16:40,2715915723,Ne,1.0,"Republikáni většina v Senátu, Republikáni většina ve Sněmovně reprezentantů po volbách do Kongresu 2026",25-GENERAL_QUESTION_YES_NO-a
2026-09-26T00:16:40,2715915724,Ano,9.0,"Republikáni většina v Senátu, Republikáni většina ve Sněmovně reprezentantů po volbách do Kongresu 2026",25-GENERAL_QUESTION_YES_NO-a
2026-09-26T00:16:40,2715915725,Méně než 218,9.38,Počet mandátů Demokratické strany ve Sněmovně reprezentantů po volbách 2026,25-GENERAL_QUESTION_TOTAL-a
2026-09-26T00:16:40,2715915726,218 a více,1.02,Počet mandátů Demokratické strany ve Sněmovně reprezentantů po volbách 2026,25-GENERAL_QUESTION_TOTAL-a
2026-09-25T18:09:04,2715827206,Méně než 50,1.42,Počet mandátů Republikánské strany v Senátu po volbách 2026,25-GENERAL_QUESTION_TOTAL-a
2026-09-25T18:09:04,2715827207,50 a více,2.61,Počet mandátů Republikánské strany v Senátu po volbách 2026,25-GENERAL_QUESTION_TOTAL-a
2026-09-25T18:09:04,2715915717,Ano,1.44,"Demokraté většina v Senátu, Demokraté většina ve Sněmovně reprezentantů po volbách do Kongresu 2026",25-GENERAL_QUESTION_YES_NO-a
2026-09-25T18:09:04,2715915718,Ne,1.0,"Demokraté většina v Senátu, Demokraté většina ve Sněmovně reprezentantů po volbách do Kongresu 2026",25-GENERAL_QUESTION_YES_NO-a
2026-09-25T18:09:04,2715915719,Ano,88.0,"Demokraté většina v Senátu, Republikáni většina ve Sněmovně reprezentantů po volbách do Kongresu 2026",25-GENERAL_QUESTION_YES_NO-a
2026-09-25T18:09:04,2715915720,Ne,1.0,"Demokraté většina v Senátu, Republikáni většina ve Sněmovně reprezentantů po volbách do Kongresu 2026",25-GENERAL_QUESTION_YES_NO-a
2026-09-25T18:09:04,2715915721,Ano,3.0,"Republikáni většina v Senátu, Demokraté většina ve Sněmovně reprezentantů po volbách do Kongresu 2026",25-GENERAL_QUESTION_YES_NO-a
2026-09-25T18:09:04,2715915722,Ne,1.0,"Republikáni většina v Senátu, Demokraté většina ve Sněmovně reprezentantů po volbách do Kongresu 2026",25-GENERAL_QUESTION_YES_NO-a
2026-09-25T18:09:04,2715915723,Ne,1.0,"Republikáni většina v Senátu, Republikáni většina ve Sněmovně reprezentantů po volbách do Kongresu 2026",25-GENERAL_QUESTION_YES_NO-a
2026-09-25T18:09:04,2715915724,Ano,9.0,"Republikáni většina v Senátu, Republikáni většina ve Sněmovně reprezentantů po volbách do Kongresu 2026",25-GENERAL_QUESTION_YES_NO-a
2026-09-25T18:09:04,2715915725,Méně než 218,8.61,Počet mandátů Demokratické strany ve Sněmovně reprezentantů po volbách 2026,25-GENERAL_QUESTION_TOTAL-a
2026-09-25T18:09:04,2715915726,218 a více,1.03,Počet mandátů Demokratické strany ve Sněmovně reprezentantů po volbách 2026,25-GENERAL_QUESTION_TOTAL-a
2026-09-25T10:52:32,2715827206,Méně než 50,1.42,Počet mandátů Republikánské strany v Senátu po volbách 2026,25-GENERAL_QUESTION_TOTAL-a
2026-09-25T10:52:32,2715827207,50 a více,2.61,Počet mandátů Republikánské strany v Senátu po volbách 2026,25-GENERAL_QUESTION_TOTAL-a
2026-09-25T10:52:32,2715915717,Ano,1.44,"Demokraté většina v Senátu, Demokraté většina ve Sněmovně reprezentantů po volbách do Kongresu 2026",25-GENERAL_QUESTION_YES_NO-a
2026-09-25T10:52:32,2715915718,Ne,1.0,"Demokraté většina v Senátu, Demokraté většina ve Sněmovně reprezentantů po volbách do Kongresu 2026",25-GENERAL_QUESTION_YES_NO-a
2026-09-25T10:52:32,2715915719,Ano,88.0,"Demokraté většina v Senátu, Republikáni většina ve Sněmovně reprezentantů po volbách do Kongresu 2026",25-GENERAL_QUESTION_YES_NO-a
2026-09-25T10:52:32,2715915720,Ne,1.0,"Demokraté většina v Senátu, Republikáni většina ve Sněmovně reprezentantů po volbách do Kongresu 2026",25-GENERAL_QUESTION_YES_NO-a
2026-09-25T10:52:32,2715915721,Ano,3.0,"Republikáni většina v Senátu, Demokraté většina ve Sněmovně reprezentantů po volbách do Kongresu 2026",25-GENERAL_QUESTION_YES_NO-a
2026-09-25T10:52:32,2715915722,Ne,1.0,"Republikáni většina v Senátu, Demokraté většina ve Sněmovně reprezentantů po volbách do Kongresu 2026",25-GENERAL_QUESTION_YES_NO-a
2026-09-25T10:52:32,2715915723,Ne,1.0,"Republikáni většina v Senátu, Republikáni většina ve Sněmovně reprezentantů po volbách do Kongresu 2026",25-GENERAL_QUESTION_YES_NO-a
2026-09-25T10:52:32,2715915724,Ano,9.0,"Republikáni většina v Senátu, Republikáni většina ve Sněmovně reprezentantů po volbách do Kongresu 2026",25-GENERAL_QUESTION_YES_NO-a
2026-09-25T10:52:32,2715915725,Méně než 218,8.61,Počet mandátů Demokratické strany ve Sněmovně reprezentantů po volbách 2026,25-GENERAL_QUESTION_TOTAL-a
2026-09-25T10:52:32,2715915726,218 a více,1.03,Počet mandátů Demokratické strany ve Sněmovně reprezentantů po volbách 2026,25-GENERAL_QUESTION_TOTAL-a
2026-09-25T00:10:16,2715827206,Méně než 50,1.42,Počet mandátů Republikánské strany v Senátu po volbách 2026,25-GENERAL_QUESTION_TOTAL-a
2026-09-25T00:10:16,2715827207,50 a více,2.61,Počet mandátů Republikánské strany v Senátu po volbách 2026,25-GENERAL_QUESTION_TOTAL-a
2026-09-25T00:10:16,2715915717,Ano,1.44,"Demokraté většina v Senátu, Demokraté většina ve Sněmovně reprezentantů po volbách do Kongresu 2026",25-GENERAL_QUESTION_YES_NO-a
2026-09-25T00:10:16,2715915718,Ne,1.0,"Demokraté většina v Senátu, Demokraté většina ve Sněmovně reprezentantů po volbách do Kongresu 2026",25-GENERAL_QUESTION_YES_NO-a
2026-09-25T00:10:16,2715915719,Ano,88.0,"Demokraté většina v Senátu, Republikáni většina ve Sněmovně reprezentantů po volbách do Kongresu 2026",25-GENERAL_QUESTION_YES_NO-a
2026-09-25T00:10:16,2715915720,Ne,1.0,"Demokraté většina v Senátu, Republikáni většina ve Sněmovně reprezentantů po volbách do Kongresu 2026",25-GENERAL_QUESTION_YES_NO-a
2026-09-25T00:10:16,2715915721,Ano,3.0,"Republikáni většina v Senátu, Demokraté většina ve Sněmovně reprezentantů po volbách do Kongresu 2026",25-GENERAL_QUESTION_YES_NO-a
2026-09-25T00:10:16,2715915722,Ne,1.0,"Republikáni většina v Senátu, Demokraté většina ve Sněmovně reprezentantů po volbách do Kongresu 2026",25-GENERAL_QUESTION_YES_NO-a
2026-09-25T00:10:16,2715915723,Ne,1.0,"Republikáni většina v Senátu, Republikáni většina ve Sněmovně reprezentantů po volbách do Kongresu 2026",25-GENERAL_QUESTION_YES_NO-a
2026-09-25T00:10:16,2715915724,Ano,9.0,"Republikáni většina v Senátu, Republikáni většina ve Sněmovně reprezentantů po volbách do Kongresu 2026",25-GENERAL_QUESTION_YES_NO-a
2026-09-25T00:10:16,2715915725,Méně než 218,8.61,Počet mandátů Demokratické strany ve Sněmovně reprezentantů po volbách 2026,25-GENERAL_QUESTION_TOTAL-a
2026-09-25T00:10:16,2715915726,218 a více,1.03,Počet mandátů Demokratické strany ve Sněmovně reprezentantů po volbách 2026,25-GENERAL_QUESTION_TOTAL-a
2026-09-24T18:05:06,2715827206,Méně než 50,1.42,Počet mandátů Republikánské strany v Senátu po volbách 2026,25-GENERAL_QUESTION_TOTAL-a
2026-09-24T18:05:06,2715827207,50 a více,2.61,Počet mandátů Republikánské strany v Senátu po volbách 2026,25-GENERAL_QUESTION_TOTAL-a
2026-09-24T18:05:06,2715915717,Ano,1.44,"Demokraté většina v Senátu, Demokraté většina ve Sněmovně reprezentantů po volbách do Kongresu 2026",25-GENERAL_QUESTION_YES_NO-a
2026-09-24T18:05:06,2715915718,Ne,1.0,"Demokraté většina v Senátu, Demokraté většina ve Sněmovně reprezentantů po volbách do Kongresu 2026",25-GENERAL_QUESTION_YES_NO-a
2026-09-24T18:05:06,2715915719,Ano,88.0,"Demokraté většina v Senátu, Republikáni většina ve Sněmovně reprezentantů po volbách do Kongresu 2026",25-GENERAL_QUESTION_YES_NO-a
2026-09-24T18:05:06,2715915720,Ne,1.0,"Demokraté většina v Senátu, Republikáni většina ve Sněmovně reprezentantů po volbách do Kongresu 2026",25-GENERAL_QUESTION_YES_NO-a
2026-09-24T18:05:06,2715915721,Ano,3.0,"Republikáni většina v Senátu, Demokraté většina ve Sněmovně reprezentantů po volbách do Kongresu 2026",25-GENERAL_QUESTION_YES_NO-a
2026-09-24T18:05:06,2715915722,Ne,1.0,"Republikáni většina v Senátu, Demokraté většina ve Sněmovně reprezentantů po volbách do Kongresu 2026",25-GENERAL_QUESTION_YES_NO-a
2026-09-24T18:05:06,2715915723,Ne,1.0,"Republikáni většina v Senátu, Republikáni většina ve Sněmovně reprezentantů po volbách do Kongresu 2026",25-GENERAL_QUESTION_YES_NO-a
2026-09-24T18:05:06,2715915724,Ano,9.0,"Republikáni většina v Senátu, Republikáni většina ve Sněmovně reprezentantů po volbách do Kongresu 2026",25-GENERAL_QUESTION_YES_NO-a
2026-09-24T18:05:06,2715915725,Méně než 218,8.61,Počet mandátů Demokratické strany ve Sněmovně reprezentantů po volbách 2026,25-GENERAL_QUESTION_TOTAL-a
2026-09-24T18:05:06,2715915726,218 a více,1.03,Počet mandátů Demokratické strany ve Sněmovně reprezentantů po volbách 2026,25-GENERAL_QUESTION_TOTAL-a
2026-09-24T10:48:09,2715827206,Méně než 50,1.42,Počet mandátů Republikánské strany v Senátu po volbách 2026,25-GENERAL_QUESTION_TOTAL-a
2026-09-24T10:48:09,2715827207,50 a více,2.61,Počet mandátů Republikánské strany v Senátu po volbách 2026,25-GENERAL_QUESTION_TOTAL-a
2026-09-24T10:48:09,2715915717,Ano,1.44,"Demokraté většina v Senátu, Demokraté většina ve Sněmovně reprezentantů po volbách do Kongresu 2026",25-GENERAL_QUESTION_YES_NO-a
2026-09-24T10:48:09,2715915718,Ne,1.0,"Demokraté většina v Senátu, Demokraté většina ve Sněmovně reprezentantů po volbách do Kongresu 2026",25-GENERAL_QUESTION_YES_NO-a
2026-09-24T10:48:09,2715915719,Ano,88.0,"Demokraté většina v Senátu, Republikáni většina ve Sněmovně reprezentantů po volbách do Kongresu 2026",25-GENERAL_QUESTION_YES_NO-a
2026-09-24T10:48:09,2715915720,Ne,1.0,"Demokraté většina v Senátu, Republikáni většina ve Sněmovně reprezentantů po volbách do Kongresu 2026",25-GENERAL_QUESTION_YES_NO-a
2026-09-24T10:48:09,2715915721,Ano,3.0,"Republikáni většina v Senátu, Demokraté většina ve Sněmovně reprezentantů po volbách do Kongresu 2026",25-GENERAL_QUESTION_YES_NO-a
2026-09-24T10:48:09,2715915722,Ne,1.0,"Republikáni většina v Senátu, Demokraté většina ve Sněmovně reprezentantů po volbách do Kongresu 2026",25-GENERAL_QUESTION_YES_NO-a
2026-09-24T10:48:09,2715915723,Ne,1.0,"Republikáni většina v Senátu, Republikáni většina ve Sněmovně reprezentantů po volbách do Kongresu 2026",25-GENERAL_QUESTION_YES_NO-a
2026-09-24T10:48:09,2715915724,Ano,9.0,"Republikáni většina v Senátu, Republikáni většina ve Sněmovně reprezentantů po volbách do Kongresu 2026",25-GENERAL_QUESTION_YES_NO-a
2026-09-24T10:48:09,2715915725,Méně než 218,8.61,Počet mandátů Demokratické strany ve Sněmovně reprezentantů po volbách 2026,25-GENERAL_QUESTION_TOTAL-a
2026-09-24T10:48:09,2715915726,218 a více,1.03,Počet mandátů Demokratické strany ve Sněmovně reprezentantů po volbách 2026,25-GENERAL_QUESTION_TOTAL-a
2026-09-24T00:08:26,2715827206,Méně než 50,1.42,Počet mandátů Republikánské strany v Senátu po volbách 2026,25-GENERAL_QUESTION_TOTAL-a
2026-09-24T00:08:26,2715827207,50 a více,2.61,Počet mandátů Republikánské strany v Senátu po volbách 2026,25-GENERAL_QUESTION_TOTAL-a
2026-09-24T00:08:26,2715915717,Ano,1.44,"Demokraté většina v Senátu, Demokraté většina ve Sněmovně reprezentantů po volbách do Kongresu 2026",25-GENERAL_QUESTION_YES_NO-a
2026-09-24T00:08:26,2715915718,Ne,1.0,"Demokraté většina v Senátu, Demokraté většina ve Sněmovně reprezentantů po volbách do Kongresu 2026",25-GENERAL_QUESTION_YES_NO-a
2026-09-24T00:08:26,2715915719,Ano,88.0,"Demokraté většina v Senátu, Republikáni většina ve Sněmovně reprezentantů po volbách do Kongresu 2026",25-GENERAL_QUESTION_YES_NO-a
2026-09-24T00:08:26,2715915720,Ne,1.0,"Demokraté většina v Senátu, Republikáni většina ve Sněmovně reprezentantů po volbách do Kongresu 2026",25-GENERAL_QUESTION_YES_NO-a
2026-09-24T00:08:26,2715915721,Ano,3.0,"Republikáni většina v Senátu, Demokraté většina ve Sněmovně reprezentantů po volbách do Kongresu 2026",25-GENERAL_QUESTION_YES_NO-a
2026-09-24T00:08:26,2715915722,Ne,1.0,"Republikáni většina v Senátu, Demokraté většina ve Sněmovně reprezentantů po volbách do Kongresu 2026",25-GENERAL_QUESTION_YES_NO-a
2026-09-24T00:08:26,2715915723,Ne,1.0,"Republikáni většina v Senátu, Republikáni většina ve Sněmovně reprezentantů po volbách do Kongresu 2026",25-GENERAL_QUESTION_YES_NO-a
2026-09-24T00:08:26,2715915724,Ano,9.0,"Republikáni většina v Senátu, Republikáni většina ve Sněmovně reprezentantů po volbách do Kongresu 2026",25-GENERAL_QUESTION_YES_NO-a
2026-09-24T00:08:26,2715915725,Méně než 218,8.61,Počet mandátů Demokratické strany ve Sněmovně reprezentantů po volbách 2026,25-GENERAL_QUESTION_TOTAL-a
2026-09-24T00:08:26,2715915726,218 a více,1.03,Počet mandátů Demokratické strany ve Sněmovně reprezentantů po volbách 2026,25-GENERAL_QUESTION_TOTAL-a
2026-09-23T18:04:49,2715827206,Méně než 50,1.42,Počet mandátů Republikánské strany v Senátu po volbách 2026,25-GENERAL_QUESTION_TOTAL-a
2026-09-23T18:04:49,2715827207,50 a více,2.61,Počet mandátů Republikánské strany v Senátu po volbách 2026,25-GENERAL_QUESTION_TOTAL-a
2026-09-23T18:04:49,2715915717,Ano,1.44,"Demokraté většina v Senátu, Demokraté většina ve Sněmovně reprezentantů po volbách do Kongresu 2026",25-GENERAL_QUESTION_YES_NO-a
2026-09-23T18:04:49,2715915718,Ne,1.0,"Demokraté většina v Senátu, Demokraté většina ve Sněmovně reprezentantů po volbách do Kongresu 2026",25-GENERAL_QUESTION_YES_NO-a
2026-09-23T18:04:49,2715915719,Ano,88.0,"Demokraté většina v Senátu, Republikáni většina ve Sněmovně reprezentantů po volbách do Kongresu 2026",25-GENERAL_QUESTION_YES_NO-a
2026-09-23T18:04:49,2715915720,Ne,1.0,"Demokraté většina v Senátu, Republikáni většina ve Sněmovně reprezentantů po volbách do Kongresu 2026",25-GENERAL_QUESTION_YES_NO-a
2026-09-23T18:04:49,2715915721,Ano,3.0,"Republikáni většina v Senátu, Demokraté většina ve Sněmovně reprezentantů po volbách do Kongresu 2026",25-GENERAL_QUESTION_YES_NO-a
2026-09-23T18:04:49,2715915722,Ne,1.0,"Republikáni většina v Senátu, Demokraté většina ve Sněmovně reprezentantů po volbách do Kongresu 2026",25-GENERAL_QUESTION_YES_NO-a
2026-09-23T18:04:49,2715915723,Ne,1.0,"Republikáni většina v Senátu, Republikáni většina ve Sněmovně reprezentantů po volbách do Kongresu 2026",25-GENERAL_QUESTION_YES_NO-a
2026-09-23T18:04:49,2715915724,Ano,9.0,"Republikáni většina v Senátu, Republikáni většina ve Sněmovně reprezentantů po volbách do Kongresu 2026",25-GENERAL_QUESTION_YES_NO-a
2026-09-23T18:04:49,2715915725,Méně než 218,8.61,Počet mandátů Demokratické strany ve Sněmovně reprezentantů po volbách 2026,25-GENERAL_QUESTION_TOTAL-a
2026-09-23T18:04:49,2715915726,218 a více,1.03,Počet mandátů Demokratické strany ve Sněmovně reprezentantů po volbách 2026,25-GENERAL_QUESTION_TOTAL-a
2026-09-23T10:30:50,2715827206,Méně než 50,1.42,Počet mandátů Republikánské strany v Senátu po volbách 2026,25-GENERAL_QUESTION_TOTAL-a
2026-09-23T10:30:50,2715827207,50 a více,2.61,Počet mandátů Republikánské strany v Senátu po volbách 2026,25-GENERAL_QUESTION_TOTAL-a
2026-09-23T10:30:50,2715915717,Ano,1.44,"Demokraté většina v Senátu, Demokraté většina ve Sněmovně reprezentantů po volbách do Kongresu 2026",25-GENERAL_QUESTION_YES_NO-a
2026-09-23T10:30:50,2715915718,Ne,1.0,"Demokraté většina v Senátu, Demokraté většina ve Sněmovně reprezentantů po volbách do Kongresu 2026",25-GENERAL_QUESTION_YES_NO-a
2026-09-23T10:30:50,2715915719,Ano,88.0,"Demokraté většina v Senátu, Republikáni většina ve Sněmovně reprezentantů po volbách do Kongresu 2026",25-GENERAL_QUESTION_YES_NO-a
2026-09-23T10:30:50,2715915720,Ne,1.0,"Demokraté většina v Senátu, Republikáni většina ve Sněmovně reprezentantů po volbách do Kongresu 2026",25-GENERAL_QUESTION_YES_NO-a
2026-09-23T10:30:50,2715915721,Ano,3.0,"Republikáni většina v Senátu, Demokraté většina ve Sněmovně reprezentantů po volbách do Kongresu 2026",25-GENERAL_QUESTION_YES_NO-a
2026-09-23T10:30:50,2715915722,Ne,1.0,"Republikáni většina v Senátu, Demokraté většina ve Sněmovně reprezentantů po volbách do Kongresu 2026",25-GENERAL_QUESTION_YES_NO-a
2026-09-23T10:30:50,2715915723,Ne,1.0,"Republikáni většina v Senátu, Republikáni většina ve Sněmovně reprezentantů po volbách do Kongresu 2026",25-GENERAL_QUESTION_YES_NO-a
2026-09-23T10:30:50,2715915724,Ano,9.0,"Republikáni většina v Senátu, Republikáni většina ve Sněmovně reprezentantů po volbách do Kongresu 2026",25-GENERAL_QUESTION_YES_NO-a
2026-09-23T10:30:50,2715915725,Méně než 218,8.61,Počet mandátů Demokratické strany ve Sněmovně reprezentantů po volbách 2026,25-GENERAL_QUESTION_TOTAL-a
2026-09-23T10:30:50,2715915726,218 a více,1.03,Počet mandátů Demokratické strany ve Sněmovně reprezentantů po volbách 2026,25-GENERAL_QUESTION_TOTAL-a
2026-09-22T23:55:39,2715827206,Méně než 50,1.42,Počet mandátů Republikánské strany v Senátu po volbách 2026,25-GENERAL_QUESTION_TOTAL-a
2026-09-22T23:55:39,2715827207,50 a více,2.61,Počet mandátů Republikánské strany v Senátu po volbách 2026,25-GENERAL_QUESTION_TOTAL-a
2026-09-22T23:55:39,2715915717,Ano,1.44,"Demokraté většina v Senátu, Demokraté většina ve Sněmovně reprezentantů po volbách do Kongresu 2026",25-GENERAL_QUESTION_YES_NO-a
2026-09-22T23:55:39,2715915718,Ne,1.0,"Demokraté většina v Senátu, Demokraté většina ve Sněmovně reprezentantů po volbách do Kongresu 2026",25-GENERAL_QUESTION_YES_NO-a
2026-09-22T23:55:39,2715915719,Ano,88.0,"Demokraté většina v Senátu, Republikáni většina ve Sněmovně reprezentantů po volbách do Kongresu 2026",25-GENERAL_QUESTION_YES_NO-a
2026-09-22T23:55:39,2715915720,Ne,1.0,"Demokraté většina v Senátu, Republikáni většina ve Sněmovně reprezentantů po volbách do Kongresu 2026",25-GENERAL_QUESTION_YES_NO-a
2026-09-22T23:55:39,2715915721,Ano,3.0,"Republikáni většina v Senátu, Demokraté většina ve Sněmovně reprezentantů po volbách do Kongresu 2026",25-GENERAL_QUESTION_YES_NO-a
2026-09-22T23:55:39,2715915722,Ne,1.0,"Republikáni většina v Senátu, Demokraté většina ve Sněmovně reprezentantů po volbách do Kongresu 2026",25-GENERAL_QUESTION_YES_NO-a
2026-09-22T23:55:39,2715915723,Ne,1.0,"Republikáni většina v Senátu, Republikáni většina ve Sněmovně reprezentantů po volbách do Kongresu 2026",25-GENERAL_QUESTION_YES_NO-a
2026-09-22T23:55:39,2715915724,Ano,9.0,"Republikáni většina v Senátu, Republikáni většina ve Sněmovně reprezentantů po volbách do Kongresu 2026",25-GENERAL_QUESTION_YES_NO-a
2026-09-22T23:55:39,2715915725,Méně než 218,8.61,Počet mandátů Demokratické strany ve Sněmovně reprezentantů po volbách 2026,25-GENERAL_QUESTION_TOTAL-a
2026-09-22T23:55:39,2715915726,218 a více,1.03,Počet mandátů Demokratické strany ve Sněmovně reprezentantů po volbách 2026,25-GENERAL_QUESTION_TOTAL-a
2026-09-22T17:50:25,2715827206,Méně než 50,1.42,Počet mandátů Republikánské strany v Senátu po volbách 2026,25-GENERAL_QUESTION_TOTAL-a
2026-09-22T17:50:25,2715827207,50 a více,2.61,Počet mandátů Republikánské strany v Senátu po volbách 2026,25-GENERAL_QUESTION_TOTAL-a
2026-09-22T17:50:25,2715915717,Ano,1.44,"Demokraté většina v Senátu, Demokraté většina ve Sněmovně reprezentantů po volbách do Kongresu 2026",25-GENERAL_QUESTION_YES_NO-a
2026-09-22T17:50:25,2715915718,Ne,1.0,"Demokraté většina v Senátu, Demokraté většina ve Sněmovně reprezentantů po volbách do Kongresu 2026",25-GENERAL_QUESTION_YES_NO-a
2026-09-22T17:50:25,2715915719,Ano,88.0,"Demokraté většina v Senátu, Republikáni většina ve Sněmovně reprezentantů po volbách do Kongresu 2026",25-GENERAL_QUESTION_YES_NO-a
2026-09-22T17:50:25,2715915720,Ne,1.0,"Demokraté většina v Senátu, Republikáni většina ve Sněmovně reprezentantů po volbách do Kongresu 2026",25-GENERAL_QUESTION_YES_NO-a
2026-09-22T17:50:25,2715915721,Ano,3.0,"Republikáni většina v Senátu, Demokraté většina ve Sněmovně reprezentantů po volbách do Kongresu 2026",25-GENERAL_QUESTION_YES_NO-a
2026-09-22T17:50:25,2715915722,Ne,1.0,"Republikáni většina v Senátu, Demokraté většina ve Sněmovně reprezentantů po volbách do Kongresu 2026",25-GENERAL_QUESTION_YES_NO-a
2026-09-22T17:50:25,2715915723,Ne,1.0,"Republikáni většina v Senátu, Republikáni většina ve Sněmovně reprezentantů po volbách do Kongresu 2026",25-GENERAL_QUESTION_YES_NO-a
2026-09-22T17:50:25,2715915724,Ano,9.0,"Republikáni většina v Senátu, Republikáni většina ve Sněmovně reprezentantů po volbách do Kongresu 2026",25-GENERAL_QUESTION_YES_NO-a
2026-09-22T17:50:25,2715915725,Méně než 218,8.61,Počet mandátů Demokratické strany ve Sněmovně reprezentantů po volbách 2026,25-GENERAL_QUESTION_TOTAL-a
2026-09-22T17:50:25,2715915726,218 a více,1.03,Počet mandátů Demokratické strany ve Sněmovně reprezentantů po volbách 2026,25-GENERAL_QUESTION_TOTAL-a
2026-09-22T10:38:43,2715827206,Méně než 50,1.42,Počet mandátů Republikánské strany v Senátu po volbách 2026,25-GENERAL_QUESTION_TOTAL-a
2026-09-22T10:38:43,2715827207,50 a více,2.61,Počet mandátů Republikánské strany v Senátu po volbách 2026,25-GENERAL_QUESTION_TOTAL-a
2026-09-22T10:38:43,2715915717,Ano,1.44,"Demokraté většina v Senátu, Demokraté většina ve Sněmovně reprezentantů po volbách do Kongresu 2026",25-GENERAL_QUESTION_YES_NO-a
2026-09-22T10:38:43,2715915718,Ne,1.0,"Demokraté většina v Senátu, Demokraté většina ve Sněmovně reprezentantů po volbách do Kongresu 2026",25-GENERAL_QUESTION_YES_NO-a
2026-09-22T10:38:43,2715915719,Ano,88.0,"Demokraté většina v Senátu, Republikáni většina ve Sněmovně reprezentantů po volbách do Kongresu 2026",25-GENERAL_QUESTION_YES_NO-a
2026-09-22T10:38:43,2715915720,Ne,1.0,"Demokraté většina v Senátu, Republikáni většina ve Sněmovně reprezentantů po volbách do Kongresu 2026",25-GENERAL_QUESTION_YES_NO-a
2026-09-22T10:38:43,2715915721,Ano,3.0,"Republikáni většina v Senátu, Demokraté většina ve Sněmovně reprezentantů po volbách do Kongresu 2026",25-GENERAL_QUESTION_YES_NO-a
2026-09-22T10:38:43,2715915722,Ne,1.0,"Republikáni většina v Senátu, Demokraté většina ve Sněmovně reprezentantů po volbách do Kongresu 2026",25-GENERAL_QUESTION_YES_NO-a
2026-09-22T10:38:43,2715915723,Ne,1.0,"Republikáni většina v Senátu, Republikáni většina ve Sněmovně reprezentantů po volbách do Kongresu 2026",25-GENERAL_QUESTION_YES_NO-a
2026-09-22T10:38:43,2715915724,Ano,9.0,"Republikáni většina v Senátu, Republikáni většina ve Sněmovně reprezentantů po volbách do Kongresu 2026",25-GENERAL_QUESTION_YES_NO-a
2026-09-22T10:38:43,2715915725,Méně než 218,8.61,Počet mandátů Demokratické strany ve Sněmovně reprezentantů po volbách 2026,25-GENERAL_QUESTION_TOTAL-a
2026-09-22T10:38:43,2715915726,218 a více,1.03,Počet mandátů Demokratické strany ve Sněmovně reprezentantů po volbách 2026,25-GENERAL_QUESTION_TOTAL-a
2026-09-22T00:25:37,2715827206,Méně než 50,1.5,Počet mandátů Republikánské strany v Senátu po volbách 2026,25-GENERAL_QUESTION_TOTAL-a
2026-09-22T00:25:37,2715827207,50 a více,2.38,Počet mandátů Republikánské strany v Senátu po volbách 2026,25-GENERAL_QUESTION_TOTAL-a
2026-09-22T00:25:37,2715915717,Ano,1.52,"Demokraté většina v Senátu, Demokraté většina ve Sněmovně reprezentantů po volbách do Kongresu 2026",25-GENERAL_QUESTION_YES_NO-a
2026-09-22T00:25:37,2715915718,Ne,1.0,"Demokraté většina v Senátu, Demokraté většina ve Sněmovně reprezentantů po volbách do Kongresu 2026",25-GENERAL_QUESTION_YES_NO-a
2026-09-22T00:25:37,2715915719,Ano,80.0,"Demokraté většina v Senátu, Republikáni většina ve Sněmovně reprezentantů po volbách do Kongresu 2026",25-GENERAL_QUESTION_YES_NO-a
2026-09-22T00:25:37,2715915720,Ne,1.0,"Demokraté většina v Senátu, Republikáni většina ve Sněmovně reprezentantů po volbách do Kongresu 2026",25-GENERAL_QUESTION_YES_NO-a
2026-09-22T00:25:37,2715915721,Ano,3.0,"Republikáni většina v Senátu, Demokraté většina ve Sněmovně reprezentantů po volbách do Kongresu 2026",25-GENERAL_QUESTION_YES_NO-a
2026-09-22T00:25:37,2715915722,Ne,1.0,"Republikáni většina v Senátu, Demokraté většina ve Sněmovně reprezentantů po volbách do Kongresu 2026",25-GENERAL_QUESTION_YES_NO-a
2026-09-22T00:25:37,2715915723,Ne,1.0,"Republikáni většina v Senátu, Republikáni většina ve Sněmovně reprezentantů po volbách do Kongresu 2026",25-GENERAL_QUESTION_YES_NO-a
2026-09-22T00:25:37,2715915724,Ano,7.5,"Republikáni většina v Senátu, Republikáni většina ve Sněmovně reprezentantů po volbách do Kongresu 2026",25-GENERAL_QUESTION_YES_NO-a
2026-09-22T00:25:37,2715915725,Méně než 218,7.97,Počet mandátů Demokratické strany ve Sněmovně reprezentantů po volbách 2026,25-GENERAL_QUESTION_TOTAL-a
2026-09-22T00:25:37,2715915726,218 a více,1.04,Počet mandátů Demokratické strany ve Sněmovně reprezentantů po volbách 2026,25-GENERAL_QUESTION_TOTAL-a
2026-09-21T18:59:06,2715827206,Méně než 50,1.5,Počet mandátů Republikánské strany v Senátu po volbách 2026,25-GENERAL_QUESTION_TOTAL-a
2026-09-21T18:59:06,2715827207,50 a více,2.38,Počet mandátů Republikánské strany v Senátu po volbách 2026,25-GENERAL_QUESTION_TOTAL-a
2026-09-21T18:59:06,2715915717,Ano,1.52,"Demokraté většina v Senátu, Demokraté většina ve Sněmovně reprezentantů po volbách do Kongresu 2026",25-GENERAL_QUESTION_YES_NO-a
2026-09-21T18:59:06,2715915718,Ne,1.0,"Demokraté většina v Senátu, Demokraté většina ve Sněmovně reprezentantů po volbách do Kongresu 2026",25-GENERAL_QUESTION_YES_NO-a
2026-09-21T18:59:06,2715915719,Ano,80.0,"Demokraté většina v Senátu, Republikáni většina ve Sněmovně reprezentantů po volbách do Kongresu 2026",25-GENERAL_QUESTION_YES_NO-a
2026-09-21T18:59:06,2715915720,Ne,1.0,"Demokraté většina v Senátu, Republikáni většina ve Sněmovně reprezentantů po volbách do Kongresu 2026",25-GENERAL_QUESTION_YES_NO-a
2026-09-21T18:59:06,2715915721,Ano,3.0,"Republikáni většina v Senátu, Demokraté většina ve Sněmovně reprezentantů po volbách do Kongresu 2026",25-GENERAL_QUESTION_YES_NO-a
2026-09-21T18:59:06,2715915722,Ne,1.0,"Republikáni většina v Senátu, Demokraté většina ve Sněmovně reprezentantů po volbách do Kongresu 2026",25-GENERAL_QUESTION_YES_NO-a
2026-09-21T18:59:06,2715915723,Ne,1.0,"Republikáni většina v Senátu, Republikáni většina ve Sněmovně reprezentantů po volbách do Kongresu 2026",25-GENERAL_QUESTION_YES_NO-a
2026-09-21T18:59:06,2715915724,Ano,7.5,"Republikáni většina v Senátu, Republikáni většina ve Sněmovně reprezentantů po volbách do Kongresu 2026",25-GENERAL_QUESTION_YES_NO-a
2026-09-21T18:59:06,2715915725,Méně než 218,7.97,Počet mandátů Demokratické strany ve Sněmovně reprezentantů po volbách 2026,25-GENERAL_QUESTION_TOTAL-a
2026-09-21T18:59:06,2715915726,218 a více,1.04,Počet mandátů Demokratické strany ve Sněmovně reprezentantů po volbách 2026,25-GENERAL_QUESTION_TOTAL-a
2026-09-21T11:32:26,2715827206,Méně než 50,1.5,Počet mandátů Republikánské strany v Senátu po volbách 2026,25-GENERAL_QUESTION_TOTAL-a
2026-09-21T11:32:26,2715827207,50 a více,2.38,Počet mandátů Republikánské strany v Senátu po volbách 2026,25-GENERAL_QUESTION_TOTAL-a
2026-09-21T11:32:26,2715915717,Ano,1.52,"Demokraté většina v Senátu, Demokraté většina ve Sněmovně reprezentantů po volbách do Kongresu 2026",25-GENERAL_QUESTION_YES_NO-a
2026-09-21T11:32:26,2715915718,Ne,1.0,"Demokraté většina v Senátu, Demokraté většina ve Sněmovně reprezentantů po volbách do Kongresu 2026",25-GENERAL_QUESTION_YES_NO-a
2026-09-21T11:32:26,2715915719,Ano,80.0,"Demokraté většina v Senátu, Republikáni většina ve Sněmovně reprezentantů po volbách do Kongresu 2026",25-GENERAL_QUESTION_YES_NO-a
2026-09-21T11:32:26,2715915720,Ne,1.0,"Demokraté většina v Senátu, Republikáni většina ve Sněmovně reprezentantů po volbách do Kongresu 2026",25-GENERAL_QUESTION_YES_NO-a
2026-09-21T11:32:26,2715915721,Ano,3.0,"Republikáni většina v Senátu, Demokraté většina ve Sněmovně reprezentantů po volbách do Kongresu 2026",25-GENERAL_QUESTION_YES_NO-a
2026-09-21T11:32:26,2715915722,Ne,1.0,"Republikáni většina v Senátu, Demokraté většina ve Sněmovně reprezentantů po volbách do Kongresu 2026",25-GENERAL_QUESTION_YES_NO-a
2026-09-21T11:32:26,2715915723,Ne,1.0,"Republikáni většina v Senátu, Republikáni většina ve Sněmovně reprezentantů po volbách do Kongresu 2026",25-GENERAL_QUESTION_YES_NO-a
2026-09-21T11:32:26,2715915724,Ano,7.5,"Republikáni většina v Senátu, Republikáni většina ve Sněmovně reprezentantů po volbách do Kongresu 2026",25-GENERAL_QUESTION_YES_NO-a
2026-09-21T11:32:26,2715915725,Méně než 218,7.97,Počet mandátů Demokratické strany ve Sněmovně reprezentantů po volbách 2026,25-GENERAL_QUESTION_TOTAL-a
2026-09-21T11:32:26,2715915726,218 a více,1.04,Počet mandátů Demokratické strany ve Sněmovně reprezentantů po volbách 2026,25-GENERAL_QUESTION_TOTAL-a
2026-09-20T23:43:50,2715827206,Méně než 50,1.5,Počet mandátů Republikánské strany v Senátu po volbách 2026,25-GENERAL_QUESTION_TOTAL-a
2026-09-20T23:43:50,2715827207,50 a více,2.38,Počet mandátů Republikánské strany v Senátu po volbách 2026,25-GENERAL_QUESTION_TOTAL-a
2026-09-20T23:43:50,2715915717,Ano,1.52,"Demokraté většina v Senátu, Demokraté většina ve Sněmovně reprezentantů po volbách do Kongresu 2026",25-GENERAL_QUESTION_YES_NO-a
2026-09-20T23:43:50,2715915718,Ne,1.0,"Demokraté většina v Senátu, Demokraté většina ve Sněmovně reprezentantů po volbách do Kongresu 2026",25-GENERAL_QUESTION_YES_NO-a
2026-09-20T23:43:50,2715915719,Ano,80.0,"Demokraté většina v Senátu, Republikáni většina ve Sněmovně reprezentantů po volbách do Kongresu 2026",25-GENERAL_QUESTION_YES_NO-a
2026-09-20T23:43:50,2715915720,Ne,1.0,"Demokraté většina v Senátu, Republikáni většina ve Sněmovně reprezentantů po volbách do Kongresu 2026",25-GENERAL_QUESTION_YES_NO-a
2026-09-20T23:43:50,2715915721,Ano,3.0,"Republikáni většina v Senátu, Demokraté většina ve Sněmovně reprezentantů po volbách do Kongresu 2026",25-GENERAL_QUESTION_YES_NO-a
2026-09-20T23:43:50,2715915722,Ne,1.0,"Republikáni většina v Senátu, Demokraté většina ve Sněmovně reprezentantů po volbách do Kongresu 2026",25-GENERAL_QUESTION_YES_NO-a
2026-09-20T23:43:50,2715915723,Ne,1.0,"Republikáni většina v Senátu, Republikáni většina ve Sněmovně reprezentantů po volbách do Kongresu 2026",25-GENERAL_QUESTION_YES_NO-a
2026-09-20T23:43:50,2715915724,Ano,7.5,"Republikáni většina v Senátu, Republikáni většina ve Sněmovně reprezentantů po volbách do Kongresu 2026",25-GENERAL_QUESTION_YES_NO-a
2026-09-20T23:43:50,2715915725,Méně než 218,7.43,Počet mandátů Demokratické strany ve Sněmovně reprezentantů po volbách 2026,25-GENERAL_QUESTION_TOTAL-a
2026-09-20T23:43:50,2715915726,218 a více,1.05,Počet mandátů Demokratické strany ve Sněmovně reprezentantů po volbách 2026,25-GENERAL_QUESTION_TOTAL-a
2026-09-20T17:10:02,2715827206,Méně než 50,1.5,Počet mandátů Republikánské strany v Senátu po volbách 2026,25-GENERAL_QUESTION_TOTAL-a
2026-09-20T17:10:02,2715827207,50 a více,2.38,Počet mandátů Republikánské strany v Senátu po volbách 2026,25-GENERAL_QUESTION_TOTAL-a
2026-09-20T17:10:02,2715915717,Ano,1.52,"Demokraté většina v Senátu, Demokraté většina ve Sněmovně reprezentantů po volbách do Kongresu 2026",25-GENERAL_QUESTION_YES_NO-a
2026-09-20T17:10:02,2715915718,Ne,1.0,"Demokraté většina v Senátu, Demokraté většina ve Sněmovně reprezentantů po volbách do Kongresu 2026",25-GENERAL_QUESTION_YES_NO-a
2026-09-20T17:10:02,2715915719,Ano,80.0,"Demokraté většina v Senátu, Republikáni většina ve Sněmovně reprezentantů po volbách do Kongresu 2026",25-GENERAL_QUESTION_YES_NO-a
2026-09-20T17:10:02,2715915720,Ne,1.0,"Demokraté většina v Senátu, Republikáni většina ve Sněmovně reprezentantů po volbách do Kongresu 2026",25-GENERAL_QUESTION_YES_NO-a
2026-09-20T17:10:02,2715915721,Ano,3.0,"Republikáni většina v Senátu, Demokraté většina ve Sněmovně reprezentantů po volbách do Kongresu 2026",25-GENERAL_QUESTION_YES_NO-a
2026-09-20T17:10:02,2715915722,Ne,1.0,"Republikáni většina v Senátu, Demokraté většina ve Sněmovně reprezentantů po volbách do Kongresu 2026",25-GENERAL_QUESTION_YES_NO-a
2026-09-20T17:10:02,2715915723,Ne,1.0,"Republikáni většina v Senátu, Republikáni většina ve Sněmovně reprezentantů po volbách do Kongresu 2026",25-GENERAL_QUESTION_YES_NO-a
2026-09-20T17:10:02,2715915724,Ano,7.5,"Republikáni většina v Senátu, Republikáni většina ve Sněmovně reprezentantů po volbách do Kongresu 2026",25-GENERAL_QUESTION_YES_NO-a
2026-09-20T17:10:02,2715915725,Méně než 218,7.43,Počet mandátů Demokratické strany ve Sněmovně reprezentantů po volbách 2026,25-GENERAL_QUESTION_TOTAL-a
2026-09-20T17:10:02,2715915726,218 a více,1.05,Počet mandátů Demokratické strany ve Sněmovně reprezentantů po volbách 2026,25-GENERAL_QUESTION_TOTAL-a
2026-09-20T10:20:09,2715827206,Méně než 50,1.5,Počet mandátů Republikánské strany v Senátu po volbách 2026,25-GENERAL_QUESTION_TOTAL-a
2026-09-20T10:20:09,2715827207,50 a více,2.38,Počet mandátů Republikánské strany v Senátu po volbách 2026,25-GENERAL_QUESTION_TOTAL-a
2026-09-20T10:20:09,2715915717,Ano,1.52,"Demokraté většina v Senátu, Demokraté většina ve Sněmovně reprezentantů po volbách do Kongresu 2026",25-GENERAL_QUESTION_YES_NO-a
2026-09-20T10:20:09,2715915718,Ne,1.0,"Demokraté většina v Senátu, Demokraté většina ve Sněmovně reprezentantů po volbách do Kongresu 2026",25-GENERAL_QUESTION_YES_NO-a
2026-09-20T10:20:09,2715915719,Ano,80.0,"Demokraté většina v Senátu, Republikáni většina ve Sněmovně reprezentantů po volbách do Kongresu 2026",25-GENERAL_QUESTION_YES_NO-a
2026-09-20T10:20:09,2715915720,Ne,1.0,"Demokraté většina v Senátu, Republikáni většina ve Sněmovně reprezentantů po volbách do Kongresu 2026",25-GENERAL_QUESTION_YES_NO-a
2026-09-20T10:20:09,2715915721,Ano,3.0,"Republikáni většina v Senátu, Demokraté většina ve Sněmovně reprezentantů po volbách do Kongresu 2026",25-GENERAL_QUESTION_YES_NO-a
2026-09-20T10:20:09,2715915722,Ne,1.0,"Republikáni většina v Senátu, Demokraté většina ve Sněmovně reprezentantů po volbách do Kongresu 2026",25-GENERAL_QUESTION_YES_NO-a
2026-09-20T10:20:09,2715915723,Ne,1.0,"Republikáni většina v Senátu, Republikáni většina ve Sněmovně reprezentantů po volbách do Kongresu 2026",25-GENERAL_QUESTION_YES_NO-a
2026-09-20T10:20:09,2715915724,Ano,7.5,"Republikáni většina v Senátu, Republikáni většina ve Sněmovně reprezentantů po volbách do Kongresu 2026",25-GENERAL_QUESTION_YES_NO-a
2026-09-20T10:20:09,2715915725,Méně než 218,7.43,Počet mandátů Demokratické strany ve Sněmovně reprezentantů po volbách 2026,25-GENERAL_QUESTION_TOTAL-a
2026-09-20T10:20:09,2715915726,218 a více,1.05,Počet mandátů Demokratické strany ve Sněmovně reprezentantů po volbách 2026,25-GENERAL_QUESTION_TOTAL-a
2026-09-19T23:47:41,2715827206,Méně než 50,1.5,Počet mandátů Republikánské strany v Senátu po volbách 2026,25-GENERAL_QUESTION_TOTAL-a
2026-09-19T23:47:41,2715827207,50 a více,2.38,Počet mandátů Republikánské strany v Senátu po volbách 2026,25-GENERAL_QUESTION_TOTAL-a
2026-09-19T23:47:41,2715915717,Ano,1.52,"Demokraté většina v Senátu, Demokraté většina ve Sněmovně reprezentantů po volbách do Kongresu 2026",25-GENERAL_QUESTION_YES_NO-a
2026-09-19T23:47:41,2715915718,Ne,1.0,"Demokraté většina v Senátu, Demokraté většina ve Sněmovně reprezentantů po volbách do Kongresu 2026",25-GENERAL_QUESTION_YES_NO-a
2026-09-19T23:47:41,2715915719,Ano,80.0,"Demokraté většina v Senátu, Republikáni většina ve Sněmovně reprezentantů po volbách do Kongresu 2026",25-GENERAL_QUESTION_YES_NO-a
2026-09-19T23:47:41,2715915720,Ne,1.0,"Demokraté většina v Senátu, Republikáni většina ve Sněmovně reprezentantů po volbách do Kongresu 2026",25-GENERAL_QUESTION_YES_NO-a
2026-09-19T23:47:41,2715915721,Ano,3.0,"Republikáni většina v Senátu, Demokraté většina ve Sněmovně reprezentantů po volbách do Kongresu 2026",25-GENERAL_QUESTION_YES_NO-a
2026-09-19T23:47:41,2715915722,Ne,1.0,"Republikáni většina v Senátu, Demokraté většina ve Sněmovně reprezentantů po volbách do Kongresu 2026",25-GENERAL_QUESTION_YES_NO-a
2026-09-19T23:47:41,2715915723,Ne,1.0,"Republikáni většina v Senátu, Republikáni většina ve Sněmovně reprezentantů po volbách do Kongresu 2026",25-GENERAL_QUESTION_YES_NO-a
2026-09-19T23:47:41,2715915724,Ano,7.5,"Republikáni většina v Senátu, Republikáni většina ve Sněmovně reprezentantů po volbách do Kongresu 2026",25-GENERAL_QUESTION_YES_NO-a
2026-09-19T23:47:41,2715915725,Méně než 218,7.43,Počet mandátů Demokratické strany ve Sněmovně reprezentantů po volbách 2026,25-GENERAL_QUESTION_TOTAL-a
2026-09-19T23:47:41,2715915726,218 a více,1.05,Počet mandátů Demokratické strany ve Sněmovně reprezentantů po volbách 2026,25-GENERAL_QUESTION_TOTAL-a
2026-09-19T16:56:22,2715827206,Méně než 50,1.5,Počet mandátů Republikánské strany v Senátu po volbách 2026,25-GENERAL_QUESTION_TOTAL-a
2026-09-19T16:56:22,2715827207,50 a více,2.38,Počet mandátů Republikánské strany v Senátu po volbách 2026,25-GENERAL_QUESTION_TOTAL-a
2026-09-19T16:56:22,2715915717,Ano,1.52,"Demokraté většina v Senátu, Demokraté většina ve Sněmovně reprezentantů po volbách do Kongresu 2026",25-GENERAL_QUESTION_YES_NO-a
2026-09-19T16:56:22,2715915718,Ne,1.0,"Demokraté většina v Senátu, Demokraté většina ve Sněmovně reprezentantů po volbách do Kongresu 2026",25-GENERAL_QUESTION_YES_NO-a
2026-09-19T16:56:22,2715915719,Ano,80.0,"Demokraté většina v Senátu, Republikáni většina ve Sněmovně reprezentantů po volbách do Kongresu 2026",25-GENERAL_QUESTION_YES_NO-a
2026-09-19T16:56:22,2715915720,Ne,1.0,"Demokraté většina v Senátu, Republikáni většina ve Sněmovně reprezentantů po volbách do Kongresu 2026",25-GENERAL_QUESTION_YES_NO-a
2026-09-19T16:56:22,2715915721,Ano,3.0,"Republikáni většina v Senátu, Demokraté většina ve Sněmovně reprezentantů po volbách do Kongresu 2026",25-GENERAL_QUESTION_YES_NO-a
2026-09-19T16:56:22,2715915722,Ne,1.0,"Republikáni většina v Senátu, Demokraté většina ve Sněmovně reprezentantů po volbách do Kongresu 2026",25-GENERAL_QUESTION_YES_NO-a
2026-09-19T16:56:22,2715915723,Ne,1.0,"Republikáni většina v Senátu, Republikáni většina ve Sněmovně reprezentantů po volbách do Kongresu 2026",25-GENERAL_QUESTION_YES_NO-a
2026-09-19T16:56:22,2715915724,Ano,7.0,"Republikáni většina v Senátu, Republikáni většina ve Sněmovně reprezentantů po volbách do Kongresu 2026",25-GENERAL_QUESTION_YES_NO-a
2026-09-19T16:56:22,2715915725,Méně než 218,7.43,Počet mandátů Demokratické strany ve Sněmovně reprezentantů po volbách 2026,25-GENERAL_QUESTION_TOTAL-a
2026-09-19T16:56:22,2715915726,218 a více,1.05,Počet mandátů Demokratické strany ve Sněmovně reprezentantů po volbách 2026,25-GENERAL_QUESTION_TOTAL-a
2026-09-19T10:00:13,2715827206,Méně než 50,1.5,Počet mandátů Republikánské strany v Senátu po volbách 2026,25-GENERAL_QUESTION_TOTAL-a
2026-09-19T10:00:13,2715827207,50 a více,2.38,Počet mandátů Republikánské strany v Senátu po volbách 2026,25-GENERAL_QUESTION_TOTAL-a
2026-09-19T10:00:13,2715915717,Ano,1.52,"Demokraté většina v Senátu, Demokraté většina ve Sněmovně reprezentantů po volbách do Kongresu 2026",25-GENERAL_QUESTION_YES_NO-a
2026-09-19T10:00:13,2715915718,Ne,1.0,"Demokraté většina v Senátu, Demokraté většina ve Sněmovně reprezentantů po volbách do Kongresu 2026",25-GENERAL_QUESTION_YES_NO-a
2026-09-19T10:00:13,2715915719,Ano,80.0,"Demokraté většina v Senátu, Republikáni většina ve Sněmovně reprezentantů po volbách do Kongresu 2026",25-GENERAL_QUESTION_YES_NO-a
2026-09-19T10:00:13,2715915720,Ne,1.0,"Demokraté většina v Senátu, Republikáni většina ve Sněmovně reprezentantů po volbách do Kongresu 2026",25-GENERAL_QUESTION_YES_NO-a
2026-09-19T10:00:13,2715915721,Ano,3.0,"Republikáni většina v Senátu, Demokraté většina ve Sněmovně reprezentantů po volbách do Kongresu 2026",25-GENERAL_QUESTION_YES_NO-a
2026-09-19T10:00:13,2715915722,Ne,1.0,"Republikáni většina v Senátu, Demokraté většina ve Sněmovně reprezentantů po volbách do Kongresu 2026",25-GENERAL_QUESTION_YES_NO-a
2026-09-19T10:00:13,2715915723,Ne,1.0,"Republikáni většina v Senátu, Republikáni většina ve Sněmovně reprezentantů po volbách do Kongresu 2026",25-GENERAL_QUESTION_YES_NO-a
2026-09-19T10:00:13,2715915724,Ano,7.0,"Republikáni většina v Senátu, Republikáni většina ve Sněmovně reprezentantů po volbách do Kongresu 2026",25-GENERAL_QUESTION_YES_NO-a
2026-09-19T10:00:13,2715915725,Méně než 218,7.43,Počet mandátů Demokratické strany ve Sněmovně reprezentantů po volbách 2026,25-GENERAL_QUESTION_TOTAL-a
2026-09-19T10:00:13,2715915726,218 a více,1.05,Počet mandátů Demokratické strany ve Sněmovně reprezentantů po volbách 2026,25-GENERAL_QUESTION_TOTAL-a
2026-09-18T23:46:08,2715827206,Méně než 50,1.5,Počet mandátů Republikánské strany v Senátu po volbách 2026,25-GENERAL_QUESTION_TOTAL-a
2026-09-18T23:46:08,2715827207,50 a více,2.38,Počet mandátů Republikánské strany v Senátu po volbách 2026,25-GENERAL_QUESTION_TOTAL-a
2026-09-18T23:46:08,2715915717,Ano,1.52,"Demokraté většina v Senátu, Demokraté většina ve Sněmovně reprezentantů po volbách do Kongresu 2026",25-GENERAL_QUESTION_YES_NO-a
2026-09-18T23:46:08,2715915718,Ne,1.0,"Demokraté většina v Senátu, Demokraté většina ve Sněmovně reprezentantů po volbách do Kongresu 2026",25-GENERAL_QUESTION_YES_NO-a
2026-09-18T23:46:08,2715915719,Ano,80.0,"Demokraté většina v Senátu, Republikáni většina ve Sněmovně reprezentantů po volbách do Kongresu 2026",25-GENERAL_QUESTION_YES_NO-a
2026-09-18T23:46:08,2715915720,Ne,1.0,"Demokraté většina v Senátu, Republikáni většina ve Sněmovně reprezentantů po volbách do Kongresu 2026",25-GENERAL_QUESTION_YES_NO-a
2026-09-18T23:46:08,2715915721,Ano,3.0,"Republikáni většina v Senátu, Demokraté většina ve Sněmovně reprezentantů po volbách do Kongresu 2026",25-GENERAL_QUESTION_YES_NO-a
2026-09-18T23:46:08,2715915722,Ne,1.0,"Republikáni většina v Senátu, Demokraté většina ve Sněmovně reprezentantů po volbách do Kongresu 2026",25-GENERAL_QUESTION_YES_NO-a
2026-09-18T23:46:08,2715915723,Ne,1.0,"Republikáni většina v Senátu, Republikáni většina ve Sněmovně reprezentantů po volbách do Kongresu 2026",25-GENERAL_QUESTION_YES_NO-a
2026-09-18T23:46:08,2715915724,Ano,7.0,"Republikáni většina v Senátu, Republikáni většina ve Sněmovně reprezentantů po volbách do Kongresu 2026",25-GENERAL_QUESTION_YES_NO-a
2026-09-18T23:46:08,2715915725,Méně než 218,7.43,Počet mandátů Demokratické strany ve Sněmovně reprezentantů po volbách 2026,25-GENERAL_QUESTION_TOTAL-a
2026-09-18T23:46:08,2715915726,218 a více,1.05,Počet mandátů Demokratické strany ve Sněmovně reprezentantů po volbách 2026,25-GENERAL_QUESTION_TOTAL-a
2026-09-18T17:22:49,2715827206,Méně než 50,1.5,Počet mandátů Republikánské strany v Senátu po volbách 2026,25-GENERAL_QUESTION_TOTAL-a
2026-09-18T17:22:49,2715827207,50 a více,2.38,Počet mandátů Republikánské strany v Senátu po volbách 2026,25-GENERAL_QUESTION_TOTAL-a
2026-09-18T17:22:49,2715915717,Ano,1.52,"Demokraté většina v Senátu, Demokraté většina ve Sněmovně reprezentantů po volbách do Kongresu 2026",25-GENERAL_QUESTION_YES_NO-a
2026-09-18T17:22:49,2715915718,Ne,1.0,"Demokraté většina v Senátu, Demokraté většina ve Sněmovně reprezentantů po volbách do Kongresu 2026",25-GENERAL_QUESTION_YES_NO-a
2026-09-18T17:22:49,2715915719,Ano,80.0,"Demokraté většina v Senátu, Republikáni většina ve Sněmovně reprezentantů po volbách do Kongresu 2026",25-GENERAL_QUESTION_YES_NO-a
2026-09-18T17:22:49,2715915720,Ne,1.0,"Demokraté většina v Senátu, Republikáni většina ve Sněmovně reprezentantů po volbách do Kongresu 2026",25-GENERAL_QUESTION_YES_NO-a
2026-09-18T17:22:49,2715915721,Ano,3.0,"Republikáni většina v Senátu, Demokraté většina ve Sněmovně reprezentantů po volbách do Kongresu 2026",25-GENERAL_QUESTION_YES_NO-a
2026-09-18T17:22:49,2715915722,Ne,1.0,"Republikáni většina v Senátu, Demokraté většina ve Sněmovně reprezentantů po volbách do Kongresu 2026",25-GENERAL_QUESTION_YES_NO-a
2026-09-18T17:22:49,2715915723,Ne,1.0,"Republikáni většina v Senátu, Republikáni většina ve Sněmovně reprezentantů po volbách do Kongresu 2026",25-GENERAL_QUESTION_YES_NO-a
2026-09-18T17:22:49,2715915724,Ano,7.0,"Republikáni většina v Senátu, Republikáni většina ve Sněmovně reprezentantů po volbách do Kongresu 2026",25-GENERAL_QUESTION_YES_NO-a
2026-09-18T17:22:49,2715915725,Méně než 218,7.43,Počet mandátů Demokratické strany ve Sněmovně reprezentantů po volbách 2026,25-GENERAL_QUESTION_TOTAL-a
2026-09-18T17:22:49,2715915726,218 a více,1.05,Počet mandátů Demokratické strany ve Sněmovně reprezentantů po volbách 2026,25-GENERAL_QUESTION_TOTAL-a
2026-09-18T10:17:40,2715827206,Méně než 50,1.5,Počet mandátů Republikánské strany v Senátu po volbách 2026,25-GENERAL_QUESTION_TOTAL-a
2026-09-18T10:17:40,2715827207,50 a více,2.38,Počet mandátů Republikánské strany v Senátu po volbách 2026,25-GENERAL_QUESTION_TOTAL-a
2026-09-18T10:17:40,2715915717,Ano,1.52,"Demokraté většina v Senátu, Demokraté většina ve Sněmovně reprezentantů po volbách do Kongresu 2026",25-GENERAL_QUESTION_YES_NO-a
2026-09-18T10:17:40,2715915718,Ne,1.0,"Demokraté většina v Senátu, Demokraté většina ve Sněmovně reprezentantů po volbách do Kongresu 2026",25-GENERAL_QUESTION_YES_NO-a
2026-09-18T10:17:40,2715915719,Ano,80.0,"Demokraté většina v Senátu, Republikáni většina ve Sněmovně reprezentantů po volbách do Kongresu 2026",25-GENERAL_QUESTION_YES_NO-a
2026-09-18T10:17:40,2715915720,Ne,1.0,"Demokraté většina v Senátu, Republikáni většina ve Sněmovně reprezentantů po volbách do Kongresu 2026",25-GENERAL_QUESTION_YES_NO-a
2026-09-18T10:17:40,2715915721,Ano,3.0,"Republikáni většina v Senátu, Demokraté většina ve Sněmovně reprezentantů po volbách do Kongresu 2026",25-GENERAL_QUESTION_YES_NO-a
2026-09-18T10:17:40,2715915722,Ne,1.0,"Republikáni většina v Senátu, Demokraté většina ve Sněmovně reprezentantů po volbách do Kongresu 2026",25-GENERAL_QUESTION_YES_NO-a
2026-09-18T10:17:40,2715915723,Ne,1.0,"Republikáni většina v Senátu, Republikáni většina ve Sněmovně reprezentantů po volbách do Kongresu 2026",25-GENERAL_QUESTION_YES_NO-a
2026-09-18T10:17:40,2715915724,Ano,7.0,"Republikáni většina v Senátu, Republikáni většina ve Sněmovně reprezentantů po volbách do Kongresu 2026",25-GENERAL_QUESTION_YES_NO-a
2026-09-18T10:17:40,2715915725,Méně než 218,7.43,Počet mandátů Demokratické strany ve Sněmovně reprezentantů po volbách 2026,25-GENERAL_QUESTION_TOTAL-a
2026-09-18T10:17:40,2715915726,218 a více,1.05,Počet mandátů Demokratické strany ve Sněmovně reprezentantů po volbách 2026,25-GENERAL_QUESTION_TOTAL-a
2026-09-17T23:48:43,2715827206,Méně než 50,1.5,Počet mandátů Republikánské strany v Senátu po volbách 2026,25-GENERAL_QUESTION_TOTAL-a
2026-09-17T23:48:43,2715827207,50 a více,2.38,Počet mandátů Republikánské strany v Senátu po volbách 2026,25-GENERAL_QUESTION_TOTAL-a
2026-09-17T23:48:43,2715915717,Ano,1.52,"Demokraté většina v Senátu, Demokraté většina ve Sněmovně reprezentantů po volbách do Kongresu 2026",25-GENERAL_QUESTION_YES_NO-a
2026-09-17T23:48:43,2715915718,Ne,1.0,"Demokraté většina v Senátu, Demokraté většina ve Sněmovně reprezentantů po volbách do Kongresu 2026",25-GENERAL_QUESTION_YES_NO-a
2026-09-17T23:48:43,2715915719,Ano,80.0,"Demokraté většina v Senátu, Republikáni většina ve Sněmovně reprezentantů po volbách do Kongresu 2026",25-GENERAL_QUESTION_YES_NO-a
2026-09-17T23:48:43,2715915720,Ne,1.0,"Demokraté většina v Senátu, Republikáni většina ve Sněmovně reprezentantů po volbách do Kongresu 2026",25-GENERAL_QUESTION_YES_NO-a
2026-09-17T23:48:43,2715915721,Ano,3.0,"Republikáni většina v Senátu, Demokraté většina ve Sněmovně reprezentantů po volbách do Kongresu 2026",25-GENERAL_QUESTION_YES_NO-a
2026-09-17T23:48:43,2715915722,Ne,1.0,"Republikáni většina v Senátu, Demokraté většina ve Sněmovně reprezentantů po volbách do Kongresu 2026",25-GENERAL_QUESTION_YES_NO-a
2026-09-17T23:48:43,2715915723,Ne,1.0,"Republikáni většina v Senátu, Republikáni většina ve Sněmovně reprezentantů po volbách do Kongresu 2026",25-GENERAL_QUESTION_YES_NO-a
2026-09-17T23:48:43,2715915724,Ano,7.0,"Republikáni většina v Senátu, Republikáni většina ve Sněmovně reprezentantů po volbách do Kongresu 2026",25-GENERAL_QUESTION_YES_NO-a
2026-09-17T23:48:43,2715915725,Méně než 218,7.43,Počet mandátů Demokratické strany ve Sněmovně reprezentantů po volbách 2026,25-GENERAL_QUESTION_TOTAL-a
2026-09-17T23:48:43,2715915726,218 a více,1.05,Počet mandátů Demokratické strany ve Sněmovně reprezentantů po volbách 2026,25-GENERAL_QUESTION_TOTAL-a
2026-09-17T17:52:10,2715827206,Méně než 50,1.5,Počet mandátů Republikánské strany v Senátu po volbách 2026,25-GENERAL_QUESTION_TOTAL-a
2026-09-17T17:52:10,2715827207,50 a více,2.38,Počet mandátů Republikánské strany v Senátu po volbách 2026,25-GENERAL_QUESTION_TOTAL-a
2026-09-17T17:52:10,2715915717,Ano,1.52,"Demokraté většina v Senátu, Demokraté většina ve Sněmovně reprezentantů po volbách do Kongresu 2026",25-GENERAL_QUESTION_YES_NO-a
2026-09-17T17:52:10,2715915718,Ne,1.0,"Demokraté většina v Senátu, Demokraté většina ve Sněmovně reprezentantů po volbách do Kongresu 2026",25-GENERAL_QUESTION_YES_NO-a
2026-09-17T17:52:10,2715915719,Ano,80.0,"Demokraté většina v Senátu, Republikáni většina ve Sněmovně reprezentantů po volbách do Kongresu 2026",25-GENERAL_QUESTION_YES_NO-a
2026-09-17T17:52:10,2715915720,Ne,1.0,"Demokraté většina v Senátu, Republikáni většina ve Sněmovně reprezentantů po volbách do Kongresu 2026",25-GENERAL_QUESTION_YES_NO-a
2026-09-17T17:52:10,2715915721,Ano,3.0,"Republikáni většina v Senátu, Demokraté většina ve Sněmovně reprezentantů po volbách do Kongresu 2026",25-GENERAL_QUESTION_YES_NO-a
2026-09-17T17:52:10,2715915722,Ne,1.0,"Republikáni většina v Senátu, Demokraté většina ve Sněmovně reprezentantů po volbách do Kongresu 2026",25-GENERAL_QUESTION_YES_NO-a
2026-09-17T17:52:10,2715915723,Ne,1.0,"Republikáni většina v Senátu, Republikáni většina ve Sněmovně reprezentantů po volbách do Kongresu 2026",25-GENERAL_QUESTION_YES_NO-a
2026-09-17T17:52:10,2715915724,Ano,7.0,"Republikáni většina v Senátu, Republikáni většina ve Sněmovně reprezentantů po volbách do Kongresu 2026",25-GENERAL_QUESTION_YES_NO-a
2026-09-17T17:52:10,2715915725,Méně než 218,7.43,Počet mandátů Demokratické strany ve Sněmovně reprezentantů po volbách 2026,25-GENERAL_QUESTION_TOTAL-a
2026-09-17T17:52:10,2715915726,218 a více,1.05,Počet mandátů Demokratické strany ve Sněmovně reprezentantů po volbách 2026,25-GENERAL_QUESTION_TOTAL-a
2026-09-17T10:42:18,2715827206,Méně než 50,1.53,Počet mandátů Republikánské strany v Senátu po volbách 2026,25-GENERAL_QUESTION_TOTAL-a
2026-09-17T10:42:18,2715827207,50 a více,2.31,Počet mandátů Republikánské strany v Senátu po volbách 2026,25-GENERAL_QUESTION_TOTAL-a
2026-09-17T10:42:18,2715915717,Ano,1.55,"Demokraté většina v Senátu, Demokraté většina ve Sněmovně reprezentantů po volbách do Kongresu 2026",25-GENERAL_QUESTION_YES_NO-a
2026-09-17T10:42:18,2715915718,Ne,1.0,"Demokraté většina v Senátu, Demokraté většina ve Sněmovně reprezentantů po volbách do Kongresu 2026",25-GENERAL_QUESTION_YES_NO-a
2026-09-17T10:42:18,2715915719,Ano,77.0,"Demokraté většina v Senátu, Republikáni většina ve Sněmovně reprezentantů po volbách do Kongresu 2026",25-GENERAL_QUESTION_YES_NO-a
2026-09-17T10:42:18,2715915720,Ne,1.0,"Demokraté většina v Senátu, Republikáni většina ve Sněmovně reprezentantů po volbách do Kongresu 2026",25-GENERAL_QUESTION_YES_NO-a
2026-09-17T10:42:18,2715915721,Ano,3.0,"Republikáni většina v Senátu, Demokraté většina ve Sněmovně reprezentantů po volbách do Kongresu 2026",25-GENERAL_QUESTION_YES_NO-a
2026-09-17T10:42:18,2715915722,Ne,1.0,"Republikáni většina v Senátu, Demokraté většina ve Sněmovně reprezentantů po volbách do Kongresu 2026",25-GENERAL_QUESTION_YES_NO-a
2026-09-17T10:42:18,2715915723,Ne,1.0,"Republikáni většina v Senátu, Republikáni většina ve Sněmovně reprezentantů po volbách do Kongresu 2026",25-GENERAL_QUESTION_YES_NO-a
2026-09-17T10:42:18,2715915724,Ano,6.8,"Republikáni většina v Senátu, Republikáni většina ve Sněmovně reprezentantů po volbách do Kongresu 2026",25-GENERAL_QUESTION_YES_NO-a
2026-09-17T10:42:18,2715915725,Méně než 218,6.97,Počet mandátů Demokratické strany ve Sněmovně reprezentantů po volbách 2026,25-GENERAL_QUESTION_TOTAL-a
2026-09-17T10:42:18,2715915726,218 a více,1.06,Počet mandátů Demokratické strany ve Sněmovně reprezentantů po volbách 2026,25-GENERAL_QUESTION_TOTAL-a
2026-09-16T23:59:08,2715827204,Ne,6.21,Demokratická strana bude mít většinu mandátů ve Sněmovně reprezentantů po volbách 2026,25-GENERAL_QUESTION_YES_NO-a
2026-09-16T23:59:08,2715827205,Ano,1.08,Demokratická strana bude mít většinu mandátů ve Sněmovně reprezentantů po volbách 2026,25-GENERAL_QUESTION_YES_NO-a
2026-09-16T23:59:08,2715827206,Méně než 50,1.6,Počet mandátů Republikánské strany v Senátu po volbách 2026,25-GENERAL_QUESTION_TOTAL-a
2026-09-16T23:59:08,2715827207,50 a více,2.16,Počet mandátů Republikánské strany v Senátu po volbách 2026,25-GENERAL_QUESTION_TOTAL-a
2026-09-16T23:59:08,2715915717,Ano,1.62,"Demokraté většina v Senátu, Demokraté většina ve Sněmovně reprezentantů po volbách do Kongresu 2026",25-GENERAL_QUESTION_YES_NO-a
2026-09-16T23:59:08,2715915718,Ne,1.0,"Demokraté většina v Senátu, Demokraté většina ve Sněmovně reprezentantů po volbách do Kongresu 2026",25-GENERAL_QUESTION_YES_NO-a
2026-09-16T23:59:08,2715915719,Ano,66.0,"Demokraté většina v Senátu, Republikáni většina ve Sněmovně reprezentantů po volbách do Kongresu 2026",25-GENERAL_QUESTION_YES_NO-a
2026-09-16T23:59:08,2715915720,Ne,1.0,"Demokraté většina v Senátu, Republikáni většina ve Sněmovně reprezentantů po volbách do Kongresu 2026",25-GENERAL_QUESTION_YES_NO-a
2026-09-16T23:59:08,2715915721,Ano,2.9,"Republikáni většina v Senátu, Demokraté většina ve Sněmovně reprezentantů po volbách do Kongresu 2026",25-GENERAL_QUESTION_YES_NO-a
2026-09-16T23:59:08,2715915722,Ne,1.0,"Republikáni většina v Senátu, Demokraté většina ve Sněmovně reprezentantů po volbách do Kongresu 2026",25-GENERAL_QUESTION_YES_NO-a
2026-09-16T23:59:08,2715915723,Ne,1.0,"Republikáni většina v Senátu, Republikáni většina ve Sněmovně reprezentantů po volbách do Kongresu 2026",25-GENERAL_QUESTION_YES_NO-a
2026-09-16T23:59:08,2715915724,Ano,6.5,"Republikáni většina v Senátu, Republikáni většina ve Sněmovně reprezentantů po volbách do Kongresu 2026",25-GENERAL_QUESTION_YES_NO-a
2026-09-16T23:59:08,2715915725,Méně než 218,6.56,Počet mandátů Demokratické strany ve Sněmovně reprezentantů po volbách 2026,25-GENERAL_QUESTION_TOTAL-a
2026-09-16T23:59:08,2715915726,218 a více,1.07,Počet mandátů Demokratické strany ve Sněmovně reprezentantů po volbách 2026,25-GENERAL_QUESTION_TOTAL-a
2026-09-16T17:52:47,2715827204,Ne,6.21,Demokratická strana bude mít většinu mandátů ve Sněmovně reprezentantů po volbách 2026,25-GENERAL_QUESTION_YES_NO-a
2026-09-16T17:52:47,2715827205,Ano,1.08,Demokratická strana bude mít většinu mandátů ve Sněmovně reprezentantů po volbách 2026,25-GENERAL_QUESTION_YES_NO-a
2026-09-16T17:52:47,2715827206,Méně než 50,1.6,Počet mandátů Republikánské strany v Senátu po volbách 2026,25-GENERAL_QUESTION_TOTAL-a
2026-09-16T17:52:47,2715827207,50 a více,2.16,Počet mandátů Republikánské strany v Senátu po volbách 2026,25-GENERAL_QUESTION_TOTAL-a
2026-09-16T17:52:47,2715915717,Ano,1.62,"Demokraté většina v Senátu, Demokraté většina ve Sněmovně reprezentantů po volbách do Kongresu 2026",25-GENERAL_QUESTION_YES_NO-a
2026-09-16T17:52:47,2715915718,Ne,1.0,"Demokraté většina v Senátu, Demokraté většina ve Sněmovně reprezentantů po volbách do Kongresu 2026",25-GENERAL_QUESTION_YES_NO-a
2026-09-16T17:52:47,2715915719,Ano,66.0,"Demokraté většina v Senátu, Republikáni většina ve Sněmovně reprezentantů po volbách do Kongresu 2026",25-GENERAL_QUESTION_YES_NO-a
2026-09-16T17:52:47,2715915720,Ne,1.0,"Demokraté většina v Senátu, Republikáni většina ve Sněmovně reprezentantů po volbách do Kongresu 2026",25-GENERAL_QUESTION_YES_NO-a
2026-09-16T17:52:47,2715915721,Ano,2.9,"Republikáni většina v Senátu, Demokraté většina ve Sněmovně reprezentantů po volbách do Kongresu 2026",25-GENERAL_QUESTION_YES_NO-a
2026-09-16T17:52:47,2715915722,Ne,1.0,"Republikáni většina v Senátu, Demokraté většina ve Sněmovně reprezentantů po volbách do Kongresu 2026",25-GENERAL_QUESTION_YES_NO-a
2026-09-16T17:52:47,2715915723,Ne,1.0,"Republikáni většina v Senátu, Republikáni většina ve Sněmovně reprezentantů po volbách do Kongresu 2026",25-GENERAL_QUESTION_YES_NO-a
2026-09-16T17:52:47,2715915724,Ano,6.5,"Republikáni většina v Senátu, Republikáni většina ve Sněmovně reprezentantů po volbách do Kongresu 2026",25-GENERAL_QUESTION_YES_NO-a
2026-09-16T17:52:47,2715915725,Méně než 218,6.56,Počet mandátů Demokratické strany ve Sněmovně reprezentantů po volbách 2026,25-GENERAL_QUESTION_TOTAL-a
2026-09-16T17:52:47,2715915726,218 a více,1.07,Počet mandátů Demokratické strany ve Sněmovně reprezentantů po volbách 2026,25-GENERAL_QUESTION_TOTAL-a
2026-09-15T23:51:19,2715827206,Méně než 50,1.8,Počet mandátů Republikánské strany v Senátu po volbách 2026,25-GENERAL_QUESTION_TOTAL-a
2026-09-15T23:51:19,2715827207,50 a více,1.88,Počet mandátů Republikánské strany v Senátu po volbách 2026,25-GENERAL_QUESTION_TOTAL-a
2026-09-15T23:51:19,2715915717,Ano,1.8,"Demokraté většina v Senátu, Demokraté většina ve Sněmovně reprezentantů po volbách do Kongresu 2026",25-GENERAL_QUESTION_YES_NO-a
2026-09-15T23:51:19,2715915718,Ne,1.0,"Demokraté většina v Senátu, Demokraté většina ve Sněmovně reprezentantů po volbách do Kongresu 2026",25-GENERAL_QUESTION_YES_NO-a
2026-09-15T23:51:19,2715915719,Ano,55.0,"Demokraté většina v Senátu, Republikáni většina ve Sněmovně reprezentantů po volbách do Kongresu 2026",25-GENERAL_QUESTION_YES_NO-a
2026-09-15T23:51:19,2715915720,Ne,1.0,"Demokraté většina v Senátu, Republikáni většina ve Sněmovně reprezentantů po volbách do Kongresu 2026",25-GENERAL_QUESTION_YES_NO-a
2026-09-15T23:51:19,2715915721,Ano,2.8,"Republikáni většina v Senátu, Demokraté většina ve Sněmovně reprezentantů po volbách do Kongresu 2026",25-GENERAL_QUESTION_YES_NO-a
2026-09-15T23:51:19,2715915722,Ne,1.0,"Republikáni většina v Senátu, Demokraté většina ve Sněmovně reprezentantů po volbách do Kongresu 2026",25-GENERAL_QUESTION_YES_NO-a
2026-09-15T23:51:19,2715915723,Ne,1.0,"Republikáni většina v Senátu, Republikáni většina ve Sněmovně reprezentantů po volbách do Kongresu 2026",25-GENERAL_QUESTION_YES_NO-a
2026-09-15T23:51:19,2715915724,Ano,5.8,"Republikáni většina v Senátu, Republikáni většina ve Sněmovně reprezentantů po volbách do Kongresu 2026",25-GENERAL_QUESTION_YES_NO-a
2026-09-15T23:51:19,2715915725,Méně než 218,6.21,Počet mandátů Demokratické strany ve Sněmovně reprezentantů po volbách 2026,25-GENERAL_QUESTION_TOTAL-a
2026-09-15T23:51:19,2715915726,218 a více,1.08,Počet mandátů Demokratické strany ve Sněmovně reprezentantů po volbách 2026,25-GENERAL_QUESTION_TOTAL-a
2026-09-15T17:50:17,2715827206,Méně než 50,1.8,Počet mandátů Republikánské strany v Senátu po volbách 2026,25-GENERAL_QUESTION_TOTAL-a
2026-09-15T17:50:17,2715827207,50 a více,1.88,Počet mandátů Republikánské strany v Senátu po volbách 2026,25-GENERAL_QUESTION_TOTAL-a
2026-09-15T17:50:17,2715915717,Ano,1.8,"Demokraté většina v Senátu, Demokraté většina ve Sněmovně reprezentantů po volbách do Kongresu 2026",25-GENERAL_QUESTION_YES_NO-a
2026-09-15T17:50:17,2715915718,Ne,1.0,"Demokraté většina v Senátu, Demokraté většina ve Sněmovně reprezentantů po volbách do Kongresu 2026",25-GENERAL_QUESTION_YES_NO-a
2026-09-15T17:50:17,2715915719,Ano,55.0,"Demokraté většina v Senátu, Republikáni většina ve Sněmovně reprezentantů po volbách do Kongresu 2026",25-GENERAL_QUESTION_YES_NO-a
2026-09-15T17:50:17,2715915720,Ne,1.0,"Demokraté většina v Senátu, Republikáni většina ve Sněmovně reprezentantů po volbách do Kongresu 2026",25-GENERAL_QUESTION_YES_NO-a
2026-09-15T17:50:17,2715915721,Ano,2.8,"Republikáni většina v Senátu, Demokraté většina ve Sněmovně reprezentantů po volbách do Kongresu 2026",25-GENERAL_QUESTION_YES_NO-a
2026-09-15T17:50:17,2715915722,Ne,1.0,"Republikáni většina v Senátu, Demokraté většina ve Sněmovně reprezentantů po volbách do Kongresu 2026",25-GENERAL_QUESTION_YES_NO-a
2026-09-15T17:50:17,2715915723,Ne,1.0,"Republikáni většina v Senátu, Republikáni většina ve Sněmovně reprezentantů po volbách do Kongresu 2026",25-GENERAL_QUESTION_YES_NO-a
2026-09-15T17:50:17,2715915724,Ano,5.8,"Republikáni většina v Senátu, Republikáni většina ve Sněmovně reprezentantů po volbách do Kongresu 2026",25-GENERAL_QUESTION_YES_NO-a
2026-09-15T17:50:17,2715915725,Méně než 218,6.21,Počet mandátů Demokratické strany ve Sněmovně reprezentantů po volbách 2026,25-GENERAL_QUESTION_TOTAL-a
2026-09-15T17:50:17,2715915726,218 a více,1.08,Počet mandátů Demokratické strany ve Sněmovně reprezentantů po volbách 2026,25-GENERAL_QUESTION_TOTAL-a
